사고번호,사고일시,요일,시군구,사고내용,사망자수,중상자수,경상자수,부상신고자수,사고유형,법규위반,노면상태,기상상태,도로형태,가해운전자 차종,가해운전자 성별,가해운전자 연령,가해운전자 상해정도,피해운전자 차종,피해운전자 성별,피해운전자 연령,피해운전자 상해정도
2021012100100472,2021년 1월 21일 19시,목요일,전라남도 목포시 산정동,경상사고,0,0,1,0,차대차 - 측면충돌,안전운전불이행,젖음/습기,흐림,주차장 - 주차장,승용,남,64세,경상,승용,남,18세,상해없음
2021012100100473,2021년 1월 21일 19시,목요일,전라남도 무안군 삼향읍,경상사고,0,0,1,0,차대차 - 측면충돌,안전운전불이행,젖음/습기,비,교차로 - 교차로부근,승용,남,41세,상해없음,이륜,남,27세,경상
2021012100100515,2021년 1월 21일 20시,목요일,전라남도 목포시 죽교동,경상사고,0,0,1,0,차대사람 - 기타,신호위반,젖음/습기,비,교차로 - 교차로횡단보도내,이륜,남,42세,상해없음,보행자,남,59세,경상
2021012100100516,2021년 1월 21일 20시,목요일,전라남도 여수시 신기동,중상사고,0,1,0,0,차대차 - 기타,안전거리미확보,젖음/습기,비,단일로 - 기타,승용,여,47세,상해없음,이륜,남,46세,중상
2021012100100517,2021년 1월 21일 20시,목요일,전라남도 순천시 서면,경상사고,0,0,1,0,차대사람 - 기타,안전운전불이행,건조,맑음,단일로 - 기타,승용,여,25세,상해없음,보행자,남,73세,경상
2021012100100518,2021년 1월 21일 20시,목요일,전라남도 나주시 대호동,경상사고,0,0,1,0,차대차 - 후진중충돌,안전운전불이행,젖음/습기,비,단일로 - 기타,승용,남,21세,상해없음,승용,남,40세,경상
2021012100100559,2021년 1월 21일 21시,목요일,전라남도 목포시 상동,경상사고,0,0,2,0,차대차 - 측면충돌,안전운전불이행,건조,맑음,단일로 - 기타,승용,남,27세,경상,승용,남,63세,경상
2021012200100099,2021년 1월 22일 09시,금요일,전라남도 영암군 신북면,경상사고,0,0,1,0,차대사람 - 횡단중,안전운전불이행,건조,맑음,교차로 - 교차로부근,화물,남,53세,상해없음,보행자,여,79세,경상
2021012200100119,2021년 1월 22일 10시,금요일,전라남도 목포시 상동,경상사고,0,0,1,0,차대차 - 추돌,안전거리미확보,건조,맑음,단일로 - 지하차도(도로)내,승용,여,41세,경상,화물,남,49세,상해없음
2021012200100141,2021년 1월 22일 11시,금요일,전라남도 목포시 상동,경상사고,0,0,1,0,차대사람 - 기타,보행자보호의무위반,건조,맑음,단일로 - 기타,승용,여,70세,상해없음,보행자,여,67세,경상
2021012200100142,2021년 1월 22일 11시,금요일,전라남도 강진군 강진읍,경상사고,0,0,1,0,차대차 - 기타,안전운전불이행,젖음/습기,비,단일로 - 지하차도(도로)내,승용,남,44세,상해없음,사륜오토바이(ATV),남,79세,경상
2021012200100164,2021년 1월 22일 12시,금요일,전라남도 순천시 중앙동,부상신고사고,0,0,0,1,차대차 - 기타,안전운전불이행,건조,맑음,단일로 - 기타,승용,여,57세,상해없음,화물,남,45세,상해없음
2021012200100190,2021년 1월 22일 13시,금요일,전라남도 고흥군 도화면,경상사고,0,0,2,0,차대차 - 추돌,안전거리미확보,건조,맑음,단일로 - 기타,승용,남,70세,경상,승용,여,53세,경상
2021012200100222,2021년 1월 22일 14시,금요일,전라남도 순천시 별량면,중상사고,0,1,1,0,차대차 - 측면충돌,직진우회전진행방해,건조,맑음,교차로 - 교차로부근,승용,여,57세,상해없음,승합,남,59세,중상
2021012200100223,2021년 1월 22일 14시,금요일,전라남도 순천시 조례동,경상사고,0,0,1,0,차대차 - 측면충돌,교차로운행방법위반,건조,맑음,교차로 - 교차로안,승용,남,51세,상해없음,승합,남,44세,경상
2021012200100247,2021년 1월 22일 15시,금요일,전라남도 화순군 동복면,경상사고,0,0,1,0,차대차 - 측면충돌,안전운전불이행,건조,맑음,단일로 - 기타,승용,남,18세,상해없음,화물,남,63세,경상
2021012200100283,2021년 1월 22일 16시,금요일,전라남도 순천시 상사면,경상사고,0,0,1,0,차량단독 - 기타,안전운전불이행,건조,맑음,단일로 - 기타,이륜,남,68세,경상,,,,
2021012200100284,2021년 1월 22일 16시,금요일,전라남도 보성군 보성읍,중상사고,0,1,0,0,차대차 - 측면충돌,신호위반,젖음/습기,흐림,교차로 - 교차로안,승용,남,51세,상해없음,이륜,남,57세,중상
2021012200100329,2021년 1월 22일 17시,금요일,전라남도 광양시 광양읍,경상사고,0,0,1,0,차대차 - 추돌,직진우회전진행방해,건조,흐림,교차로 - 교차로안,승용,남,48세,기타불명,승용,여,25세,경상
2021012200100397,2021년 1월 22일 18시,금요일,전라남도 목포시 산정동,경상사고,0,0,1,0,차대차 - 기타,신호위반,건조,맑음,교차로 - 교차로횡단보도내,이륜,남,61세,상해없음,자전거,남,53세,경상
2021012200100398,2021년 1월 22일 18시,금요일,전라남도 여수시 신기동,경상사고,0,0,2,0,차대차 - 추돌,안전거리미확보,젖음/습기,비,단일로 - 기타,승용,남,48세,상해없음,승용,남,66세,경상
2021012200100467,2021년 1월 22일 19시,금요일,전라남도 목포시 옥암동,경상사고,0,0,3,0,차대차 - 측면충돌,안전운전불이행,젖음/습기,비,교차로 - 교차로부근,승용,여,43세,경상,이륜,남,44세,경상
2021012200100546,2021년 1월 22일 21시,금요일,전라남도 여수시 신기동,중상사고,0,1,0,0,차대사람 - 횡단중,신호위반,건조,맑음,교차로 - 교차로횡단보도내,승용,여,33세,상해없음,보행자,남,57세,중상
2021012200100580,2021년 1월 22일 22시,금요일,전라남도 여수시 신기동,경상사고,0,0,1,0,차대차 - 측면충돌,신호위반,건조,맑음,교차로 - 교차로안,승용,남,25세,상해없음,승용,남,60세,경상
2021012200100581,2021년 1월 22일 22시,금요일,전라남도 순천시 조례동,중상사고,0,1,2,0,차대차 - 기타,신호위반,건조,맑음,교차로 - 교차로안,승용,남,39세,상해없음,승용,남,21세,경상
2021012300100022,2021년 1월 23일 02시,토요일,전라남도 목포시 옥암동,경상사고,0,0,1,0,차대차 - 기타,안전운전불이행,건조,맑음,교차로 - 교차로안,기타불명,기타불명,미분류,기타불명,이륜,남,16세,경상
2021012300100043,2021년 1월 23일 07시,토요일,전라남도 무안군 현경면,사망사고,1,0,0,0,차대차 - 측면충돌,신호위반,젖음/습기,비,교차로 - 교차로안,건설기계,남,44세,상해없음,이륜,남,88세,사망
2021012300100044,2021년 1월 23일 07시,토요일,전라남도 광양시 마동,경상사고,0,0,1,0,차대차 - 추돌,신호위반,건조,기타,교차로 - 교차로안,승용,남,28세,상해없음,승용,남,51세,경상
2021012300100045,2021년 1월 23일 07시,토요일,전라남도 구례군 구례읍,경상사고,0,0,1,0,차대차 - 기타,교차로운행방법위반,건조,맑음,교차로 - 교차로안,화물,남,47세,상해없음,자전거,여,70세,경상
2021012300100054,2021년 1월 23일 08시,토요일,전라남도 여수시 여서동,중상사고,0,1,1,0,차대차 - 측면충돌,안전운전불이행,건조,맑음,교차로 - 교차로안,승용,여,43세,경상,승용,여,55세,중상
2021012300100084,2021년 1월 23일 10시,토요일,전라남도 목포시 용해동,경상사고,0,0,6,0,차대차 - 측면충돌,교차로운행방법위반,젖음/습기,비,교차로 - 교차로안,승용,남,65세,경상,승용,남,73세,경상
2021012300100085,2021년 1월 23일 10시,토요일,전라남도 순천시 조례동,경상사고,0,0,1,0,차대차 - 추돌,안전거리미확보,젖음/습기,비,교차로 - 교차로안,화물,남,46세,상해없음,승용,여,34세,경상
2021012300100153,2021년 1월 23일 12시,토요일,전라남도 나주시 동수동,중상사고,0,1,0,0,차량단독 - 공작물충돌,안전운전불이행,젖음/습기,비,교차로 - 교차로부근,승용,남,55세,중상,,,,
2021012300100154,2021년 1월 23일 12시,토요일,전라남도 해남군 해남읍,중상사고,0,1,0,0,차대차 - 측면충돌,안전운전불이행,건조,맑음,교차로 - 교차로안,승용,남,56세,상해없음,이륜,남,17세,중상
2021012300100182,2021년 1월 23일 13시,토요일,전라남도 순천시 조례동,경상사고,0,0,1,0,차대차 - 측면충돌,안전운전불이행,건조,흐림,교차로 - 교차로안,승용,여,46세,상해없음,이륜,남,53세,경상
2021012300100183,2021년 1월 23일 13시,토요일,전라남도 화순군 능주면,경상사고,0,0,1,0,차대차 - 측면충돌,안전운전불이행,젖음/습기,비,단일로 - 기타,화물,남,60세,상해없음,승용,여,50세,경상
2021012300100217,2021년 1월 23일 14시,토요일,전라남도 여수시 오림동,경상사고,0,0,1,0,차대차 - 측면충돌,신호위반,건조,맑음,교차로 - 교차로안,승용,남,47세,상해없음,승용,여,58세,경상
2021012300100218,2021년 1월 23일 14시,토요일,전라남도 구례군 토지면,경상사고,0,0,1,0,차량단독 - 기타,안전운전불이행,건조,맑음,단일로 - 기타,이륜,남,17세,경상,,,,
2021012300100250,2021년 1월 23일 15시,토요일,전라남도 목포시 죽교동,중상사고,0,1,0,0,차량단독 - 기타,안전운전불이행,젖음/습기,비,교차로 - 교차로안,이륜,남,70세,중상,,,,
2021012300100251,2021년 1월 23일 15시,토요일,전라남도 담양군 봉산면,경상사고,0,0,2,0,차대차 - 추돌,기타,젖음/습기,비,단일로 - 기타,승용,남,30세,상해없음,승용,남,54세,경상
2021012300100252,2021년 1월 23일 15시,토요일,전라남도 구례군 구례읍,경상사고,0,0,1,0,차대차 - 측면충돌,직진우회전진행방해,건조,맑음,교차로 - 교차로안,이륜,남,65세,경상,승용,남,32세,상해없음
2021012300100285,2021년 1월 23일 16시,토요일,전라남도 여수시 문수동,경상사고,0,0,1,0,차대차 - 추돌,교차로운행방법위반,건조,맑음,교차로 - 교차로안,이륜,남,34세,경상,화물,남,47세,상해없음
2021012300100286,2021년 1월 23일 16시,토요일,전라남도 나주시 금천면,경상사고,0,0,1,0,차대차 - 측면충돌,안전운전불이행,젖음/습기,비,단일로 - 기타,승용,남,23세,상해없음,승용,여,44세,경상
2021012300100312,2021년 1월 23일 17시,토요일,전라남도 여수시 문수동,경상사고,0,0,1,0,차대차 - 측면충돌,차로위반,건조,흐림,교차로 - 교차로부근,승용,여,61세,상해없음,승용,남,36세,경상
2021012300100313,2021년 1월 23일 17시,토요일,전라남도 나주시 남평읍,경상사고,0,0,2,0,차대차 - 추돌,안전운전불이행,젖음/습기,비,교차로 - 교차로부근,승용,남,59세,상해없음,승용,여,44세,경상
2021012300100354,2021년 1월 23일 18시,토요일,전라남도 목포시 상동,경상사고,0,0,1,0,차대차 - 정면충돌,중앙선침범,젖음/습기,비,교차로 - 교차로부근,승용,남,38세,상해없음,승용,남,43세,경상
2021012300100355,2021년 1월 23일 18시,토요일,전라남도 목포시 용해동,경상사고,0,0,1,0,차대차 - 측면충돌,안전운전불이행,젖음/습기,비,교차로 - 교차로부근,승용,남,71세,상해없음,승용,여,57세,경상
2021012300100356,2021년 1월 23일 18시,토요일,전라남도 순천시 덕암동,경상사고,0,0,3,0,차대차 - 추돌,안전운전불이행,건조,맑음,단일로 - 기타,승용,남,37세,상해없음,승용,남,68세,경상
2021012300100357,2021년 1월 23일 18시,토요일,전라남도 장흥군 용산면,경상사고,0,0,1,0,차대차 - 정면충돌,중앙선침범,젖음/습기,비,단일로 - 기타,화물,남,53세,상해없음,승용,남,62세,경상
2021012300100358,2021년 1월 23일 18시,토요일,전라남도 무안군 삼향읍,경상사고,0,0,2,0,차대차 - 기타,안전운전불이행,건조,기타,기타 - 기타,승합,남,64세,상해없음,승용,여,42세,경상
2021012300100421,2021년 1월 23일 20시,토요일,전라남도 순천시 황전면,경상사고,0,0,1,0,차대차 - 추돌,안전운전불이행,건조,흐림,단일로 - 기타,승용,남,56세,상해없음,승용,남,43세,경상
2021012300100453,2021년 1월 23일 21시,토요일,전라남도 진도군 진도읍,경상사고,0,0,1,0,차대차 - 측면충돌,중앙선침범,젖음/습기,비,단일로 - 기타,승용,남,60세,상해없음,승용,여,58세,경상
2021012300100482,2021년 1월 23일 22시,토요일,전라남도 목포시 용당동,경상사고,0,0,1,0,차대차 - 기타,안전운전불이행,젖음/습기,비,단일로 - 기타,승용,남,60세,상해없음,승용,여,53세,경상
2021012400100026,2021년 1월 24일 06시,일요일,전라남도 순천시 낙안면,경상사고,0,0,1,0,차대사람 - 횡단중,안전운전불이행,건조,맑음,교차로 - 교차로안,화물,남,35세,상해없음,보행자,여,78세,경상
2021012400100027,2021년 1월 24일 06시,일요일,전라남도 화순군 도곡면,사망사고,1,0,0,0,차대사람 - 차도통행중,기타,젖음/습기,안개,단일로 - 기타,승용,남,38세,상해없음,보행자,남,89세,사망
2021012400100041,2021년 1월 24일 08시,일요일,전라남도 순천시 중앙동,중상사고,0,1,0,0,차대사람 - 차도통행중,안전운전불이행,건조,맑음,교차로 - 교차로부근,승용,여,58세,상해없음,보행자,여,85세,중상
2021012400100054,2021년 1월 24일 09시,일요일,전라남도 해남군 문내면,경상사고,0,0,1,0,차대차 - 측면충돌,안전운전불이행,건조,맑음,단일로 - 기타,승용,남,56세,상해없음,승용,남,40세,경상
2021012400100055,2021년 1월 24일 09시,일요일,전라남도 담양군 담양읍,경상사고,0,0,1,0,차대차 - 측면충돌,신호위반,건조,맑음,교차로 - 교차로안,승용,남,50세,상해없음,승용,여,46세,경상
2021012400100079,2021년 1월 24일 11시,일요일,전라남도 여수시 신기동,경상사고,0,0,1,0,차대사람 - 기타,안전운전불이행,건조,맑음,단일로 - 기타,승용,여,57세,상해없음,보행자,남,52세,경상
2021012400100151,2021년 1월 24일 14시,일요일,전라남도 강진군 도암면,중상사고,0,2,0,0,차량단독 - 공작물충돌,안전운전불이행,건조,맑음,단일로 - 기타,화물,여,45세,중상,,,,
2021012400100152,2021년 1월 24일 14시,일요일,전라남도 무안군 삼향읍,중상사고,0,1,0,0,차대차 - 측면충돌,안전운전불이행,건조,맑음,교차로 - 교차로안,승용,여,25세,상해없음,이륜,남,40세,중상
2021012400100175,2021년 1월 24일 15시,일요일,전라남도 장흥군 장흥읍,경상사고,0,0,1,0,차대사람 - 횡단중,안전운전불이행,건조,맑음,단일로 - 기타,승용,여,41세,상해없음,보행자,남,6세,경상
2021012400100278,2021년 1월 24일 19시,일요일,전라남도 목포시 죽교동,경상사고,0,0,3,0,차대차 - 기타,안전거리미확보,건조,맑음,교차로 - 교차로부근,승용,남,23세,경상,승용,남,28세,경상
2021012400100305,2021년 1월 24일 20시,일요일,전라남도 목포시 용당동,경상사고,0,0,1,0,차대차 - 기타,직진우회전진행방해,건조,맑음,교차로 - 교차로안,이륜,남,32세,경상,승용,남,57세,상해없음
2021012400100306,2021년 1월 24일 20시,일요일,전라남도 여수시 서교동,경상사고,0,0,1,0,차대차 - 측면충돌,안전운전불이행,건조,맑음,단일로 - 기타,승용,남,47세,상해없음,승용,남,23세,경상
2021012500100052,2021년 1월 25일 07시,월요일,전라남도 강진군 강진읍,중상사고,0,1,1,0,차대차 - 기타,직진우회전진행방해,건조,맑음,교차로 - 교차로안,승용,여,51세,중상,화물,남,39세,경상
2021012500100077,2021년 1월 25일 08시,월요일,전라남도 순천시 연향동,경상사고,0,0,1,0,차대사람 - 기타,안전운전불이행,건조,맑음,기타 - 기타,승용,여,38세,상해없음,보행자,여,29세,경상
2021012500100078,2021년 1월 25일 08시,월요일,전라남도 고흥군 동강면,사망사고,1,0,0,0,차량단독 - 공작물충돌,안전운전불이행,건조,맑음,단일로 - 기타,농기계,남,71세,사망,,,,
2021012500100107,2021년 1월 25일 09시,월요일,전라남도 목포시 용당동,경상사고,0,0,2,0,차대차 - 측면충돌,안전거리미확보,건조,맑음,단일로 - 기타,이륜,남,85세,경상,승용,남,40세,경상
2021012500100174,2021년 1월 25일 11시,월요일,전라남도 순천시 조례동,경상사고,0,0,2,0,차대차 - 기타,안전거리미확보,건조,맑음,단일로 - 기타,승용,남,50세,상해없음,승용,남,32세,경상
2021012500100175,2021년 1월 25일 11시,월요일,전라남도 고흥군 포두면,경상사고,0,0,1,0,차량단독 - 도로외이탈 - 추락,안전운전불이행,건조,맑음,단일로 - 기타,화물,남,79세,경상,,,,
2021012500100204,2021년 1월 25일 12시,월요일,전라남도 완도군 고금면,경상사고,0,0,3,0,차대차 - 측면충돌,안전운전불이행,건조,맑음,단일로 - 기타,승용,남,77세,상해없음,승용,여,42세,경상
2021012500100205,2021년 1월 25일 12시,월요일,전라남도 광양시 광양읍,경상사고,0,0,1,0,차대차 - 추돌,안전거리미확보,건조,맑음,교차로 - 교차로안,승용,여,39세,상해없음,승용,남,58세,경상
2021012500100235,2021년 1월 25일 13시,월요일,전라남도 목포시 상동,경상사고,0,0,1,0,차대차 - 측면충돌,안전거리미확보,건조,맑음,단일로 - 기타,화물,남,53세,상해없음,승용,여,60세,경상
2021012500100236,2021년 1월 25일 13시,월요일,전라남도 나주시 산포면,중상사고,0,1,0,0,차대차 - 측면충돌,안전운전불이행,건조,맑음,교차로 - 교차로안,이륜,남,70세,중상,승용,남,74세,상해없음
2021012500100237,2021년 1월 25일 13시,월요일,전라남도 보성군 미력면,경상사고,0,0,2,0,차대차 - 추돌,안전거리미확보,건조,맑음,단일로 - 기타,승용,여,27세,상해없음,화물,남,64세,상해없음
2021012500100277,2021년 1월 25일 14시,월요일,전라남도 목포시 용당동,경상사고,0,0,1,0,차대차 - 후진중충돌,안전운전불이행,건조,맑음,기타 - 기타,승용,여,41세,상해없음,승용,남,51세,경상
2021012500100278,2021년 1월 25일 14시,월요일,전라남도 영광군 군서면,경상사고,0,0,2,0,차대차 - 추돌,안전거리미확보,건조,맑음,단일로 - 기타,승용,여,46세,경상,승용,여,53세,경상
2021012500100315,2021년 1월 25일 15시,월요일,전라남도 목포시 용해동,경상사고,0,0,3,0,차대차 - 기타,안전운전불이행,건조,맑음,기타 - 기타,승용,남,30세,경상,승용,남,62세,경상
2021012500100346,2021년 1월 25일 16시,월요일,전라남도 여수시 문수동,경상사고,0,0,5,0,차대차 - 후진중충돌,안전운전불이행,건조,맑음,교차로 - 교차로부근,승용,남,41세,상해없음,승용,남,53세,경상
2021012500100347,2021년 1월 25일 16시,월요일,전라남도 광양시 마동,경상사고,0,0,1,0,차대차 - 측면충돌,안전운전불이행,건조,맑음,교차로 - 교차로부근,승합,여,39세,상해없음,승용,남,33세,경상
2021012500100390,2021년 1월 25일 17시,월요일,전라남도 목포시 산정동,중상사고,0,1,1,0,차대차 - 측면충돌,안전거리미확보,건조,맑음,단일로 - 기타,이륜,남,80세,중상,승용,남,57세,상해없음
2021012500100391,2021년 1월 25일 17시,월요일,전라남도 순천시 영동,경상사고,0,0,1,0,차대차 - 기타,안전운전불이행,건조,맑음,교차로 - 교차로부근,승용,남,85세,상해없음,승용,여,58세,경상
2021012500100392,2021년 1월 25일 17시,월요일,전라남도 담양군 월산면,경상사고,0,0,1,0,차량단독 - 기타,안전운전불이행,건조,맑음,단일로 - 기타,원동기,남,73세,경상,,,,
2021012500100476,2021년 1월 25일 19시,월요일,전라남도 순천시 조례동,경상사고,0,0,1,0,차대차 - 기타,안전운전불이행,건조,맑음,단일로 - 기타,승용,남,29세,상해없음,이륜,남,28세,경상
2021012500100505,2021년 1월 25일 20시,월요일,전라남도 순천시 조례동,경상사고,0,0,1,1,차대차 - 기타,안전거리미확보,건조,맑음,단일로 - 기타,이륜,남,22세,부상신고,승용,남,26세,경상
2021012500100506,2021년 1월 25일 20시,월요일,전라남도 순천시 조례동,중상사고,0,1,0,0,차대차 - 기타,신호위반,건조,맑음,교차로 - 교차로안,승용,남,49세,상해없음,이륜,남,27세,중상
2021012500100507,2021년 1월 25일 20시,월요일,전라남도 순천시 가곡동,부상신고사고,0,0,0,1,차대사람 - 기타,안전운전불이행,건조,맑음,단일로 - 기타,승용,남,69세,상해없음,보행자,남,52세,부상신고
2021012500100542,2021년 1월 25일 21시,월요일,전라남도 진도군 군내면,경상사고,0,0,1,0,차대차 - 정면충돌,중앙선침범,건조,맑음,단일로 - 기타,승용,남,34세,상해없음,승용,남,39세,경상
2021012500100568,2021년 1월 25일 22시,월요일,전라남도 무안군 삼향읍,경상사고,0,0,1,0,차대사람 - 길가장자리구역통행중,안전운전불이행,건조,맑음,단일로 - 기타,승용,남,57세,상해없음,보행자,남,54세,경상
2021012600100008,2021년 1월 26일 00시,화요일,전라남도 목포시 용해동,중상사고,0,1,0,0,차량단독 - 기타,안전운전불이행,건조,흐림,교차로 - 교차로부근,화물,남,32세,중상,,,,
2021012600100012,2021년 1월 26일 01시,화요일,전라남도 고흥군 과역면,경상사고,0,0,1,0,차대차 - 정면충돌,안전운전불이행,젖음/습기,비,교차로 - 교차로안,승용,남,53세,상해없음,이륜,남,45세,경상
2021012600100026,2021년 1월 26일 04시,화요일,전라남도 순천시 매곡동,경상사고,0,0,3,0,차대차 - 측면충돌,안전운전불이행,건조,맑음,교차로 - 교차로안,승용,남,58세,상해없음,승용,남,24세,경상
2021012600100027,2021년 1월 26일 04시,화요일,전라남도 장성군 남면,경상사고,0,0,1,0,차량단독 - 공작물충돌,안전운전불이행,건조,맑음,교차로 - 교차로부근,승용,남,38세,경상,,,,
2021012600100050,2021년 1월 26일 06시,화요일,전라남도 여수시 소라면,경상사고,0,0,2,0,차대차 - 측면충돌,신호위반,젖음/습기,비,교차로 - 교차로안,승용,남,70세,경상,화물,남,27세,경상
2021012600100051,2021년 1월 26일 06시,화요일,전라남도 광양시 중동,중상사고,0,1,0,0,차대차 - 기타,중앙선침범,젖음/습기,비,교차로 - 교차로안,화물,남,61세,상해없음,승용,여,44세,상해없음
2021012600100052,2021년 1월 26일 06시,화요일,전라남도 광양시 금호동,중상사고,0,1,0,0,차대차 - 추돌,안전운전불이행,젖음/습기,비,단일로 - 기타,특수,남,60세,상해없음,승용,남,65세,중상
2021012600100122,2021년 1월 26일 09시,화요일,전라남도 순천시 홍내동,경상사고,0,0,2,0,차대차 - 측면충돌,교차로운행방법위반,건조,맑음,교차로 - 교차로안,화물,남,69세,상해없음,승용,남,52세,경상
2021012600100123,2021년 1월 26일 09시,화요일,전라남도 해남군 황산면,중상사고,0,1,0,0,차량단독 - 기타,안전운전불이행,젖음/습기,비,기타 - 기타,사륜오토바이(ATV),남,80세,중상,,,,
2021012600100146,2021년 1월 26일 10시,화요일,전라남도 목포시 상동,경상사고,0,0,2,0,차대차 - 측면충돌,안전운전불이행,건조,흐림,교차로 - 교차로안,승용,여,28세,경상,승용,남,69세,경상
2021012600100147,2021년 1월 26일 10시,화요일,전라남도 여수시 교동,경상사고,0,0,3,0,차대차 - 측면충돌,차로위반,젖음/습기,비,단일로 - 기타,승용,여,60세,상해없음,승용,여,65세,경상
2021012600100185,2021년 1월 26일 11시,화요일,전라남도 보성군 조성면,경상사고,0,0,1,0,차대차 - 측면충돌,중앙선침범,젖음/습기,비,교차로 - 교차로부근,승용,남,65세,상해없음,승용,남,26세,경상
2021012600100237,2021년 1월 26일 13시,화요일,전라남도 담양군 수북면,중상사고,0,1,1,1,차대차 - 추돌,안전거리미확보,젖음/습기,비,단일로 - 기타,화물,남,84세,부상신고,승용,남,69세,상해없음
2021012600100269,2021년 1월 26일 14시,화요일,전라남도 목포시 옥암동,경상사고,0,0,1,0,차대차 - 후진중충돌,안전운전불이행,건조,맑음,단일로 - 기타,승용,남,67세,상해없음,승용,남,42세,기타불명
2021012600100270,2021년 1월 26일 14시,화요일,전라남도 순천시 장천동,경상사고,0,0,1,0,차대차 - 측면충돌,교차로운행방법위반,건조,맑음,교차로 - 교차로안,승용,남,34세,상해없음,승용,남,29세,상해없음
2021012600100271,2021년 1월 26일 14시,화요일,전라남도 장흥군 회진면,경상사고,0,0,1,0,차대차 - 추돌,안전운전불이행,건조,맑음,기타 - 기타,화물,남,70세,상해없음,승용,여,41세,경상
2021012600100272,2021년 1월 26일 14시,화요일,전라남도 담양군 담양읍,경상사고,0,0,1,0,차대사람 - 기타,안전운전불이행,젖음/습기,비,기타 - 기타,화물,남,43세,상해없음,보행자,남,8세,경상
2021012600100306,2021년 1월 26일 15시,화요일,전라남도 순천시 별량면,경상사고,0,0,1,0,차대차 - 정면충돌,중앙선침범,젖음/습기,흐림,단일로 - 기타,승용,남,25세,상해없음,화물,여,50세,경상
2021012600100331,2021년 1월 26일 16시,화요일,전라남도 목포시 용해동,경상사고,0,0,2,0,차대차 - 추돌,안전운전불이행,건조,맑음,교차로 - 교차로횡단보도내,화물,남,63세,상해없음,승용,남,47세,경상
2021012600100332,2021년 1월 26일 16시,화요일,전라남도 영암군 삼호읍,경상사고,0,0,3,0,차대차 - 측면충돌,교차로운행방법위반,건조,맑음,교차로 - 교차로안,승용,남,45세,경상,승용,남,62세,경상
2021012600100361,2021년 1월 26일 17시,화요일,전라남도 나주시 대호동,경상사고,0,0,1,0,차대사람 - 기타,안전운전불이행,건조,맑음,단일로 - 기타,화물,남,49세,상해없음,보행자,남,17세,경상
2021012600100362,2021년 1월 26일 17시,화요일,전라남도 담양군 무정면,경상사고,0,0,1,0,차대차 - 측면충돌,안전운전불이행,젖음/습기,흐림,교차로 - 교차로안,승용,남,74세,상해없음,승용,남,71세,경상
2021012600100406,2021년 1월 26일 18시,화요일,전라남도 목포시 상동,중상사고,0,1,3,0,차대차 - 기타,신호위반,젖음/습기,비,교차로 - 교차로안,승용,남,40세,경상,승용,남,56세,경상
2021012600100407,2021년 1월 26일 18시,화요일,전라남도 목포시 석현동,경상사고,0,0,2,0,차대차 - 기타,신호위반,젖음/습기,흐림,교차로 - 교차로안,승용,여,35세,경상,승합,남,63세,경상
2021012600100408,2021년 1월 26일 18시,화요일,전라남도 순천시 해룡면,경상사고,0,0,2,0,차대차 - 측면충돌,신호위반,건조,맑음,교차로 - 교차로안,승용,남,32세,상해없음,승용,여,49세,경상
2021012600100463,2021년 1월 26일 19시,화요일,전라남도 목포시 산정동,경상사고,0,0,2,0,차대차 - 측면충돌,안전거리미확보,건조,맑음,단일로 - 기타,승용,남,67세,상해없음,승용,남,61세,경상
2021012600100464,2021년 1월 26일 19시,화요일,전라남도 순천시 석현동,중상사고,0,1,0,0,차대사람 - 횡단중,보행자보호의무위반,건조,맑음,교차로 - 교차로부근,승용,남,64세,상해없음,보행자,남,54세,중상
2021012600100522,2021년 1월 26일 21시,화요일,전라남도 무안군 삼향읍,중상사고,0,1,0,0,차대차 - 측면충돌,안전운전불이행,건조,맑음,교차로 - 교차로안,승용,남,31세,상해없음,자전거,남,47세,중상
2021012700100032,2021년 1월 27일 06시,수요일,전라남도 영암군 삼호읍,사망사고,1,1,1,0,차대차 - 측면충돌,신호위반,건조,기타,교차로 - 교차로부근,이륜,남,45세,중상,승용,남,72세,경상
2021012700100076,2021년 1월 27일 08시,수요일,전라남도 해남군 해남읍,경상사고,0,0,2,0,차대차 - 기타,안전운전불이행,건조,맑음,교차로 - 교차로안,승용,남,60세,경상,화물,남,54세,경상
2021012700100143,2021년 1월 27일 11시,수요일,전라남도 순천시 연향동,경상사고,0,0,1,0,차대차 - 후진중충돌,안전운전불이행,건조,맑음,단일로 - 기타,화물,남,61세,상해없음,승용,여,40세,경상
2021012700100144,2021년 1월 27일 11시,수요일,전라남도 진도군 진도읍,경상사고,0,0,1,0,차대사람 - 길가장자리구역통행중,안전운전불이행,건조,맑음,단일로 - 기타,승용,남,58세,상해없음,보행자,여,56세,경상
2021012700100177,2021년 1월 27일 12시,수요일,전라남도 장성군 장성읍,중상사고,0,1,1,0,차대차 - 측면충돌,직진우회전진행방해,건조,맑음,교차로 - 교차로부근,승용,여,52세,경상,승용,여,32세,중상
2021012700100202,2021년 1월 27일 13시,수요일,전라남도 장흥군 장흥읍,중상사고,0,1,0,0,차대차 - 측면충돌,안전거리미확보,건조,맑음,단일로 - 기타,승용,여,37세,상해없음,기타불명,여,69세,중상