사고번호,사고일시,요일,시군구,사고내용,사망자수,중상자수,경상자수,부상신고자수,사고유형,법규위반,노면상태,기상상태,도로형태,가해운전자 차종,가해운전자 성별,가해운전자 연령,가해운전자 상해정도,피해운전자 차종,피해운전자 성별,피해운전자 연령,피해운전자 상해정도
2021020800100277,2021년 2월 8일 13시,월요일,전라남도 순천시 조례동,경상사고,0,0,1,0,차대차 - 측면충돌,신호위반,건조,맑음,교차로 - 교차로안,승용,여,64세,상해없음,이륜,남,20세,경상
2021020800100322,2021년 2월 8일 14시,월요일,전라남도 여수시 율촌면,경상사고,0,0,1,0,차대차 - 측면충돌,기타,건조,맑음,교차로 - 교차로안,화물,남,65세,상해없음,승용,여,56세,경상
2021020800100323,2021년 2월 8일 14시,월요일,전라남도 구례군 구례읍,경상사고,0,0,1,0,차대차 - 기타,안전운전불이행,건조,맑음,단일로 - 기타,화물,남,71세,상해없음,승용,여,65세,경상
2021020800100348,2021년 2월 8일 15시,월요일,전라남도 목포시 상동,부상신고사고,0,0,0,1,차대사람 - 길가장자리구역통행중,안전운전불이행,건조,맑음,단일로 - 기타,화물,남,53세,상해없음,보행자,여,57세,부상신고
2021020800100350,2021년 2월 8일 15시,월요일,전라남도 순천시 조곡동,중상사고,0,1,0,0,차대차 - 측면충돌,직진우회전진행방해,건조,맑음,교차로 - 교차로안,승용,여,43세,상해없음,원동기,남,68세,중상
2021020800100351,2021년 2월 8일 15시,월요일,전라남도 순천시 동외동,경상사고,0,0,1,0,차대차 - 측면충돌,신호위반,건조,맑음,교차로 - 교차로안,승용,남,68세,상해없음,화물,남,65세,경상
2021020800100394,2021년 2월 8일 16시,월요일,전라남도 목포시 상동,중상사고,0,1,0,0,차량단독 - 전도전복 - 전도,안전운전불이행,건조,맑음,단일로 - 기타,이륜,남,19세,상해없음,,,,
2021020800100395,2021년 2월 8일 16시,월요일,전라남도 여수시 선원동,경상사고,0,0,1,0,차대차 - 추돌,안전운전불이행,건조,맑음,단일로 - 기타,승용,남,23세,상해없음,이륜,남,60세,경상
2021020800100396,2021년 2월 8일 16시,월요일,전라남도 영암군 삼호읍,경상사고,0,0,2,0,차대차 - 기타,중앙선침범,건조,맑음,교차로 - 교차로부근,승용,남,40세,상해없음,화물,남,69세,경상
2021020800100440,2021년 2월 8일 17시,월요일,전라남도 신안군 압해읍,중상사고,0,1,2,0,차대차 - 추돌,교차로운행방법위반,건조,맑음,교차로 - 교차로안,승용,여,52세,경상,화물,남,49세,중상
2021020800100441,2021년 2월 8일 17시,월요일,전라남도 순천시 해룡면,중상사고,0,1,0,0,차대사람 - 횡단중,안전운전불이행,건조,맑음,단일로 - 기타,승용,남,45세,상해없음,보행자,여,20세,중상
2021020800100442,2021년 2월 8일 17시,월요일,전라남도 순천시 왕지동,경상사고,0,0,1,0,차대차 - 측면충돌,교차로운행방법위반,건조,맑음,교차로 - 교차로안,승용,남,57세,상해없음,승용,남,63세,상해없음
2021020800100443,2021년 2월 8일 17시,월요일,전라남도 무안군 청계면,경상사고,0,0,2,0,차대차 - 기타,안전운전불이행,건조,맑음,교차로 - 교차로부근,화물,남,58세,상해없음,승용,여,42세,경상
2021020800100489,2021년 2월 8일 18시,월요일,전라남도 순천시 장천동,경상사고,0,0,1,0,차대차 - 측면충돌,중앙선침범,건조,맑음,교차로 - 교차로부근,이륜,남,23세,경상,승용,남,48세,상해없음
2021020800100566,2021년 2월 8일 20시,월요일,전라남도 영암군 신북면,경상사고,0,0,4,0,차대차 - 측면충돌,안전운전불이행,건조,기타,교차로 - 교차로부근,승용,여,43세,경상,승용,남,30세,경상
2021020800100637,2021년 2월 8일 22시,월요일,전라남도 목포시 상동,경상사고,0,0,1,0,차대차 - 기타,안전운전불이행,건조,맑음,단일로 - 기타,승용,남,64세,상해없음,승용,여,29세,상해없음
2021020800100638,2021년 2월 8일 22시,월요일,전라남도 여수시 화치동,중상사고,0,4,1,0,차대차 - 기타,안전운전불이행,건조,맑음,단일로 - 기타,승합,남,50세,중상,특수,남,57세,기타불명
2021020900100082,2021년 2월 9일 08시,화요일,전라남도 나주시 동수동,중상사고,0,2,3,0,차대차 - 추돌,안전운전불이행,건조,맑음,기타 - 기타,화물,남,51세,상해없음,승용,남,51세,중상
2021020900100110,2021년 2월 9일 09시,화요일,전라남도 여수시 안산동,경상사고,0,0,1,0,차대차 - 후진중충돌,안전운전불이행,건조,맑음,주차장 - 주차장,승용,남,48세,상해없음,화물,남,37세,경상
2021020900100111,2021년 2월 9일 09시,화요일,전라남도 곡성군 곡성읍,경상사고,0,0,1,0,차대차 - 측면충돌,직진우회전진행방해,건조,맑음,교차로 - 교차로안,승용,여,47세,상해없음,승용,여,55세,경상
2021020900100156,2021년 2월 9일 10시,화요일,전라남도 신안군 압해읍,경상사고,0,0,1,0,차대차 - 측면충돌,안전운전불이행,건조,맑음,단일로 - 기타,승용,남,29세,상해없음,이륜,남,78세,경상
2021020900100157,2021년 2월 9일 10시,화요일,전라남도 나주시 빛가람동,경상사고,0,0,1,0,차대차 - 측면충돌,안전운전불이행,건조,맑음,단일로 - 기타,승용,여,49세,상해없음,승용,남,42세,경상
2021020900100158,2021년 2월 9일 10시,화요일,전라남도 고흥군 포두면,중상사고,0,1,0,0,차대차 - 정면충돌,중앙선침범,건조,맑음,단일로 - 기타,승용,남,77세,상해없음,화물,남,68세,중상
2021020900100159,2021년 2월 9일 10시,화요일,전라남도 무안군 무안읍,경상사고,0,0,1,0,차대차 - 후진중충돌,안전운전불이행,건조,맑음,주차장 - 주차장,화물,남,69세,상해없음,승용,여,47세,경상
2021020900100231,2021년 2월 9일 12시,화요일,전라남도 여수시 웅천동,경상사고,0,0,1,0,차대차 - 기타,신호위반,건조,맑음,교차로 - 교차로안,화물,남,41세,상해없음,원동기,남,39세,경상
2021020900100232,2021년 2월 9일 12시,화요일,전라남도 고흥군 도화면,경상사고,0,0,1,0,차대차 - 기타,안전운전불이행,건조,맑음,교차로 - 교차로부근,이륜,남,56세,경상,화물,남,24세,상해없음
2021020900100274,2021년 2월 9일 13시,화요일,전라남도 여수시 웅천동,경상사고,0,0,2,0,차대차 - 추돌,안전운전불이행,건조,맑음,단일로 - 기타,승용,여,42세,상해없음,승용,남,54세,경상
2021020900100318,2021년 2월 9일 14시,화요일,전라남도 순천시 조례동,경상사고,0,0,1,0,차대차 - 기타,안전운전불이행,건조,맑음,교차로 - 교차로부근,승용,여,45세,상해없음,이륜,남,70세,경상
2021020900100319,2021년 2월 9일 14시,화요일,전라남도 고흥군 도화면,경상사고,0,0,1,0,차대차 - 기타,안전운전불이행,건조,맑음,단일로 - 기타,승용,남,71세,상해없음,개인형이동수단(PM),남,40세,경상
2021020900100320,2021년 2월 9일 14시,화요일,전라남도 무안군 현경면,중상사고,0,1,0,0,차대차 - 측면충돌,기타,건조,맑음,교차로 - 교차로안,승용,여,38세,상해없음,이륜,여,61세,중상
2021020900100412,2021년 2월 9일 16시,화요일,전라남도 순천시 조례동,경상사고,0,0,1,0,차대차 - 기타,안전운전불이행,건조,맑음,단일로 - 기타,승용,여,64세,상해없음,이륜,남,37세,경상
2021020900100413,2021년 2월 9일 16시,화요일,전라남도 강진군 강진읍,중상사고,0,1,1,0,차대차 - 측면충돌,신호위반,건조,맑음,교차로 - 교차로안,승용,남,83세,상해없음,승용,남,63세,중상
2021020900100414,2021년 2월 9일 16시,화요일,전라남도 담양군 대덕면,경상사고,0,0,1,0,차대차 - 기타,교차로운행방법위반,건조,맑음,교차로 - 교차로안,화물,남,54세,상해없음,이륜,남,52세,경상
2021020900100415,2021년 2월 9일 16시,화요일,전라남도 담양군 창평면,경상사고,0,0,3,0,차대차 - 기타,직진우회전진행방해,건조,맑음,교차로 - 교차로안,승용,남,57세,경상,화물,남,71세,경상
2021020900100458,2021년 2월 9일 17시,화요일,전라남도 담양군 담양읍,경상사고,0,0,1,0,차대사람 - 차도통행중,안전운전불이행,건조,맑음,단일로 - 기타,승용,여,33세,상해없음,보행자,남,17세,경상
2021020900100459,2021년 2월 9일 17시,화요일,전라남도 무안군 삼향읍,경상사고,0,0,2,0,차대차 - 측면충돌,교차로운행방법위반,건조,맑음,교차로 - 교차로안,승용,남,31세,경상,승용,여,53세,경상
2021020900100515,2021년 2월 9일 18시,화요일,전라남도 해남군 해남읍,경상사고,0,0,1,0,차대차 - 추돌,안전운전불이행,건조,맑음,교차로 - 교차로부근,승용,남,21세,상해없음,승용,여,24세,경상
2021020900100573,2021년 2월 9일 19시,화요일,전라남도 강진군 강진읍,경상사고,0,0,1,0,차대차 - 측면충돌,안전운전불이행,건조,맑음,교차로 - 교차로안,승용,여,53세,상해없음,승용,여,56세,경상
2021020900100574,2021년 2월 9일 19시,화요일,전라남도 진도군 진도읍,중상사고,0,1,0,0,차대차 - 추돌,안전운전불이행,건조,맑음,단일로 - 기타,승용,남,34세,상해없음,이륜,여,63세,중상
2021020900100615,2021년 2월 9일 20시,화요일,전라남도 순천시 조례동,경상사고,0,0,1,0,차대사람 - 차도통행중,안전운전불이행,건조,맑음,교차로 - 교차로안,승용,남,27세,상해없음,보행자,남,56세,경상
2021020900100717,2021년 2월 9일 22시,화요일,전라남도 여수시 학동,경상사고,0,0,1,0,차대사람 - 길가장자리구역통행중,안전운전불이행,건조,맑음,교차로 - 교차로안,승용,남,19세,상해없음,보행자,여,20세,경상
2021021000100097,2021년 2월 10일 08시,수요일,전라남도 목포시 용해동,경상사고,0,0,1,0,차대차 - 기타,기타,건조,맑음,교차로 - 교차로안,승합,남,70세,상해없음,승용,여,47세,경상
2021021000100098,2021년 2월 10일 08시,수요일,전라남도 영암군 신북면,중상사고,0,1,2,0,차대차 - 정면충돌,안전운전불이행,건조,맑음,교차로 - 교차로부근,승용,남,41세,중상,화물,남,59세,경상
2021021000100154,2021년 2월 10일 10시,수요일,전라남도 여수시 학동,경상사고,0,0,1,0,차대차 - 측면충돌,안전운전불이행,건조,맑음,교차로 - 교차로안,승용,여,67세,상해없음,승용,남,32세,경상
2021021000100155,2021년 2월 10일 10시,수요일,전라남도 순천시 조례동,부상신고사고,0,0,0,1,차대사람 - 보도통행중,보행자보호의무위반,건조,맑음,기타 - 기타,승용,여,46세,상해없음,보행자,여,78세,부상신고
2021021000100156,2021년 2월 10일 10시,수요일,전라남도 장흥군 장흥읍,중상사고,0,1,0,0,차대사람 - 횡단중,안전운전불이행,건조,맑음,교차로 - 교차로부근,화물,남,67세,상해없음,보행자,남,62세,중상
2021021000100157,2021년 2월 10일 10시,수요일,전라남도 완도군 보길면,경상사고,0,0,1,0,차량단독 - 공작물충돌,안전운전불이행,건조,맑음,단일로 - 기타,사륜오토바이(ATV),남,81세,경상,,,,
2021021000100197,2021년 2월 10일 11시,수요일,전라남도 목포시 연산동,경상사고,0,0,5,0,차대차 - 측면충돌,신호위반,건조,맑음,교차로 - 교차로부근,승용,남,21세,경상,승용,남,40세,경상
2021021000100198,2021년 2월 10일 11시,수요일,전라남도 여수시 소라면,중상사고,0,1,2,0,차대차 - 정면충돌,안전운전불이행,건조,맑음,교차로 - 교차로안,화물,남,62세,중상,화물,남,48세,경상
2021021000100199,2021년 2월 10일 11시,수요일,전라남도 장흥군 용산면,중상사고,0,1,0,0,차대차 - 기타,안전운전불이행,건조,맑음,교차로 - 교차로안,이륜,남,74세,중상,화물,남,65세,상해없음
2021021000100237,2021년 2월 10일 12시,수요일,전라남도 장흥군 장흥읍,경상사고,0,0,2,0,차대사람 - 기타,안전운전불이행,건조,맑음,교차로 - 교차로안,승용,남,73세,상해없음,보행자,여,87세,경상
2021021000100263,2021년 2월 10일 13시,수요일,전라남도 목포시 상동,경상사고,0,0,1,0,차대차 - 측면충돌,신호위반,건조,맑음,교차로 - 교차로부근,승용,여,36세,상해없음,승용,남,37세,경상
2021021000100264,2021년 2월 10일 13시,수요일,전라남도 나주시 봉황면,경상사고,0,0,1,0,차대차 - 측면충돌,안전운전불이행,건조,맑음,단일로 - 기타,화물,남,71세,상해없음,원동기,여,63세,경상
2021021000100265,2021년 2월 10일 13시,수요일,전라남도 고흥군 도양읍,중상사고,0,1,0,0,차대사람 - 기타,안전운전불이행,건조,맑음,교차로 - 교차로부근,화물,남,73세,상해없음,보행자,남,67세,중상
2021021000100266,2021년 2월 10일 13시,수요일,전라남도 영암군 영암읍,경상사고,0,0,1,0,차대차 - 기타,안전운전불이행,건조,맑음,교차로 - 교차로안,이륜,남,81세,기타불명,승용,여,37세,경상
2021021000100267,2021년 2월 10일 13시,수요일,전라남도 완도군 완도읍,경상사고,0,0,1,0,차대차 - 측면충돌,안전운전불이행,건조,맑음,교차로 - 교차로안,승용,남,45세,상해없음,원동기,남,61세,경상
2021021000100268,2021년 2월 10일 13시,수요일,전라남도 광양시 중동,중상사고,0,1,0,0,차대차 - 측면충돌,신호위반,건조,맑음,교차로 - 교차로안,승용,남,52세,상해없음,이륜,남,39세,중상
2021021000100316,2021년 2월 10일 14시,수요일,전라남도 여수시 수정동,경상사고,0,0,1,0,차량단독 - 기타,안전운전불이행,건조,맑음,기타 - 기타,자전거,여,49세,경상,,,,
2021021000100356,2021년 2월 10일 15시,수요일,전라남도 목포시 상동,경상사고,0,0,1,0,차대차 - 추돌,안전운전불이행,건조,맑음,교차로 - 교차로부근,승용,남,47세,상해없음,승용,여,34세,경상
2021021000100357,2021년 2월 10일 15시,수요일,전라남도 화순군 도암면,중상사고,0,1,0,0,차대사람 - 기타,안전운전불이행,건조,맑음,주차장 - 주차장,화물,여,63세,상해없음,보행자,여,76세,중상
2021021000100399,2021년 2월 10일 16시,수요일,전라남도 목포시 용당동,중상사고,0,1,0,0,차대사람 - 기타,신호위반,건조,맑음,단일로 - 기타,승용,남,35세,상해없음,보행자,여,55세,중상
2021021000100400,2021년 2월 10일 16시,수요일,전라남도 여수시 문수동,경상사고,0,0,1,0,차대차 - 기타,안전운전불이행,건조,맑음,교차로 - 교차로안,승용,남,74세,상해없음,승용,여,40세,경상
2021021000100401,2021년 2월 10일 16시,수요일,전라남도 영암군 덕진면,경상사고,0,0,2,0,차대차 - 추돌,안전운전불이행,건조,맑음,교차로 - 교차로부근,승용,남,48세,상해없음,화물,남,59세,경상
2021021000100402,2021년 2월 10일 16시,수요일,전라남도 곡성군 석곡면,중상사고,0,1,0,0,차대차 - 측면충돌,직진우회전진행방해,건조,맑음,교차로 - 교차로안,승용,여,51세,상해없음,이륜,남,70세,중상
2021021000100403,2021년 2월 10일 16시,수요일,전라남도 완도군 완도읍,경상사고,0,0,1,0,차대차 - 기타,안전운전불이행,건조,맑음,단일로 - 기타,승용,남,31세,상해없음,승용,여,65세,경상
2021021000100448,2021년 2월 10일 17시,수요일,전라남도 목포시 상동,경상사고,0,0,1,0,차대차 - 기타,안전운전불이행,건조,맑음,기타 - 기타,승용,여,30세,상해없음,승용,남,35세,경상
2021021000100449,2021년 2월 10일 17시,수요일,전라남도 무안군 삼향읍,경상사고,0,0,1,0,차대차 - 기타,안전운전불이행,건조,맑음,교차로 - 교차로부근,승용,남,47세,상해없음,화물,남,66세,상해없음
2021021000100513,2021년 2월 10일 18시,수요일,전라남도 순천시 매곡동,경상사고,0,0,2,0,차대차 - 기타,안전운전불이행,건조,맑음,단일로 - 기타,승용,기타불명,미분류,기타불명,승용,남,43세,경상
2021021000100514,2021년 2월 10일 18시,수요일,전라남도 순천시 조례동,경상사고,0,0,1,0,차대차 - 기타,안전거리미확보,건조,맑음,교차로 - 교차로안,화물,여,49세,상해없음,승용,남,62세,경상
2021021000100583,2021년 2월 10일 19시,수요일,전라남도 무안군 일로읍,경상사고,0,0,1,0,차대차 - 추돌,중앙선침범,건조,기타,교차로 - 교차로부근,승용,여,36세,상해없음,이륜,남,39세,경상
2021021000100642,2021년 2월 10일 20시,수요일,전라남도 여수시 선원동,경상사고,0,0,4,0,차대차 - 정면충돌,신호위반,건조,맑음,교차로 - 교차로안,승용,남,46세,상해없음,승용,남,42세,경상
2021021000100643,2021년 2월 10일 20시,수요일,전라남도 순천시 용당동,경상사고,0,0,1,0,차대차 - 측면충돌,안전운전불이행,건조,맑음,단일로 - 기타,승용,남,36세,상해없음,이륜,남,25세,경상
2021021000100644,2021년 2월 10일 20시,수요일,전라남도 순천시 조례동,경상사고,0,0,2,0,차대사람 - 횡단중,안전운전불이행,건조,맑음,단일로 - 기타,승용,여,25세,상해없음,보행자,남,39세,경상
2021021000100645,2021년 2월 10일 20시,수요일,전라남도 순천시 연향동,경상사고,0,0,1,0,차대사람 - 보도통행중,보행자보호의무위반,건조,맑음,교차로 - 교차로안,승용,남,68세,상해없음,보행자,여,17세,경상
2021021100100047,2021년 2월 11일 06시,목요일,전라남도 여수시 종화동,경상사고,0,0,2,0,차대차 - 기타,안전운전불이행,건조,맑음,주차장 - 주차장,승용,남,17세,상해없음,화물,남,40세,경상
2021021100100057,2021년 2월 11일 08시,목요일,전라남도 목포시 상동,경상사고,0,0,1,0,차대차 - 기타,교차로운행방법위반,건조,맑음,교차로 - 교차로부근,승용,남,82세,상해없음,화물,남,29세,경상
2021021100100058,2021년 2월 11일 08시,목요일,전라남도 강진군 강진읍,중상사고,0,1,1,0,차대차 - 측면충돌,교차로운행방법위반,건조,맑음,교차로 - 교차로안,승용,여,62세,상해없음,승용,남,72세,상해없음
2021021100100069,2021년 2월 11일 09시,목요일,전라남도 광양시 중동,경상사고,0,0,1,0,차대차 - 기타,교차로운행방법위반,건조,맑음,교차로 - 교차로안,승용,남,63세,상해없음,승용,남,68세,경상
2021021100100094,2021년 2월 11일 11시,목요일,전라남도 담양군 창평면,중상사고,0,2,0,0,차대차 - 측면충돌,중앙선침범,건조,맑음,교차로 - 교차로안,승용,남,55세,상해없음,자전거,남,51세,중상
2021021100100165,2021년 2월 11일 14시,목요일,전라남도 담양군 봉산면,중상사고,0,1,0,0,차대차 - 측면충돌,기타,건조,맑음,교차로 - 교차로안,승용,남,25세,상해없음,농기계,남,74세,중상
2021021100100166,2021년 2월 11일 14시,목요일,전라남도 완도군 완도읍,경상사고,0,0,1,0,차대사람 - 기타,안전운전불이행,건조,맑음,기타 - 기타,승용,남,37세,상해없음,보행자,여,43세,경상
2021021100100186,2021년 2월 11일 15시,목요일,전라남도 순천시 조례동,중상사고,0,1,0,0,차대차 - 측면충돌,신호위반,건조,맑음,교차로 - 교차로안,승용,여,27세,상해없음,이륜,남,27세,중상
2021021100100187,2021년 2월 11일 15시,목요일,전라남도 해남군 해남읍,경상사고,0,0,2,0,차대차 - 측면충돌,직진우회전진행방해,건조,맑음,교차로 - 교차로안,승용,남,81세,기타불명,승용,남,68세,경상
2021021100100207,2021년 2월 11일 16시,목요일,전라남도 여수시 신기동,경상사고,0,0,2,0,차대차 - 기타,교차로운행방법위반,건조,맑음,교차로 - 교차로안,승용,남,51세,상해없음,승용,남,64세,경상
2021021100100208,2021년 2월 11일 16시,목요일,전라남도 여수시 학동,경상사고,0,0,3,0,차대차 - 측면충돌,안전운전불이행,건조,맑음,교차로 - 교차로안,승용,여,59세,기타불명,승용,남,27세,경상
2021021100100225,2021년 2월 11일 17시,목요일,전라남도 여수시 국동,경상사고,0,0,2,0,차대차 - 기타,교차로운행방법위반,건조,맑음,교차로 - 교차로안,승용,남,65세,상해없음,승용,남,65세,경상
2021021100100226,2021년 2월 11일 17시,목요일,전라남도 무안군 삼향읍,경상사고,0,0,1,0,차대차 - 추돌,안전운전불이행,건조,맑음,교차로 - 교차로부근,승용,남,43세,상해없음,승용,여,43세,경상
2021021100100332,2021년 2월 11일 21시,목요일,전라남도 목포시 석현동,중상사고,0,1,0,0,차대차 - 측면충돌,안전운전불이행,건조,맑음,교차로 - 교차로횡단보도내,승용,남,27세,상해없음,이륜,남,44세,중상
2021021100100333,2021년 2월 11일 21시,목요일,전라남도 여수시 오림동,중상사고,0,1,0,0,차대차 - 측면충돌,신호위반,건조,맑음,교차로 - 교차로안,승용,남,50세,상해없음,원동기,남,39세,중상
2021021100100353,2021년 2월 11일 22시,목요일,전라남도 목포시 상동,경상사고,0,0,1,0,차대차 - 측면충돌,안전운전불이행,건조,맑음,단일로 - 지하차도(도로)내,승용,남,56세,상해없음,이륜,남,53세,경상
2021021100100354,2021년 2월 11일 22시,목요일,전라남도 여수시 돌산읍,경상사고,0,0,2,0,차대차 - 기타,안전운전불이행,건조,맑음,단일로 - 기타,승용,여,49세,상해없음,승용,남,19세,경상
2021021100100368,2021년 2월 11일 23시,목요일,전라남도 무안군 해제면,경상사고,0,0,1,0,차량단독 - 도로외이탈 - 기타,안전운전불이행,건조,기타,기타 - 기타,승용,여,47세,경상,,,,
2021021200100002,2021년 2월 12일 00시,금요일,전라남도 광양시 다압면,중상사고,0,1,1,0,차량단독 - 도로외이탈 - 기타,안전운전불이행,건조,맑음,단일로 - 기타,승용,남,38세,경상,,,,
2021021200100045,2021년 2월 12일 09시,금요일,전라남도 여수시 묘도동,경상사고,0,0,1,0,차대차 - 측면충돌,안전운전불이행,건조,맑음,단일로 - 교량,특수,남,52세,상해없음,승용,여,46세,경상
2021021200100079,2021년 2월 12일 12시,금요일,전라남도 장흥군 장흥읍,경상사고,0,0,3,0,차대차 - 추돌,안전운전불이행,건조,맑음,교차로 - 교차로부근,화물,남,56세,상해없음,승용,남,50세,경상
2021021200100100,2021년 2월 12일 13시,금요일,전라남도 목포시 상동,경상사고,0,0,1,0,차대차 - 기타,안전운전불이행,건조,맑음,단일로 - 지하차도(도로)내,이륜,남,17세,상해없음,승용,남,43세,경상
2021021200100101,2021년 2월 12일 13시,금요일,전라남도 완도군 완도읍,경상사고,0,0,1,0,차대차 - 후진중충돌,안전운전불이행,건조,맑음,단일로 - 기타,승용,남,51세,상해없음,승용,남,24세,경상
2021021200100137,2021년 2월 12일 15시,금요일,전라남도 고흥군 동강면,경상사고,0,0,6,0,차대차 - 추돌,안전운전불이행,건조,맑음,단일로 - 기타,승용,여,40세,경상,승용,남,60세,경상
2021021200100160,2021년 2월 12일 16시,금요일,전라남도 순천시 해룡면,경상사고,0,0,4,0,차대차 - 추돌,안전운전불이행,건조,맑음,단일로 - 기타,승용,여,34세,상해없음,승용,남,46세,경상
2021021200100161,2021년 2월 12일 16시,금요일,전라남도 강진군 군동면,경상사고,0,0,2,0,차대차 - 측면충돌,교차로운행방법위반,건조,맑음,교차로 - 교차로부근,승용,남,49세,경상,승용,여,61세,경상
2021021200100177,2021년 2월 12일 17시,금요일,전라남도 나주시 남평읍,경상사고,0,0,1,0,차대차 - 측면충돌,기타,건조,맑음,교차로 - 교차로안,승용,남,27세,상해없음,승용,남,61세,경상
2021021200100196,2021년 2월 12일 18시,금요일,전라남도 강진군 대구면,경상사고,0,0,2,0,차대차 - 측면충돌,안전운전불이행,건조,맑음,교차로 - 교차로안,승용,남,55세,상해없음,승용,남,24세,경상
2021021200100222,2021년 2월 12일 19시,금요일,전라남도 여수시 미평동,경상사고,0,0,1,0,차대차 - 추돌,안전운전불이행,건조,맑음,단일로 - 기타,승용,남,41세,상해없음,승합,남,61세,경상
2021021200100280,2021년 2월 12일 22시,금요일,전라남도 목포시 연산동,경상사고,0,0,5,0,차대차 - 기타,신호위반,건조,맑음,교차로 - 교차로안,승용,남,52세,상해없음,승용,남,60세,경상
2021021200100281,2021년 2월 12일 22시,금요일,전라남도 순천시 연향동,부상신고사고,0,0,0,1,차대차 - 측면충돌,신호위반,건조,맑음,교차로 - 교차로안,승용,여,27세,부상신고,승용,남,30세,상해없음
2021021200100282,2021년 2월 12일 22시,금요일,전라남도 무안군 청계면,경상사고,0,0,3,0,차대차 - 기타,안전운전불이행,건조,기타,교차로 - 교차로부근,승용,남,26세,상해없음,승용,남,55세,경상
2021021200100296,2021년 2월 12일 23시,금요일,전라남도 여수시 선원동,경상사고,0,0,1,0,차량단독 - 공작물충돌,안전운전불이행,건조,맑음,단일로 - 기타,이륜,남,22세,경상,,,,
2021021300100063,2021년 2월 13일 11시,토요일,전라남도 목포시 옥암동,경상사고,0,0,2,0,차대차 - 측면충돌,중앙선침범,건조,맑음,교차로 - 교차로부근,이륜,남,32세,경상,승용,여,44세,경상
2021021300100064,2021년 2월 13일 11시,토요일,전라남도 순천시 조례동,경상사고,0,0,1,0,차대차 - 측면충돌,직진우회전진행방해,건조,맑음,교차로 - 교차로안,승용,남,70세,상해없음,승용,남,24세,경상
2021021300100065,2021년 2월 13일 11시,토요일,전라남도 구례군 산동면,사망사고,1,0,0,0,차량단독 - 전도전복 - 전복,안전운전불이행,건조,맑음,단일로 - 기타,이륜,남,56세,사망,,,,
2021021300100084,2021년 2월 13일 12시,토요일,전라남도 목포시 해안동3가,경상사고,0,0,2,0,차대차 - 측면충돌,직진우회전진행방해,건조,맑음,교차로 - 교차로안,승용,남,68세,경상,승용,남,25세,경상
2021021300100139,2021년 2월 13일 14시,토요일,전라남도 여수시 종화동,경상사고,0,0,3,0,차대차 - 측면충돌,기타,건조,맑음,기타 - 기타,승용,여,58세,상해없음,이륜,남,29세,경상
2021021300100140,2021년 2월 13일 14시,토요일,전라남도 여수시 오림동,경상사고,0,0,1,0,차대차 - 측면충돌,안전운전불이행,건조,맑음,교차로 - 교차로안,승합,여,54세,상해없음,승용,남,53세,경상
2021021300100141,2021년 2월 13일 14시,토요일,전라남도 순천시 해룡면,경상사고,0,0,3,0,차대차 - 측면충돌,직진우회전진행방해,건조,맑음,교차로 - 교차로안,승용,여,68세,경상,승용,남,61세,경상
2021021300100164,2021년 2월 13일 15시,토요일,전라남도 목포시 상동,중상사고,0,1,0,0,차대사람 - 기타,안전운전불이행,건조,맑음,기타 - 기타,화물,남,58세,상해없음,보행자,남,55세,중상
2021021300100165,2021년 2월 13일 15시,토요일,전라남도 여수시 신기동,경상사고,0,0,1,0,차대차 - 측면충돌,교차로운행방법위반,건조,맑음,교차로 - 교차로부근,승용,남,49세,경상,승용,남,55세,상해없음
2021021300100166,2021년 2월 13일 15시,토요일,전라남도 나주시 금천면,중상사고,0,1,1,0,차대차 - 추돌,안전거리미확보,건조,맑음,단일로 - 기타,승용,남,58세,상해없음,승용,여,66세,경상
2021021300100193,2021년 2월 13일 16시,토요일,전라남도 장흥군 관산읍,경상사고,0,0,1,0,차대차 - 측면충돌,안전운전불이행,건조,맑음,단일로 - 기타,원동기,여,71세,경상,승용,남,61세,상해없음
2021021300100224,2021년 2월 13일 17시,토요일,전라남도 장흥군 관산읍,경상사고,0,0,2,0,차대차 - 측면충돌,중앙선침범,건조,맑음,단일로 - 기타,화물,남,55세,경상,화물,남,56세,경상
2021021300100225,2021년 2월 13일 17시,토요일,전라남도 담양군 담양읍,경상사고,0,0,1,0,차대차 - 후진중충돌,안전운전불이행,건조,맑음,교차로 - 교차로부근,승용,남,33세,기타불명,원동기,여,37세,경상
2021021300100256,2021년 2월 13일 18시,토요일,전라남도 목포시 상동,경상사고,0,0,3,0,차대차 - 측면충돌,신호위반,건조,맑음,교차로 - 교차로안,승용,남,21세,경상,승용,남,55세,경상
2021021300100257,2021년 2월 13일 18시,토요일,전라남도 화순군 화순읍,경상사고,0,0,2,1,차대차 - 기타,중앙선침범,건조,맑음,단일로 - 기타,승용,남,19세,상해없음,승용,남,31세,부상신고
2021021300100314,2021년 2월 13일 20시,토요일,전라남도 순천시 조례동,경상사고,0,0,1,0,차대차 - 측면충돌,안전운전불이행,건조,맑음,교차로 - 교차로안,이륜,남,23세,경상,승용,여,43세,상해없음
2021021300100341,2021년 2월 13일 21시,토요일,전라남도 목포시 산정동,경상사고,0,0,4,0,차대차 - 측면충돌,안전거리미확보,건조,맑음,단일로 - 기타,승용,여,27세,경상,승용,남,46세,경상