사고번호,사고일시,요일,시군구,사고내용,사망자수,중상자수,경상자수,부상신고자수,사고유형,법규위반,노면상태,기상상태,도로형태,가해운전자 차종,가해운전자 성별,가해운전자 연령,가해운전자 상해정도,피해운전자 차종,피해운전자 성별,피해운전자 연령,피해운전자 상해정도
2021022500100363,2021년 2월 25일 18시,목요일,전라남도 화순군 화순읍,경상사고,0,0,2,0,차대차 - 측면충돌,중앙선침범,젖음/습기,흐림,단일로 - 기타,승용,남,30세,상해없음,승용,남,70세,경상
2021022500100364,2021년 2월 25일 18시,목요일,전라남도 영암군 삼호읍,경상사고,0,0,2,0,차대사람 - 횡단중,안전운전불이행,젖음/습기,비,단일로 - 기타,승용,여,72세,상해없음,보행자,남,46세,경상
2021022500100365,2021년 2월 25일 18시,목요일,전라남도 함평군 함평읍,경상사고,0,0,2,0,차대차 - 기타,안전거리미확보,젖음/습기,비,단일로 - 기타,승용,여,26세,상해없음,승용,남,73세,상해없음
2021022500100447,2021년 2월 25일 20시,목요일,전라남도 여수시 웅천동,부상신고사고,0,0,0,1,차대차 - 기타,안전운전불이행,젖음/습기,비,단일로 - 기타,이륜,남,44세,부상신고,승합,남,42세,상해없음
2021022500100448,2021년 2월 25일 20시,목요일,전라남도 순천시 조례동,경상사고,0,0,1,0,차대사람 - 기타,안전운전불이행,건조,맑음,기타 - 기타,승용,여,39세,상해없음,보행자,남,56세,경상
2021022500100473,2021년 2월 25일 21시,목요일,전라남도 목포시 옥암동,경상사고,0,0,1,0,차대차 - 기타,직진우회전진행방해,젖음/습기,비,교차로 - 교차로안,승용,남,48세,상해없음,승용,여,26세,경상
2021022500100474,2021년 2월 25일 21시,목요일,전라남도 목포시 산정동,중상사고,0,1,0,0,차대사람 - 기타,안전운전불이행,젖음/습기,비,기타 - 기타,화물,남,57세,상해없음,보행자,남,51세,중상
2021022500100475,2021년 2월 25일 21시,목요일,전라남도 목포시 용당동,중상사고,0,2,0,0,차대차 - 정면충돌,중앙선침범,젖음/습기,비,단일로 - 기타,승용,남,58세,중상,승용,남,25세,중상
2021022500100476,2021년 2월 25일 21시,목요일,전라남도 여수시 여서동,중상사고,0,1,0,0,차대차 - 측면충돌,교차로운행방법위반,젖음/습기,비,교차로 - 교차로안,승용,여,40세,상해없음,이륜,남,35세,중상
2021022500100477,2021년 2월 25일 21시,목요일,전라남도 여수시 미평동,중상사고,0,2,0,0,차대차 - 추돌,안전운전불이행,젖음/습기,비,단일로 - 고가도로위,승용,남,52세,기타불명,승용,남,53세,중상
2021022500100478,2021년 2월 25일 21시,목요일,전라남도 무안군 삼향읍,경상사고,0,0,2,0,차대차 - 측면충돌,안전운전불이행,젖음/습기,비,기타 - 기타,승용,여,40세,경상,승용,남,47세,경상
2021022500100525,2021년 2월 25일 23시,목요일,전라남도 목포시 석현동,중상사고,0,1,0,0,차대사람 - 기타,안전운전불이행,젖음/습기,비,단일로 - 기타,승용,남,23세,상해없음,보행자,남,59세,중상
2021022600100007,2021년 2월 26일 00시,금요일,전라남도 담양군 담양읍,경상사고,0,0,1,0,차량단독 - 공작물충돌,안전운전불이행,젖음/습기,비,단일로 - 기타,승용,여,48세,경상,,,,
2021022600100050,2021년 2월 26일 06시,금요일,전라남도 여수시 문수동,경상사고,0,0,1,0,차대차 - 추돌,안전운전불이행,젖음/습기,흐림,교차로 - 교차로안,승용,남,21세,상해없음,승용,여,48세,경상
2021022600100063,2021년 2월 26일 07시,금요일,전라남도 순천시 해룡면,중상사고,0,1,2,0,차대차 - 측면충돌,신호위반,건조,맑음,교차로 - 교차로안,승용,남,25세,경상,승용,남,38세,경상
2021022600100064,2021년 2월 26일 07시,금요일,전라남도 해남군 화산면,중상사고,0,3,0,0,차대차 - 정면충돌,중앙선침범,젖음/습기,흐림,기타 - 기타,화물,남,71세,중상,승합,남,50세,중상
2021022600100086,2021년 2월 26일 08시,금요일,전라남도 목포시 대양동,경상사고,0,0,1,0,차대차 - 측면충돌,안전거리미확보,건조,맑음,단일로 - 기타,화물,남,44세,기타불명,승용,여,25세,경상
2021022600100087,2021년 2월 26일 08시,금요일,전라남도 나주시 보산동,경상사고,0,0,1,0,차대차 - 기타,교차로운행방법위반,건조,맑음,교차로 - 교차로안,승용,여,33세,상해없음,이륜,여,64세,경상
2021022600100112,2021년 2월 26일 09시,금요일,전라남도 여수시 학동,경상사고,0,0,1,0,차대사람 - 횡단중,안전운전불이행,건조,맑음,교차로 - 교차로안,승용,남,40세,상해없음,보행자,여,58세,경상
2021022600100113,2021년 2월 26일 09시,금요일,전라남도 순천시 조례동,경상사고,0,0,1,0,차대차 - 기타,직진우회전진행방해,건조,맑음,교차로 - 교차로안,승용,남,43세,상해없음,승용,남,66세,경상
2021022600100114,2021년 2월 26일 09시,금요일,전라남도 고흥군 동강면,경상사고,0,0,1,0,차량단독 - 도로외이탈 - 추락,안전운전불이행,건조,맑음,단일로 - 기타,이륜,남,87세,경상,,,,
2021022600100115,2021년 2월 26일 09시,금요일,전라남도 해남군 해남읍,중상사고,0,1,0,0,차대사람 - 기타,안전운전불이행,건조,맑음,기타 - 기타,화물,남,66세,상해없음,보행자,남,80세,중상
2021022600100141,2021년 2월 26일 10시,금요일,전라남도 목포시 산정동,경상사고,0,0,1,0,차대차 - 측면충돌,중앙선침범,건조,맑음,교차로 - 교차로부근,승용,남,52세,기타불명,승용,남,27세,경상
2021022600100142,2021년 2월 26일 10시,금요일,전라남도 순천시 해룡면,경상사고,0,0,1,0,차대차 - 측면충돌,안전운전불이행,건조,맑음,교차로 - 교차로안,승용,여,51세,상해없음,승용,여,48세,경상
2021022600100143,2021년 2월 26일 10시,금요일,전라남도 영광군 법성면,중상사고,0,1,0,0,차대사람 - 횡단중,보행자보호의무위반,건조,맑음,단일로 - 기타,화물,남,72세,상해없음,보행자,여,82세,중상
2021022600100172,2021년 2월 26일 11시,금요일,전라남도 나주시 성북동,경상사고,0,0,1,0,차대차 - 정면충돌,중앙선침범,건조,맑음,단일로 - 기타,승용,여,57세,상해없음,이륜,남,65세,경상
2021022600100207,2021년 2월 26일 12시,금요일,전라남도 여수시 봉강동,경상사고,0,0,2,0,차대차 - 측면충돌,교차로운행방법위반,건조,맑음,교차로 - 교차로안,승용,남,69세,상해없음,승용,남,24세,경상
2021022600100208,2021년 2월 26일 12시,금요일,전라남도 여수시 돌산읍,중상사고,0,1,0,0,차대사람 - 기타,기타,건조,맑음,교차로 - 교차로부근,승합,남,53세,상해없음,보행자,여,92세,중상
2021022600100209,2021년 2월 26일 12시,금요일,전라남도 담양군 대전면,경상사고,0,0,2,0,차대차 - 기타,기타,건조,맑음,기타 - 기타,화물,남,73세,상해없음,승용,여,32세,경상
2021022600100248,2021년 2월 26일 13시,금요일,전라남도 순천시 교량동,경상사고,0,0,2,0,차대차 - 추돌,안전거리미확보,건조,맑음,단일로 - 기타,승용,남,62세,상해없음,승용,남,71세,경상
2021022600100279,2021년 2월 26일 14시,금요일,전라남도 여수시 학동,경상사고,0,0,2,0,차대차 - 측면충돌,안전운전불이행,건조,맑음,교차로 - 교차로안,승용,남,52세,상해없음,이륜,남,28세,경상
2021022600100280,2021년 2월 26일 14시,금요일,전라남도 강진군 강진읍,경상사고,0,0,1,0,차대차 - 측면충돌,직진우회전진행방해,건조,맑음,교차로 - 교차로안,승용,남,29세,상해없음,화물,남,64세,경상
2021022600100322,2021년 2월 26일 15시,금요일,전라남도 나주시 빛가람동,경상사고,0,0,3,0,차대차 - 추돌,안전운전불이행,건조,맑음,교차로 - 교차로부근,화물,남,32세,상해없음,승합,여,62세,경상
2021022600100323,2021년 2월 26일 15시,금요일,전라남도 광양시 중동,경상사고,0,0,3,0,차대차 - 추돌,안전운전불이행,건조,맑음,단일로 - 기타,승합,남,61세,상해없음,승용,남,50세,경상
2021022600100352,2021년 2월 26일 16시,금요일,전라남도 순천시 해룡면,경상사고,0,0,2,0,차대차 - 측면충돌,안전거리미확보,건조,맑음,단일로 - 기타,승용,남,29세,경상,승용,여,57세,경상
2021022600100353,2021년 2월 26일 16시,금요일,전라남도 완도군 완도읍,경상사고,0,0,1,0,차대차 - 측면충돌,기타,건조,맑음,단일로 - 기타,승합,남,54세,상해없음,이륜,남,73세,경상
2021022600100393,2021년 2월 26일 17시,금요일,전라남도 여수시 학동,경상사고,0,0,1,0,차대차 - 추돌,안전거리미확보,건조,맑음,교차로 - 교차로안,화물,남,45세,상해없음,승용,남,35세,경상
2021022600100394,2021년 2월 26일 17시,금요일,전라남도 담양군 창평면,경상사고,0,0,1,0,차량단독 - 공작물충돌,안전운전불이행,건조,맑음,단일로 - 기타,승용,남,19세,경상,,,,
2021022600100436,2021년 2월 26일 18시,금요일,전라남도 목포시 옥암동,경상사고,0,0,1,0,차대사람 - 기타,보행자보호의무위반,건조,맑음,교차로 - 교차로부근,승용,여,46세,상해없음,보행자,남,10세,경상
2021022600100437,2021년 2월 26일 18시,금요일,전라남도 목포시 옥암동,경상사고,0,0,3,0,차대차 - 측면충돌,안전운전불이행,건조,맑음,단일로 - 기타,승용,남,67세,경상,승용,남,69세,경상
2021022600100438,2021년 2월 26일 18시,금요일,전라남도 순천시 조례동,경상사고,0,0,1,0,차대사람 - 기타,안전운전불이행,건조,맑음,단일로 - 기타,기타불명,기타불명,미분류,기타불명,보행자,남,25세,경상
2021022600100439,2021년 2월 26일 18시,금요일,전라남도 장성군 남면,경상사고,0,0,1,0,차대차 - 측면충돌,안전운전불이행,건조,맑음,교차로 - 교차로부근,승용,남,23세,상해없음,승용,남,49세,경상
2021022600100535,2021년 2월 26일 20시,금요일,전라남도 목포시 상동,경상사고,0,0,3,0,차대차 - 측면충돌,신호위반,건조,맑음,교차로 - 교차로안,승용,남,35세,상해없음,승용,남,46세,경상
2021022700100014,2021년 2월 27일 02시,토요일,전라남도 순천시 연향동,경상사고,0,0,1,0,차대차 - 기타,직진우회전진행방해,건조,맑음,교차로 - 교차로안,승용,남,24세,상해없음,승용,남,61세,경상
2021022700100063,2021년 2월 27일 08시,토요일,전라남도 여수시 봉강동,경상사고,0,0,1,0,차대차 - 측면충돌,신호위반,건조,맑음,교차로 - 교차로안,승용,남,22세,상해없음,승용,남,64세,경상
2021022700100139,2021년 2월 27일 11시,토요일,전라남도 나주시 이창동,경상사고,0,0,2,0,차대차 - 측면충돌,차로위반,건조,맑음,단일로 - 교량,승용,여,60세,상해없음,승용,남,38세,경상
2021022700100168,2021년 2월 27일 12시,토요일,전라남도 목포시 옥암동,경상사고,0,0,1,0,차대차 - 기타,신호위반,건조,맑음,교차로 - 교차로안,승용,남,43세,상해없음,이륜,남,42세,경상
2021022700100169,2021년 2월 27일 12시,토요일,전라남도 순천시 가곡동,중상사고,0,1,6,0,차대차 - 추돌,안전거리미확보,건조,맑음,단일로 - 기타,화물,남,31세,상해없음,승합,남,57세,경상
2021022700100170,2021년 2월 27일 12시,토요일,전라남도 나주시 영산동,경상사고,0,0,1,0,차대차 - 측면충돌,안전운전불이행,건조,맑음,단일로 - 기타,자전거,남,32세,경상,승용,남,31세,상해없음
2021022700100217,2021년 2월 27일 13시,토요일,전라남도 여수시 신기동,경상사고,0,0,2,0,차대차 - 측면충돌,차로위반,건조,맑음,단일로 - 기타,승용,남,45세,상해없음,승용,남,64세,경상
2021022700100266,2021년 2월 27일 14시,토요일,전라남도 목포시 달동,경상사고,0,0,3,0,차대차 - 기타,차로위반,건조,맑음,기타 - 기타,승용,여,59세,경상,건설기계,남,49세,경상
2021022700100267,2021년 2월 27일 14시,토요일,전라남도 목포시 죽교동,경상사고,0,0,2,0,차대차 - 기타,안전운전불이행,건조,맑음,단일로 - 기타,승용,여,33세,경상,승용,남,35세,기타불명
2021022700100268,2021년 2월 27일 14시,토요일,전라남도 여수시 남산동,경상사고,0,0,7,0,차대차 - 추돌,안전운전불이행,건조,맑음,교차로 - 교차로부근,승용,남,73세,상해없음,승용,남,46세,경상
2021022700100302,2021년 2월 27일 15시,토요일,전라남도 화순군 화순읍,중상사고,0,1,0,0,차대사람 - 보도통행중,보행자보호의무위반,건조,맑음,교차로 - 교차로횡단보도내,승용,여,38세,상해없음,보행자,여,56세,중상
2021022700100333,2021년 2월 27일 16시,토요일,전라남도 나주시 산포면,사망사고,1,1,3,2,차대차 - 측면충돌,안전운전불이행,건조,맑음,단일로 - 기타,화물,남,64세,사망,승합,남,44세,경상
2021022700100334,2021년 2월 27일 16시,토요일,전라남도 영광군 염산면,중상사고,0,1,0,0,차량단독 - 공작물충돌,안전운전불이행,건조,맑음,단일로 - 기타,승용,남,27세,상해없음,,,,
2021022700100356,2021년 2월 27일 17시,토요일,전라남도 여수시 국동,경상사고,0,0,1,0,차대사람 - 기타,안전운전불이행,건조,맑음,단일로 - 기타,승용,여,25세,상해없음,보행자,남,37세,경상
2021022700100357,2021년 2월 27일 17시,토요일,전라남도 순천시 연향동,부상신고사고,0,0,0,2,차대차 - 기타,안전운전불이행,건조,맑음,단일로 - 기타,승용,남,53세,상해없음,승용,남,35세,부상신고
2021022700100358,2021년 2월 27일 17시,토요일,전라남도 순천시 덕암동,경상사고,0,0,2,0,차대차 - 측면충돌,신호위반,건조,맑음,교차로 - 교차로안,승용,여,42세,상해없음,승용,남,49세,경상
2021022700100395,2021년 2월 27일 18시,토요일,전라남도 목포시 상동,경상사고,0,0,4,0,차대차 - 기타,교차로운행방법위반,건조,맑음,교차로 - 교차로안,승용,여,36세,경상,승용,남,52세,경상
2021022700100396,2021년 2월 27일 18시,토요일,전라남도 여수시 학동,경상사고,0,0,1,0,차대차 - 측면충돌,안전운전불이행,건조,맑음,교차로 - 교차로안,승용,여,48세,상해없음,승용,여,38세,경상
2021022700100397,2021년 2월 27일 18시,토요일,전라남도 구례군 구례읍,부상신고사고,0,0,0,1,차대차 - 기타,안전운전불이행,건조,맑음,단일로 - 기타,이륜,남,50세,부상신고,승용,남,22세,기타불명
2021022700100435,2021년 2월 27일 19시,토요일,전라남도 곡성군 죽곡면,중상사고,0,1,1,0,차대사람 - 횡단중,안전운전불이행,건조,맑음,교차로 - 교차로안,화물,여,55세,경상,보행자,남,15세,중상
2021022700100471,2021년 2월 27일 20시,토요일,전라남도 목포시 상동,경상사고,0,0,1,0,차대차 - 기타,안전운전불이행,건조,맑음,단일로 - 기타,승용,남,64세,상해없음,원동기,남,24세,경상
2021022700100472,2021년 2월 27일 20시,토요일,전라남도 무안군 삼향읍,경상사고,0,0,2,0,차대차 - 정면충돌,중앙선침범,건조,맑음,단일로 - 기타,승용,여,36세,기타불명,승용,남,57세,경상
2021022700100500,2021년 2월 27일 21시,토요일,전라남도 목포시 옥암동,경상사고,0,0,2,0,차대차 - 측면충돌,교차로운행방법위반,건조,맑음,교차로 - 교차로안,승용,남,57세,상해없음,승용,여,50세,경상
2021022700100501,2021년 2월 27일 21시,토요일,전라남도 여수시 중앙동,경상사고,0,0,5,0,차대차 - 측면충돌,안전운전불이행,건조,맑음,단일로 - 기타,승용,남,25세,경상,승용,남,60세,경상
2021022800100030,2021년 2월 28일 03시,일요일,전라남도 고흥군 도덕면,중상사고,0,1,0,0,차량단독 - 공작물충돌,안전운전불이행,건조,맑음,기타 - 기타,화물,남,60세,중상,,,,
2021022800100051,2021년 2월 28일 07시,일요일,전라남도 목포시 상동,경상사고,0,0,1,0,차대차 - 기타,안전운전불이행,건조,맑음,단일로 - 기타,승용,남,29세,상해없음,승용,남,47세,상해없음
2021022800100068,2021년 2월 28일 09시,일요일,전라남도 광양시 광양읍,경상사고,0,0,1,0,차대차 - 기타,교차로운행방법위반,건조,맑음,교차로 - 교차로안,승용,남,27세,상해없음,승용,남,63세,경상
2021022800100078,2021년 2월 28일 10시,일요일,전라남도 여수시 소호동,경상사고,0,0,3,0,차대차 - 추돌,안전운전불이행,건조,맑음,단일로 - 기타,승용,남,65세,상해없음,승용,여,51세,경상
2021022800100103,2021년 2월 28일 11시,일요일,전라남도 담양군 담양읍,경상사고,0,0,1,0,차대차 - 측면충돌,안전거리미확보,건조,맑음,단일로 - 기타,화물,남,53세,상해없음,승용,남,55세,경상
2021022800100124,2021년 2월 28일 12시,일요일,전라남도 영광군 염산면,중상사고,0,1,0,0,차대차 - 측면충돌,안전운전불이행,건조,맑음,단일로 - 기타,승용,남,78세,상해없음,이륜,남,70세,중상
2021022800100153,2021년 2월 28일 13시,일요일,전라남도 광양시 다압면,경상사고,0,0,4,0,차대차 - 기타,안전운전불이행,젖음/습기,비,단일로 - 기타,이륜,남,84세,경상,승용,남,45세,경상
2021022800100182,2021년 2월 28일 14시,일요일,전라남도 완도군 완도읍,경상사고,0,0,5,0,차대차 - 정면충돌,중앙선침범,젖음/습기,비,단일로 - 기타,승용,여,61세,경상,승용,여,43세,경상
2021022800100257,2021년 2월 28일 17시,일요일,전라남도 여수시 학동,중상사고,0,1,1,0,차대차 - 추돌,안전운전불이행,젖음/습기,비,교차로 - 교차로부근,승용,남,64세,상해없음,승용,여,49세,경상
2021022800100258,2021년 2월 28일 17시,일요일,전라남도 무안군 삼향읍,경상사고,0,0,1,0,차대차 - 기타,안전운전불이행,젖음/습기,흐림,교차로 - 교차로부근,이륜,남,24세,경상,승용,남,43세,상해없음
2021022800100306,2021년 2월 28일 19시,일요일,전라남도 무안군 해제면,중상사고,0,1,0,0,차대사람 - 기타,안전운전불이행,건조,기타,단일로 - 교량,승용,남,60세,상해없음,보행자,남,48세,중상
2021022800100328,2021년 2월 28일 20시,일요일,전라남도 목포시 상동,중상사고,0,1,0,0,차대차 - 기타,중앙선침범,젖음/습기,비,단일로 - 기타,승용,남,41세,상해없음,이륜,남,23세,중상
2021022800100367,2021년 2월 28일 22시,일요일,전라남도 목포시 산정동,경상사고,0,0,3,0,차대차 - 측면충돌,신호위반,젖음/습기,비,교차로 - 교차로안,승용,여,54세,상해없음,승용,남,24세,경상
2021022800100368,2021년 2월 28일 22시,일요일,전라남도 목포시 용해동,경상사고,0,0,4,0,차대차 - 측면충돌,신호위반,젖음/습기,비,교차로 - 교차로안,승용,남,27세,상해없음,승용,남,23세,경상
2021022800100369,2021년 2월 28일 22시,일요일,전라남도 여수시 학동,경상사고,0,0,1,0,차대차 - 측면충돌,신호위반,젖음/습기,비,교차로 - 교차로안,원동기,남,19세,상해없음,승용,남,24세,경상
2021022800100394,2021년 2월 28일 23시,일요일,전라남도 완도군 완도읍,경상사고,0,0,1,0,차대차 - 후진중충돌,안전운전불이행,건조,맑음,단일로 - 기타,화물,남,56세,기타불명,승용,여,56세,경상
2021030100100010,2021년 3월 1일 01시,월요일,전라남도 목포시 대성동,중상사고,0,3,0,0,차대차 - 기타,기타,젖음/습기,흐림,단일로 - 지하차도(도로)내,승용,남,38세,중상,승용,남,58세,중상
2021030100100032,2021년 3월 1일 05시,월요일,전라남도 목포시 호남동,중상사고,0,1,0,0,차대사람 - 횡단중,안전운전불이행,젖음/습기,비,기타 - 기타,승용,남,74세,상해없음,보행자,여,57세,중상
2021030100100038,2021년 3월 1일 06시,월요일,전라남도 영암군 삼호읍,경상사고,0,0,1,0,차대차 - 기타,안전운전불이행,건조,맑음,교차로 - 교차로안,승용,여,41세,상해없음,승합,남,41세,경상
2021030100100044,2021년 3월 1일 07시,월요일,전라남도 순천시 해룡면,중상사고,0,1,0,0,차대사람 - 기타,안전운전불이행,건조,맑음,교차로 - 교차로안,화물,남,48세,상해없음,보행자,여,60세,중상
2021030100100148,2021년 3월 1일 14시,월요일,전라남도 여수시 봉산동,경상사고,0,0,1,0,차대사람 - 횡단중,보행자보호의무위반,젖음/습기,비,단일로 - 기타,승용,남,49세,상해없음,보행자,여,65세,경상
2021030100100174,2021년 3월 1일 15시,월요일,전라남도 여수시 주삼동,경상사고,0,0,2,0,차대차 - 측면충돌,안전거리미확보,젖음/습기,비,단일로 - 기타,승용,남,43세,상해없음,승용,남,41세,경상
2021030100100175,2021년 3월 1일 15시,월요일,전라남도 순천시 풍덕동,경상사고,0,0,1,0,차대사람 - 횡단중,신호위반,젖음/습기,비,교차로 - 교차로횡단보도내,승용,여,35세,상해없음,보행자,남,19세,경상
2021030100100208,2021년 3월 1일 16시,월요일,전라남도 강진군 군동면,경상사고,0,0,3,0,차대차 - 기타,중앙선침범,젖음/습기,비,단일로 - 기타,화물,남,46세,상해없음,승용,남,76세,경상
2021030100100240,2021년 3월 1일 17시,월요일,전라남도 목포시 상동,경상사고,0,0,4,0,차대차 - 기타,안전운전불이행,젖음/습기,비,교차로 - 교차로안,승용,여,51세,경상,승용,여,59세,경상
2021030100100241,2021년 3월 1일 17시,월요일,전라남도 목포시 용당동,경상사고,0,0,2,0,차대차 - 추돌,교차로운행방법위반,젖음/습기,비,교차로 - 교차로안,화물,남,57세,경상,이륜,남,17세,경상
2021030100100242,2021년 3월 1일 17시,월요일,전라남도 순천시 해룡면,중상사고,0,1,0,0,차량단독 - 공작물충돌,안전운전불이행,건조,맑음,단일로 - 기타,승용,남,35세,중상,,,,
2021030100100243,2021년 3월 1일 17시,월요일,전라남도 구례군 마산면,중상사고,0,2,0,0,차대차 - 측면충돌,중앙선침범,젖음/습기,비,교차로 - 교차로부근,승용,남,68세,기타불명,화물,남,58세,중상
2021030100100288,2021년 3월 1일 18시,월요일,전라남도 고흥군 고흥읍,경상사고,0,0,1,0,차대사람 - 기타,안전운전불이행,젖음/습기,비,주차장 - 주차장,승용,남,78세,상해없음,보행자,남,51세,경상
2021030100100289,2021년 3월 1일 18시,월요일,전라남도 영광군 영광읍,경상사고,0,0,1,0,차대차 - 정면충돌,중앙선침범,젖음/습기,비,단일로 - 기타,승용,남,62세,상해없음,화물,남,78세,경상
2021030100100339,2021년 3월 1일 19시,월요일,전라남도 여수시 여서동,경상사고,0,0,1,0,차대사람 - 길가장자리구역통행중,안전운전불이행,젖음/습기,흐림,단일로 - 기타,승용,남,56세,상해없음,보행자,남,51세,경상
2021030100100340,2021년 3월 1일 19시,월요일,전라남도 여수시 둔덕동,경상사고,0,0,3,0,차대차 - 추돌,안전거리미확보,젖음/습기,비,교차로 - 교차로부근,승용,남,69세,경상,승용,남,72세,경상
2021030100100341,2021년 3월 1일 19시,월요일,전라남도 순천시 조곡동,경상사고,0,0,1,0,차대차 - 측면충돌,안전운전불이행,젖음/습기,비,교차로 - 교차로안,승용,남,49세,상해없음,이륜,남,27세,경상
2021030100100342,2021년 3월 1일 19시,월요일,전라남도 순천시 조곡동,경상사고,0,0,2,0,차대차 - 측면충돌,안전운전불이행,젖음/습기,비,교차로 - 교차로안,승용,남,55세,상해없음,승용,남,28세,경상
2021030100100373,2021년 3월 1일 20시,월요일,전라남도 순천시 조곡동,경상사고,0,0,1,0,차대사람 - 차도통행중,안전운전불이행,건조,맑음,기타 - 기타,승용,남,29세,상해없음,보행자,남,56세,경상
2021030100100403,2021년 3월 1일 21시,월요일,전라남도 광양시 광양읍,경상사고,0,0,2,0,차대차 - 측면충돌,직진우회전진행방해,젖음/습기,비,교차로 - 교차로안,승용,여,45세,경상,승용,여,25세,경상
2021030100100438,2021년 3월 1일 22시,월요일,전라남도 영광군 영광읍,경상사고,0,0,3,0,차대차 - 측면충돌,안전운전불이행,건조,맑음,교차로 - 교차로안,승용,남,52세,상해없음,화물,남,53세,경상
2021030200100003,2021년 3월 2일 00시,화요일,전라남도 나주시 빛가람동,경상사고,0,0,1,0,차량단독 - 공작물충돌,안전운전불이행,젖음/습기,비,단일로 - 기타,화물,남,50세,경상,,,,
2021030200100014,2021년 3월 2일 01시,화요일,전라남도 광양시 태인동,경상사고,0,0,1,0,차량단독 - 기타,안전운전불이행,젖음/습기,흐림,단일로 - 기타,승용,남,60세,경상,,,,
2021030200100020,2021년 3월 2일 04시,화요일,전라남도 여수시 둔덕동,사망사고,1,0,0,0,차대사람 - 차도통행중,안전운전불이행,건조,맑음,단일로 - 기타,화물,여,59세,상해없음,보행자,여,81세,사망
2021030200100075,2021년 3월 2일 08시,화요일,전라남도 여수시 여서동,경상사고,0,0,1,0,차대차 - 측면충돌,안전거리미확보,건조,맑음,교차로 - 교차로안,승용,남,48세,상해없음,이륜,남,24세,경상
2021030200100076,2021년 3월 2일 08시,화요일,전라남도 순천시 덕암동,경상사고,0,0,1,0,차대차 - 측면충돌,안전운전불이행,건조,맑음,교차로 - 교차로안,승용,여,29세,상해없음,이륜,남,75세,경상
2021030200100133,2021년 3월 2일 10시,화요일,전라남도 여수시 웅천동,경상사고,0,0,1,0,차대차 - 측면충돌,안전운전불이행,건조,맑음,단일로 - 기타,승용,여,59세,상해없음,화물,남,44세,경상
2021030200100134,2021년 3월 2일 10시,화요일,전라남도 장흥군 대덕읍,경상사고,0,0,1,0,차대차 - 측면충돌,중앙선침범,건조,맑음,교차로 - 교차로부근,승용,남,55세,상해없음,이륜,여,67세,경상
2021030200100135,2021년 3월 2일 10시,화요일,전라남도 담양군 수북면,경상사고,0,0,1,0,차대차 - 측면충돌,신호위반,건조,맑음,교차로 - 교차로안,승합,남,60세,상해없음,승용,여,51세,경상
2021030200100165,2021년 3월 2일 11시,화요일,전라남도 여수시 학동,경상사고,0,0,1,0,차대사람 - 길가장자리구역통행중,안전운전불이행,건조,맑음,기타 - 기타,승용,여,54세,상해없음,보행자,여,51세,경상
2021030200100166,2021년 3월 2일 11시,화요일,전라남도 여수시 학동,중상사고,0,1,4,0,차대차 - 기타,차로위반,건조,맑음,교차로 - 교차로안,승용,남,64세,상해없음,승합,남,53세,상해없음
2021030200100197,2021년 3월 2일 12시,화요일,전라남도 순천시 해룡면,경상사고,0,0,3,0,차대차 - 측면충돌,교차로운행방법위반,건조,맑음,교차로 - 교차로안,화물,남,50세,상해없음,승용,남,76세,경상
2021030200100219,2021년 3월 2일 13시,화요일,전라남도 순천시 조곡동,경상사고,0,0,1,0,차대사람 - 기타,안전운전불이행,건조,맑음,단일로 - 기타,건설기계,남,55세,상해없음,보행자,여,86세,경상
2021030200100220,2021년 3월 2일 13시,화요일,전라남도 나주시 산포면,경상사고,0,0,1,0,차대사람 - 기타,안전운전불이행,건조,맑음,단일로 - 기타,화물,남,36세,상해없음,보행자,남,62세,경상
2021030200100246,2021년 3월 2일 14시,화요일,전라남도 목포시 상동,경상사고,0,0,1,0,차대차 - 측면충돌,안전운전불이행,건조,맑음,단일로 - 기타,화물,남,66세,상해없음,승용,여,43세,경상
2021030200100247,2021년 3월 2일 14시,화요일,전라남도 순천시 덕암동,경상사고,0,0,1,0,차대차 - 측면충돌,안전운전불이행,건조,맑음,교차로 - 교차로안,화물,남,53세,상해없음,승용,남,57세,경상
2021030200100248,2021년 3월 2일 14시,화요일,전라남도 강진군 군동면,부상신고사고,0,0,0,1,차량단독 - 전도전복 - 전도,안전운전불이행,건조,맑음,교차로 - 교차로부근,이륜,남,78세,부상신고,,,,
2021030200100279,2021년 3월 2일 15시,화요일,전라남도 여수시 여서동,부상신고사고,0,0,0,1,차대차 - 기타,중앙선침범,건조,맑음,단일로 - 기타,개인형이동수단(PM),남,20세,부상신고,화물,여,55세,상해없음
2021030200100314,2021년 3월 2일 16시,화요일,전라남도 구례군 산동면,중상사고,0,1,0,0,차대사람 - 횡단중,안전운전불이행,건조,맑음,단일로 - 기타,승합,남,49세,상해없음,보행자,여,67세,중상
2021030200100354,2021년 3월 2일 17시,화요일,전라남도 목포시 용해동,중상사고,0,1,0,0,차대차 - 추돌,중앙선침범,건조,맑음,교차로 - 교차로부근,이륜,남,75세,중상,화물,남,48세,상해없음
2021030200100355,2021년 3월 2일 17시,화요일,전라남도 여수시 봉강동,경상사고,0,0,1,0,차대차 - 측면충돌,직진우회전진행방해,건조,맑음,교차로 - 교차로안,승용,남,44세,상해없음,승용,여,65세,경상