사고번호,사고일시,요일,시군구,사고내용,사망자수,중상자수,경상자수,부상신고자수,사고유형,법규위반,노면상태,기상상태,도로형태,가해운전자 차종,가해운전자 성별,가해운전자 연령,가해운전자 상해정도,피해운전자 차종,피해운전자 성별,피해운전자 연령,피해운전자 상해정도
2021030200100387,2021년 3월 2일 18시,화요일,전라남도 광양시 중동,경상사고,0,0,1,0,차대차 - 측면충돌,교차로운행방법위반,건조,맑음,교차로 - 교차로안,승용,여,59세,상해없음,화물,남,37세,경상
2021030200100389,2021년 3월 2일 18시,화요일,전라남도 순천시 동외동,경상사고,0,0,1,0,차대차 - 측면충돌,안전운전불이행,건조,맑음,단일로 - 기타,승용,여,50세,상해없음,승용,여,66세,경상
2021030200100390,2021년 3월 2일 18시,화요일,전라남도 화순군 화순읍,중상사고,0,1,0,0,차대사람 - 횡단중,안전운전불이행,건조,맑음,단일로 - 기타,승용,남,52세,상해없음,보행자,남,19세,중상
2021030200100391,2021년 3월 2일 18시,화요일,전라남도 광양시 광양읍,경상사고,0,0,1,0,차대차 - 측면충돌,중앙선침범,건조,맑음,교차로 - 교차로부근,자전거,남,11세,경상,승용,여,65세,상해없음
2021030200100436,2021년 3월 2일 19시,화요일,전라남도 여수시 둔덕동,경상사고,0,0,2,0,차대차 - 추돌,안전운전불이행,건조,맑음,단일로 - 기타,승용,남,40세,상해없음,승용,여,62세,경상
2021030200100437,2021년 3월 2일 19시,화요일,전라남도 무안군 삼향읍,경상사고,0,0,1,0,차대차 - 추돌,안전운전불이행,건조,맑음,단일로 - 기타,승용,남,53세,상해없음,승용,남,44세,경상
2021030200100438,2021년 3월 2일 19시,화요일,전라남도 진도군 고군면,사망사고,1,0,0,0,차량단독 - 도로외이탈 - 추락,안전운전불이행,건조,맑음,단일로 - 기타,사륜오토바이(ATV),남,76세,사망,,,,
2021030200100463,2021년 3월 2일 20시,화요일,전라남도 보성군 보성읍,경상사고,0,0,1,0,차대차 - 추돌,안전거리미확보,건조,맑음,단일로 - 기타,화물,남,48세,상해없음,화물,남,66세,경상
2021030200100482,2021년 3월 2일 21시,화요일,전라남도 여수시 오림동,경상사고,0,0,2,0,차대차 - 추돌,안전운전불이행,건조,맑음,단일로 - 기타,승용,남,69세,상해없음,승합,남,44세,경상
2021030200100483,2021년 3월 2일 21시,화요일,전라남도 여수시 오림동,중상사고,0,1,2,0,차대차 - 정면충돌,중앙선침범,건조,맑음,교차로 - 교차로안,승용,남,69세,상해없음,승용,남,31세,경상
2021030200100508,2021년 3월 2일 22시,화요일,전라남도 순천시 해룡면,경상사고,0,0,1,0,차대사람 - 기타,안전운전불이행,건조,맑음,기타 - 기타,자전거,남,47세,상해없음,보행자,여,48세,경상
2021030300100015,2021년 3월 3일 02시,수요일,전라남도 순천시 송광면,경상사고,0,0,1,0,차대차 - 측면충돌,직진우회전진행방해,건조,맑음,교차로 - 교차로안,이륜,여,71세,경상,승용,남,62세,상해없음
2021030300100043,2021년 3월 3일 06시,수요일,전라남도 영암군 신북면,경상사고,0,0,2,0,차대차 - 추돌,안전운전불이행,건조,흐림,단일로 - 기타,건설기계,남,50세,상해없음,화물,남,50세,경상
2021030300100100,2021년 3월 3일 08시,수요일,전라남도 나주시 남평읍,경상사고,0,0,1,1,차대차 - 측면충돌,안전운전불이행,건조,맑음,교차로 - 교차로부근,승용,남,30세,부상신고,승용,여,21세,경상
2021030300100101,2021년 3월 3일 08시,수요일,전라남도 강진군 강진읍,중상사고,0,1,3,1,차대차 - 추돌,안전운전불이행,건조,맑음,교차로 - 교차로부근,승합,남,52세,부상신고,화물,남,53세,경상
2021030300100102,2021년 3월 3일 08시,수요일,전라남도 담양군 수북면,경상사고,0,0,1,0,차대차 - 측면충돌,교차로운행방법위반,건조,맑음,교차로 - 교차로안,승용,남,74세,상해없음,승용,여,30세,경상
2021030300100129,2021년 3월 3일 09시,수요일,전라남도 신안군 자은면,경상사고,0,0,1,0,차대사람 - 기타,안전운전불이행,기타,맑음,단일로 - 기타,승용,남,77세,상해없음,보행자,남,60세,경상
2021030300100182,2021년 3월 3일 11시,수요일,전라남도 순천시 해룡면,경상사고,0,0,1,0,차대차 - 기타,불법유턴,건조,맑음,단일로 - 기타,자전거,남,69세,경상,승용,여,43세,상해없음
2021030300100183,2021년 3월 3일 11시,수요일,전라남도 순천시 연향동,경상사고,0,0,1,0,차대사람 - 기타,안전운전불이행,건조,맑음,단일로 - 기타,승용,남,46세,상해없음,보행자,남,30세,경상
2021030300100184,2021년 3월 3일 11시,수요일,전라남도 해남군 해남읍,경상사고,0,0,2,0,차대차 - 측면충돌,안전운전불이행,건조,맑음,단일로 - 기타,화물,여,50세,경상,화물,남,70세,경상
2021030300100284,2021년 3월 3일 14시,수요일,전라남도 순천시 생목동,경상사고,0,0,1,0,차대차 - 기타,직진우회전진행방해,건조,맑음,교차로 - 교차로안,승용,남,67세,경상,승용,여,41세,상해없음
2021030300100285,2021년 3월 3일 14시,수요일,전라남도 영암군 삼호읍,경상사고,0,0,1,0,차대차 - 측면충돌,안전운전불이행,건조,맑음,단일로 - 기타,승용,남,50세,기타불명,승용,남,63세,경상
2021030300100286,2021년 3월 3일 14시,수요일,전라남도 광양시 중동,경상사고,0,0,1,0,차대차 - 기타,안전거리미확보,건조,맑음,단일로 - 기타,승용,남,66세,상해없음,승용,남,43세,경상
2021030300100317,2021년 3월 3일 15시,수요일,전라남도 여수시 소라면,경상사고,0,0,1,0,차대차 - 측면충돌,교차로운행방법위반,건조,맑음,교차로 - 교차로횡단보도내,승용,여,32세,상해없음,자전거,여,34세,경상
2021030300100318,2021년 3월 3일 15시,수요일,전라남도 구례군 광의면,경상사고,0,0,1,0,차대차 - 기타,안전운전불이행,건조,맑음,교차로 - 교차로안,화물,남,60세,상해없음,이륜,남,51세,경상
2021030300100347,2021년 3월 3일 16시,수요일,전라남도 목포시 석현동,경상사고,0,0,2,0,차대차 - 후진중충돌,안전운전불이행,건조,맑음,단일로 - 기타,승용,여,65세,상해없음,승용,여,34세,경상
2021030300100348,2021년 3월 3일 16시,수요일,전라남도 여수시 학동,중상사고,0,1,0,0,차대사람 - 차도통행중,안전운전불이행,건조,맑음,단일로 - 기타,승용,여,27세,상해없음,보행자,여,79세,중상
2021030300100349,2021년 3월 3일 16시,수요일,전라남도 함평군 함평읍,경상사고,0,0,1,0,차대차 - 기타,교차로운행방법위반,건조,맑음,교차로 - 교차로안,화물,남,50세,상해없음,자전거,여,81세,경상
2021030300100350,2021년 3월 3일 16시,수요일,전라남도 광양시 광양읍,경상사고,0,0,1,0,차대차 - 측면충돌,직진우회전진행방해,건조,맑음,교차로 - 교차로안,승용,여,39세,상해없음,승용,남,46세,경상
2021030300100365,2021년 3월 3일 17시,수요일,전라남도 목포시 상동,경상사고,0,0,2,0,차대차 - 기타,직진우회전진행방해,건조,맑음,교차로 - 교차로안,승용,여,68세,경상,승용,여,60세,경상
2021030300100366,2021년 3월 3일 17시,수요일,전라남도 여수시 미평동,경상사고,0,0,1,0,차대차 - 측면충돌,교차로운행방법위반,건조,맑음,교차로 - 교차로안,승용,남,64세,상해없음,개인형이동수단(PM),남,14세,경상
2021030300100367,2021년 3월 3일 17시,수요일,전라남도 여수시 국동,경상사고,0,0,1,0,차대차 - 측면충돌,안전운전불이행,건조,맑음,교차로 - 교차로안,원동기,남,27세,상해없음,승용,남,32세,경상
2021030300100368,2021년 3월 3일 17시,수요일,전라남도 담양군 담양읍,중상사고,0,1,0,0,차대차 - 측면충돌,교차로운행방법위반,건조,맑음,교차로 - 교차로안,승용,남,68세,상해없음,이륜,여,61세,중상
2021030300100397,2021년 3월 3일 18시,수요일,전라남도 광양시 중동,경상사고,0,0,2,0,차대차 - 추돌,안전운전불이행,건조,기타,교차로 - 교차로부근,승용,여,38세,상해없음,승용,남,52세,경상
2021030300100434,2021년 3월 3일 19시,수요일,전라남도 목포시 수강동1가,경상사고,0,0,2,0,차대차 - 기타,안전운전불이행,건조,맑음,단일로 - 기타,승용,남,60세,상해없음,승용,남,25세,경상
2021030300100435,2021년 3월 3일 19시,수요일,전라남도 영암군 삼호읍,경상사고,0,0,1,0,차대차 - 측면충돌,안전운전불이행,건조,맑음,교차로 - 교차로안,승합,남,50세,상해없음,화물,남,33세,상해없음
2021030300100461,2021년 3월 3일 20시,수요일,전라남도 목포시 산정동,경상사고,0,0,1,0,차대차 - 기타,교차로운행방법위반,건조,기타,교차로 - 교차로안,승용,여,66세,상해없음,이륜,남,36세,경상
2021030300100462,2021년 3월 3일 20시,수요일,전라남도 광양시 중동,경상사고,0,0,1,0,차대차 - 측면충돌,중앙선침범,건조,맑음,단일로 - 기타,승용,남,65세,상해없음,이륜,남,27세,경상
2021030300100484,2021년 3월 3일 21시,수요일,전라남도 나주시 남평읍,경상사고,0,0,2,0,차대차 - 기타,신호위반,건조,맑음,교차로 - 교차로안,승용,남,34세,경상,승용,남,33세,경상
2021030300100516,2021년 3월 3일 22시,수요일,전라남도 강진군 성전면,경상사고,0,0,1,0,차대차 - 측면충돌,안전운전불이행,건조,흐림,교차로 - 교차로부근,승용,남,54세,상해없음,승합,남,50세,경상
2021030300100529,2021년 3월 3일 23시,수요일,전라남도 순천시 조례동,경상사고,0,0,1,0,차대차 - 추돌,안전운전불이행,건조,맑음,교차로 - 교차로부근,승용,남,36세,상해없음,승용,남,25세,경상
2021030400100007,2021년 3월 4일 00시,목요일,전라남도 목포시 대양동,경상사고,0,0,1,0,차대차 - 추돌,안전운전불이행,건조,맑음,단일로 - 기타,화물,남,43세,상해없음,승용,여,53세,상해없음
2021030400100038,2021년 3월 4일 06시,목요일,전라남도 나주시 봉황면,경상사고,0,0,1,0,차대차 - 정면충돌,중앙선침범,건조,맑음,단일로 - 기타,승용,남,66세,상해없음,승용,남,42세,경상
2021030400100057,2021년 3월 4일 07시,목요일,전라남도 여수시 평여동,경상사고,0,0,1,0,차대차 - 추돌,안전거리미확보,건조,맑음,교차로 - 교차로부근,화물,남,44세,상해없음,승용,남,21세,경상
2021030400100058,2021년 3월 4일 07시,목요일,전라남도 장성군 장성읍,중상사고,0,1,0,0,차량단독 - 기타,안전운전불이행,건조,맑음,기타 - 기타,승용,여,42세,중상,,,,
2021030400100090,2021년 3월 4일 08시,목요일,전라남도 보성군 보성읍,중상사고,0,1,0,0,차대차 - 측면충돌,안전운전불이행,젖음/습기,비,교차로 - 교차로안,화물,남,51세,상해없음,이륜,남,77세,중상
2021030400100145,2021년 3월 4일 10시,목요일,전라남도 목포시 용해동,경상사고,0,0,1,0,차대차 - 기타,안전운전불이행,건조,맑음,교차로 - 교차로부근,화물,남,40세,상해없음,승용,남,41세,경상
2021030400100164,2021년 3월 4일 11시,목요일,전라남도 순천시 남정동,경상사고,0,0,2,0,차대차 - 기타,안전거리미확보,젖음/습기,흐림,교차로 - 교차로부근,승용,여,49세,상해없음,승용,여,36세,경상
2021030400100187,2021년 3월 4일 12시,목요일,전라남도 여수시 학동,경상사고,0,0,1,0,차대차 - 추돌,안전운전불이행,젖음/습기,비,단일로 - 기타,승용,남,22세,상해없음,화물,여,48세,경상
2021030400100188,2021년 3월 4일 12시,목요일,전라남도 광양시 광양읍,경상사고,0,0,2,0,차대차 - 추돌,안전운전불이행,젖음/습기,비,단일로 - 기타,승용,남,27세,경상,승용,여,26세,경상
2021030400100189,2021년 3월 4일 12시,목요일,전라남도 광양시 다압면,경상사고,0,0,2,0,차대차 - 추돌,안전운전불이행,건조,맑음,교차로 - 교차로부근,승용,남,69세,상해없음,승용,여,50세,경상
2021030400100290,2021년 3월 4일 16시,목요일,전라남도 고흥군 고흥읍,경상사고,0,0,3,0,차대차 - 측면충돌,기타,젖음/습기,비,교차로 - 교차로안,승용,남,73세,경상,화물,남,82세,경상
2021030400100291,2021년 3월 4일 16시,목요일,전라남도 영광군 염산면,경상사고,0,0,1,0,차대차 - 측면충돌,신호위반,젖음/습기,비,교차로 - 교차로안,화물,남,72세,상해없음,승용,남,66세,경상
2021030400100346,2021년 3월 4일 18시,목요일,전라남도 목포시 대성동,경상사고,0,0,1,0,차대사람 - 기타,안전운전불이행,건조,맑음,교차로 - 교차로안,승용,여,49세,상해없음,보행자,여,63세,경상
2021030400100347,2021년 3월 4일 18시,목요일,전라남도 여수시 웅천동,경상사고,0,0,1,0,차대차 - 측면충돌,안전운전불이행,젖음/습기,비,교차로 - 교차로안,승용,여,42세,상해없음,이륜,남,35세,경상
2021030400100348,2021년 3월 4일 18시,목요일,전라남도 순천시 조곡동,경상사고,0,0,1,0,차대차 - 측면충돌,안전운전불이행,젖음/습기,비,교차로 - 교차로부근,승합,남,57세,상해없음,승용,여,42세,경상
2021030400100396,2021년 3월 4일 19시,목요일,전라남도 여수시 학동,경상사고,0,0,1,0,차대차 - 기타,신호위반,젖음/습기,맑음,교차로 - 교차로안,승용,남,70세,상해없음,승용,남,71세,경상
2021030400100397,2021년 3월 4일 19시,목요일,전라남도 여수시 화장동,경상사고,0,0,2,0,차대차 - 측면충돌,안전운전불이행,건조,맑음,교차로 - 교차로안,승용,남,48세,상해없음,승용,남,69세,경상
2021030400100398,2021년 3월 4일 19시,목요일,전라남도 해남군 삼산면,중상사고,0,1,0,0,차대차 - 정면충돌,중앙선침범,젖음/습기,비,단일로 - 교량,승합,남,58세,상해없음,승용,여,48세,중상
2021030400100399,2021년 3월 4일 19시,목요일,전라남도 해남군 삼산면,중상사고,0,1,0,0,차대차 - 추돌,안전운전불이행,젖음/습기,비,기타 - 기타,승용,남,59세,중상,승용,여,48세,상해없음
2021030400100432,2021년 3월 4일 20시,목요일,전라남도 광양시 중동,경상사고,0,0,1,0,차대차 - 기타,안전운전불이행,젖음/습기,비,교차로 - 교차로안,이륜,남,55세,경상,승용,남,22세,기타불명
2021030400100463,2021년 3월 4일 21시,목요일,전라남도 여수시 문수동,경상사고,0,0,1,0,차대사람 - 기타,안전운전불이행,젖음/습기,비,교차로 - 교차로안,승용,남,33세,상해없음,보행자,여,25세,경상
2021030400100464,2021년 3월 4일 21시,목요일,전라남도 순천시 가곡동,경상사고,0,0,2,0,차대차 - 측면충돌,안전운전불이행,젖음/습기,비,단일로 - 기타,승용,남,43세,상해없음,승용,여,28세,경상
2021030400100496,2021년 3월 4일 22시,목요일,전라남도 나주시 평산동,경상사고,0,0,1,0,차대차 - 측면충돌,안전운전불이행,건조,맑음,기타 - 기타,승용,남,64세,상해없음,화물,남,61세,경상
2021030400100521,2021년 3월 4일 23시,목요일,전라남도 목포시 옥암동,경상사고,0,0,3,0,차대차 - 측면충돌,안전운전불이행,건조,흐림,단일로 - 기타,승용,남,53세,상해없음,승용,여,32세,경상
2021030500100007,2021년 3월 5일 00시,금요일,전라남도 영암군 미암면,경상사고,0,0,2,0,차대차 - 기타,안전운전불이행,건조,맑음,단일로 - 기타,기타불명,남,29세,기타불명,화물,남,25세,경상
2021030500100029,2021년 3월 5일 04시,금요일,전라남도 여수시 주삼동,경상사고,0,0,2,0,차대차 - 추돌,교차로운행방법위반,건조,맑음,교차로 - 교차로안,화물,남,54세,경상,화물,남,60세,경상
2021030500100035,2021년 3월 5일 05시,금요일,전라남도 여수시 화장동,경상사고,0,0,1,0,차대차 - 측면충돌,신호위반,건조,맑음,교차로 - 교차로안,승용,남,22세,상해없음,승용,남,35세,경상
2021030500100073,2021년 3월 5일 07시,금요일,전라남도 무안군 청계면,중상사고,0,1,3,0,차대차 - 기타,교차로운행방법위반,건조,맑음,교차로 - 교차로안,승용,남,21세,기타불명,승합,남,63세,경상
2021030500100101,2021년 3월 5일 08시,금요일,전라남도 순천시 해룡면,경상사고,0,0,2,0,차대차 - 추돌,안전거리미확보,건조,맑음,단일로 - 기타,화물,남,54세,상해없음,승용,남,51세,경상
2021030500100102,2021년 3월 5일 08시,금요일,전라남도 담양군 담양읍,경상사고,0,0,1,0,차대차 - 기타,안전거리미확보,건조,맑음,단일로 - 기타,승합,남,48세,상해없음,승용,남,61세,경상
2021030500100143,2021년 3월 5일 09시,금요일,전라남도 여수시 웅천동,경상사고,0,0,1,0,차대차 - 기타,교차로운행방법위반,건조,맑음,교차로 - 교차로안,화물,남,71세,상해없음,승용,남,61세,상해없음
2021030500100144,2021년 3월 5일 09시,금요일,전라남도 담양군 금성면,경상사고,0,0,1,1,차대차 - 측면충돌,기타,건조,맑음,교차로 - 교차로안,승용,여,61세,부상신고,건설기계,남,27세,경상
2021030500100145,2021년 3월 5일 09시,금요일,전라남도 광양시 중동,중상사고,0,1,0,0,차대차 - 기타,안전거리미확보,건조,맑음,단일로 - 기타,이륜,남,21세,중상,화물,여,50세,상해없음
2021030500100172,2021년 3월 5일 10시,금요일,전라남도 진도군 진도읍,사망사고,1,0,0,0,차대사람 - 횡단중,안전운전불이행,건조,맑음,단일로 - 기타,화물,남,56세,상해없음,보행자,여,85세,사망
2021030500100200,2021년 3월 5일 11시,금요일,전라남도 목포시 용당동,경상사고,0,0,1,0,차대사람 - 기타,안전운전불이행,건조,맑음,단일로 - 기타,화물,여,62세,상해없음,보행자,여,69세,경상
2021030500100201,2021년 3월 5일 11시,금요일,전라남도 순천시 해룡면,경상사고,0,0,1,0,차대차 - 측면충돌,안전거리미확보,건조,맑음,단일로 - 기타,건설기계,남,54세,기타불명,승용,여,62세,경상
2021030500100222,2021년 3월 5일 12시,금요일,전라남도 목포시 산정동,경상사고,0,0,1,0,차대차 - 기타,기타,건조,맑음,기타 - 기타,승용,남,71세,상해없음,승용,여,33세,경상
2021030500100223,2021년 3월 5일 12시,금요일,전라남도 목포시 용해동,경상사고,0,0,4,0,차대차 - 기타,안전운전불이행,건조,맑음,교차로 - 교차로부근,승용,여,55세,경상,승용,남,25세,경상
2021030500100224,2021년 3월 5일 12시,금요일,전라남도 영암군 삼호읍,중상사고,0,1,2,0,차대차 - 측면충돌,중앙선침범,건조,맑음,교차로 - 교차로부근,특수,남,42세,기타불명,승용,여,51세,중상
2021030500100285,2021년 3월 5일 14시,금요일,전라남도 순천시 연향동,경상사고,0,0,2,0,차대차 - 측면충돌,안전운전불이행,건조,맑음,교차로 - 교차로안,승용,남,32세,경상,승용,여,40세,경상
2021030500100324,2021년 3월 5일 15시,금요일,전라남도 여수시 선원동,경상사고,0,0,1,0,차대차 - 측면충돌,안전운전불이행,건조,맑음,단일로 - 기타,승용,남,51세,상해없음,승용,여,62세,경상
2021030500100325,2021년 3월 5일 15시,금요일,전라남도 함평군 대동면,경상사고,0,0,2,0,차대차 - 측면충돌,직진우회전진행방해,건조,맑음,교차로 - 교차로안,화물,남,43세,상해없음,승용,남,79세,경상
2021030500100326,2021년 3월 5일 15시,금요일,전라남도 무안군 삼향읍,중상사고,0,1,1,0,차대차 - 기타,안전운전불이행,건조,맑음,기타 - 기타,승합,여,39세,상해없음,승용,남,31세,경상
2021030500100365,2021년 3월 5일 16시,금요일,전라남도 나주시 금천면,경상사고,0,0,1,0,차대차 - 기타,안전운전불이행,건조,맑음,단일로 - 기타,화물,남,59세,상해없음,자전거,여,32세,경상
2021030500100398,2021년 3월 5일 17시,금요일,전라남도 목포시 용해동,경상사고,0,0,1,0,차대차 - 기타,안전운전불이행,건조,맑음,교차로 - 교차로부근,승용,남,77세,상해없음,승용,남,58세,경상
2021030500100399,2021년 3월 5일 17시,금요일,전라남도 화순군 화순읍,경상사고,0,0,2,0,차대차 - 기타,안전운전불이행,건조,맑음,주차장 - 주차장,승용,여,41세,경상,승용,여,41세,경상
2021030500100400,2021년 3월 5일 17시,금요일,전라남도 강진군 강진읍,중상사고,0,1,0,0,차대사람 - 기타,안전운전불이행,건조,맑음,교차로 - 교차로안,승용,남,41세,상해없음,보행자,여,84세,중상
2021030500100401,2021년 3월 5일 17시,금요일,전라남도 진도군 진도읍,경상사고,0,0,1,0,차대차 - 측면충돌,직진우회전진행방해,건조,맑음,교차로 - 교차로안,이륜,여,73세,경상,화물,남,51세,상해없음
2021030500100448,2021년 3월 5일 18시,금요일,전라남도 영암군 삼호읍,경상사고,0,0,1,0,차대차 - 측면충돌,안전운전불이행,건조,맑음,교차로 - 교차로안,화물,기타불명,미분류,기타불명,승용,남,29세,경상
2021030500100487,2021년 3월 5일 19시,금요일,전라남도 순천시 조곡동,경상사고,0,0,2,0,차대차 - 측면충돌,직진우회전진행방해,건조,맑음,교차로 - 교차로안,승용,남,68세,경상,승용,남,58세,경상
2021030500100488,2021년 3월 5일 19시,금요일,전라남도 나주시 문평면,경상사고,0,0,1,0,차대차 - 추돌,안전운전불이행,건조,맑음,기타 - 기타,승용,남,27세,상해없음,승용,남,24세,경상
2021030500100522,2021년 3월 5일 20시,금요일,전라남도 나주시 문평면,중상사고,0,1,3,0,차대차 - 기타,안전운전불이행,건조,맑음,기타 - 기타,승용,남,24세,경상,승용,남,49세,중상
2021030500100548,2021년 3월 5일 21시,금요일,전라남도 목포시 양동,중상사고,0,1,0,0,차대차 - 측면충돌,안전운전불이행,건조,맑음,단일로 - 기타,승용,남,59세,상해없음,승용,남,38세,기타불명
2021030500100549,2021년 3월 5일 21시,금요일,전라남도 여수시 봉강동,경상사고,0,0,3,0,차대차 - 추돌,안전운전불이행,건조,맑음,교차로 - 교차로부근,승용,남,56세,상해없음,승용,여,47세,경상
2021030500100581,2021년 3월 5일 22시,금요일,전라남도 화순군 화순읍,경상사고,0,0,1,0,차대사람 - 횡단중,보행자보호의무위반,건조,맑음,단일로 - 기타,승용,여,49세,상해없음,보행자,남,18세,경상
2021030500100606,2021년 3월 5일 23시,금요일,전라남도 여수시 고소동,경상사고,0,0,1,0,차대차 - 기타,안전운전불이행,건조,맑음,단일로 - 기타,승용,남,54세,상해없음,이륜,남,22세,경상
2021030600100033,2021년 3월 6일 03시,토요일,전라남도 순천시 동외동,경상사고,0,0,1,0,차대차 - 기타,안전운전불이행,건조,맑음,교차로 - 교차로안,승용,남,70세,기타불명,승용,남,72세,경상
2021030600100085,2021년 3월 6일 09시,토요일,전라남도 목포시 옥암동,경상사고,0,0,1,0,차대차 - 기타,안전운전불이행,건조,맑음,교차로 - 교차로부근,화물,남,65세,상해없음,승용,남,48세,경상
2021030600100114,2021년 3월 6일 10시,토요일,전라남도 목포시 상동,경상사고,0,0,1,0,차대차 - 측면충돌,중앙선침범,건조,맑음,교차로 - 교차로부근,화물,남,48세,경상,승용,남,53세,기타불명
2021030600100115,2021년 3월 6일 10시,토요일,전라남도 영암군 삼호읍,부상신고사고,0,0,0,2,차대차 - 기타,기타,건조,맑음,단일로 - 교량,승용,남,22세,기타불명,승용,남,51세,부상신고
2021030600100148,2021년 3월 6일 11시,토요일,전라남도 순천시 황전면,경상사고,0,0,1,0,차대차 - 기타,안전운전불이행,건조,맑음,단일로 - 기타,화물,남,58세,상해없음,이륜,남,78세,경상
2021030600100175,2021년 3월 6일 12시,토요일,전라남도 여수시 봉산동,중상사고,0,1,0,0,차대차 - 측면충돌,안전운전불이행,건조,맑음,단일로 - 기타,승용,여,43세,상해없음,이륜,남,57세,중상
2021030600100176,2021년 3월 6일 12시,토요일,전라남도 장성군 북이면,중상사고,0,1,0,0,차대차 - 정면충돌,중앙선침범,건조,맑음,교차로 - 교차로부근,화물,남,65세,상해없음,승용,남,35세,중상
2021030600100202,2021년 3월 6일 13시,토요일,전라남도 목포시 산정동,경상사고,0,0,1,0,차대차 - 정면충돌,중앙선침범,건조,맑음,단일로 - 기타,화물,남,28세,상해없음,승용,남,55세,경상
2021030600100272,2021년 3월 6일 15시,토요일,전라남도 나주시 노안면,경상사고,0,0,3,0,차대차 - 측면충돌,신호위반,건조,맑음,교차로 - 교차로안,승용,남,42세,경상,화물,남,47세,경상
2021030600100299,2021년 3월 6일 16시,토요일,전라남도 진도군 임회면,경상사고,0,0,3,0,차대차 - 기타,중앙선침범,건조,맑음,단일로 - 기타,승용,여,48세,상해없음,승용,남,43세,경상
2021030600100359,2021년 3월 6일 18시,토요일,전라남도 목포시 옥암동,경상사고,0,0,2,0,차대차 - 기타,기타,건조,맑음,교차로 - 교차로안,승용,남,27세,상해없음,승합,남,58세,상해없음
2021030600100360,2021년 3월 6일 18시,토요일,전라남도 장흥군 장흥읍,경상사고,0,0,2,0,차대차 - 정면충돌,직진우회전진행방해,건조,맑음,교차로 - 교차로안,승용,남,28세,경상,화물,여,68세,상해없음
2021030600100361,2021년 3월 6일 18시,토요일,전라남도 무안군 일로읍,경상사고,0,0,1,0,차대차 - 기타,신호위반,건조,기타,교차로 - 교차로안,승용,남,47세,상해없음,승용,남,67세,경상
2021030600100362,2021년 3월 6일 18시,토요일,전라남도 광양시 중동,경상사고,0,0,1,0,차대사람 - 기타,안전운전불이행,건조,맑음,기타 - 기타,개인형이동수단(PM),남,17세,상해없음,보행자,남,27세,경상
2021030600100401,2021년 3월 6일 19시,토요일,전라남도 목포시 옥암동,경상사고,0,0,3,0,차대차 - 측면충돌,신호위반,건조,맑음,교차로 - 교차로안,이륜,남,33세,경상,승용,남,51세,경상
2021030600100449,2021년 3월 6일 21시,토요일,전라남도 진도군 고군면,경상사고,0,0,1,0,차대차 - 정면충돌,중앙선침범,건조,맑음,단일로 - 기타,승용,남,61세,상해없음,승용,여,34세,경상
2021030600100469,2021년 3월 6일 22시,토요일,전라남도 여수시 안산동,경상사고,0,0,2,0,차대차 - 추돌,안전운전불이행,건조,맑음,교차로 - 교차로안,승용,남,40세,상해없음,승용,여,31세,경상
2021030600100470,2021년 3월 6일 22시,토요일,전라남도 해남군 문내면,경상사고,0,0,1,0,차량단독 - 공작물충돌,안전운전불이행,건조,맑음,단일로 - 교량,승용,남,39세,상해없음,,,,
2021030600100489,2021년 3월 6일 23시,토요일,전라남도 목포시 상동,경상사고,0,0,1,0,차대차 - 추돌,안전운전불이행,건조,맑음,단일로 - 기타,승용,남,50세,상해없음,승용,남,24세,경상
2021030600100490,2021년 3월 6일 23시,토요일,전라남도 광양시 광양읍,중상사고,0,1,0,0,차대차 - 기타,안전거리미확보,건조,맑음,기타 - 기타,승용,여,52세,상해없음,승용,남,29세,상해없음
2021030700100007,2021년 3월 7일 00시,일요일,전라남도 화순군 화순읍,경상사고,0,0,1,0,차대차 - 기타,직진우회전진행방해,건조,맑음,교차로 - 교차로안,승용,남,34세,경상,승용,남,59세,상해없음
2021030700100013,2021년 3월 7일 01시,일요일,전라남도 고흥군 두원면,경상사고,0,0,1,0,차량단독 - 공작물충돌,안전운전불이행,건조,맑음,단일로 - 기타,승용,남,41세,경상,,,,
2021030700100022,2021년 3월 7일 03시,일요일,전라남도 여수시 화장동,경상사고,0,0,1,0,차대차 - 측면충돌,신호위반,건조,맑음,교차로 - 교차로안,승용,남,50세,상해없음,승용,남,22세,경상
2021030700100023,2021년 3월 7일 03시,일요일,전라남도 영암군 영암읍,경상사고,0,0,4,0,차대차 - 추돌,안전운전불이행,건조,맑음,교차로 - 교차로부근,승용,남,51세,상해없음,승용,여,32세,경상
2021030700100061,2021년 3월 7일 10시,일요일,전라남도 구례군 문척면,경상사고,0,0,1,0,차대사람 - 기타,안전운전불이행,건조,맑음,단일로 - 기타,승용,남,54세,상해없음,보행자,남,67세,경상
2021030700100157,2021년 3월 7일 14시,일요일,전라남도 여수시 문수동,경상사고,0,0,3,0,차대차 - 추돌,안전운전불이행,건조,맑음,단일로 - 기타,승용,남,80세,상해없음,승용,남,39세,경상
2021030700100192,2021년 3월 7일 15시,일요일,전라남도 목포시 죽동,경상사고,0,0,2,0,차대차 - 측면충돌,안전운전불이행,건조,맑음,교차로 - 교차로안,승용,여,30세,경상,승용,남,48세,경상
2021030700100193,2021년 3월 7일 15시,일요일,전라남도 여수시 학동,경상사고,0,0,1,0,차대차 - 측면충돌,교차로운행방법위반,건조,맑음,교차로 - 교차로안,승용,여,47세,상해없음,원동기,남,19세,경상
2021030700100224,2021년 3월 7일 16시,일요일,전라남도 목포시 옥암동,경상사고,0,0,2,0,차대차 - 추돌,안전운전불이행,건조,맑음,교차로 - 교차로안,승용,남,56세,상해없음,승용,여,43세,경상