사고번호,사고일시,요일,시군구,사고내용,사망자수,중상자수,경상자수,부상신고자수,사고유형,법규위반,노면상태,기상상태,도로형태,가해운전자 차종,가해운전자 성별,가해운전자 연령,가해운전자 상해정도,피해운전자 차종,피해운전자 성별,피해운전자 연령,피해운전자 상해정도
2021030700100225,2021년 3월 7일 16시,일요일,전라남도 목포시 상락동2가,경상사고,0,0,2,0,차대차 - 기타,안전운전불이행,건조,맑음,단일로 - 기타,승용,남,67세,상해없음,승용,남,45세,경상
2021030700100226,2021년 3월 7일 16시,일요일,전라남도 고흥군 도화면,경상사고,0,0,1,0,차대차 - 측면충돌,안전운전불이행,건조,맑음,교차로 - 교차로안,자전거,남,8세,경상,승용,남,63세,상해없음
2021030700100227,2021년 3월 7일 16시,일요일,전라남도 영암군 삼호읍,경상사고,0,0,1,0,차대차 - 기타,직진우회전진행방해,건조,맑음,교차로 - 교차로안,승용,남,54세,상해없음,승용,여,38세,경상
2021030700100275,2021년 3월 7일 18시,일요일,전라남도 여수시 돌산읍,경상사고,0,0,1,0,차대차 - 측면충돌,교차로운행방법위반,건조,맑음,교차로 - 교차로안,승용,남,60세,상해없음,원동기,남,60세,경상
2021030700100305,2021년 3월 7일 19시,일요일,전라남도 나주시 왕곡면,경상사고,0,0,1,0,차대차 - 추돌,안전운전불이행,건조,맑음,교차로 - 교차로부근,승용,남,69세,상해없음,승용,여,34세,경상
2021030700100306,2021년 3월 7일 19시,일요일,전라남도 장흥군 장흥읍,경상사고,0,0,1,0,차대사람 - 기타,안전운전불이행,건조,흐림,단일로 - 기타,승용,남,65세,상해없음,보행자,남,45세,경상
2021030700100307,2021년 3월 7일 19시,일요일,전라남도 고흥군 남양면,중상사고,0,1,0,0,차량단독 - 공작물충돌,안전운전불이행,건조,맑음,기타 - 기타,승용,남,61세,중상,,,,
2021030700100386,2021년 3월 7일 23시,일요일,전라남도 목포시 용당동,경상사고,0,0,1,0,차대사람 - 차도통행중,안전운전불이행,건조,맑음,단일로 - 기타,이륜,남,17세,상해없음,보행자,남,51세,경상
2021030800100034,2021년 3월 8일 06시,월요일,전라남도 영암군 삼호읍,중상사고,0,1,0,0,차대차 - 측면충돌,차로위반,건조,맑음,단일로 - 기타,화물,남,72세,상해없음,승합,남,31세,중상
2021030800100103,2021년 3월 8일 08시,월요일,전라남도 목포시 상동,중상사고,0,1,0,0,차대차 - 기타,안전운전불이행,건조,맑음,단일로 - 기타,승용,여,44세,상해없음,이륜,남,39세,중상
2021030800100104,2021년 3월 8일 08시,월요일,전라남도 목포시 양동,경상사고,0,0,3,0,차대차 - 추돌,교차로운행방법위반,건조,맑음,교차로 - 교차로안,화물,남,64세,경상,승용,남,35세,경상
2021030800100105,2021년 3월 8일 08시,월요일,전라남도 여수시 신기동,경상사고,0,0,1,0,차대차 - 측면충돌,안전운전불이행,건조,맑음,교차로 - 교차로부근,건설기계,남,71세,상해없음,승용,여,58세,경상
2021030800100106,2021년 3월 8일 08시,월요일,전라남도 여수시 신기동,경상사고,0,0,1,0,차대차 - 기타,안전거리미확보,건조,맑음,교차로 - 교차로안,화물,여,51세,상해없음,승용,여,48세,경상
2021030800100107,2021년 3월 8일 08시,월요일,전라남도 광양시 광양읍,경상사고,0,0,1,0,차대사람 - 길가장자리구역통행중,안전운전불이행,건조,맑음,단일로 - 기타,승용,남,43세,상해없음,보행자,여,12세,경상
2021030800100201,2021년 3월 8일 11시,월요일,전라남도 목포시 용당동,사망사고,1,0,1,0,차대차 - 추돌,안전운전불이행,건조,맑음,교차로 - 교차로부근,이륜,남,73세,사망,승용,남,60세,경상
2021030800100202,2021년 3월 8일 11시,월요일,전라남도 목포시 옥암동,경상사고,0,0,2,0,차대차 - 측면충돌,안전거리미확보,건조,맑음,교차로 - 교차로부근,화물,남,54세,상해없음,화물,남,47세,경상
2021030800100232,2021년 3월 8일 12시,월요일,전라남도 해남군 황산면,중상사고,0,1,0,0,차대사람 - 횡단중,안전운전불이행,건조,맑음,단일로 - 기타,화물,남,75세,상해없음,보행자,여,61세,중상
2021030800100266,2021년 3월 8일 13시,월요일,전라남도 강진군 성전면,경상사고,0,0,2,0,차대차 - 추돌,신호위반,건조,맑음,교차로 - 교차로안,화물,남,66세,경상,승용,남,47세,경상
2021030800100290,2021년 3월 8일 14시,월요일,전라남도 여수시 해산동,경상사고,0,0,1,0,차대차 - 측면충돌,안전운전불이행,건조,맑음,단일로 - 기타,특수,남,62세,상해없음,승용,남,73세,경상
2021030800100291,2021년 3월 8일 14시,월요일,전라남도 화순군 동면,중상사고,0,1,0,0,차량단독 - 기타,안전운전불이행,건조,맑음,기타 - 기타,이륜,남,82세,중상,,,,
2021030800100292,2021년 3월 8일 14시,월요일,전라남도 무안군 무안읍,경상사고,0,0,1,0,차대차 - 기타,안전운전불이행,건조,맑음,기타 - 기타,승용,남,44세,상해없음,화물,남,62세,경상
2021030800100327,2021년 3월 8일 15시,월요일,전라남도 장흥군 장흥읍,중상사고,0,1,1,0,차대사람 - 길가장자리구역통행중,안전운전불이행,건조,맑음,단일로 - 기타,승용,남,71세,상해없음,보행자,여,22세,경상
2021030800100369,2021년 3월 8일 16시,월요일,전라남도 여수시 여서동,중상사고,0,1,0,0,차대사람 - 보도통행중,보행자보호의무위반,건조,맑음,단일로 - 기타,승용,남,68세,상해없음,보행자,남,10세,중상
2021030800100370,2021년 3월 8일 16시,월요일,전라남도 담양군 담양읍,경상사고,0,0,4,0,차대차 - 측면충돌,안전운전불이행,건조,맑음,교차로 - 교차로부근,건설기계,남,57세,상해없음,승용,남,61세,경상
2021030800100407,2021년 3월 8일 17시,월요일,전라남도 여수시 소라면,경상사고,0,0,2,0,차대차 - 추돌,안전운전불이행,건조,맑음,단일로 - 기타,승용,남,51세,상해없음,승용,남,48세,경상
2021030800100408,2021년 3월 8일 17시,월요일,전라남도 영암군 삼호읍,경상사고,0,0,1,0,차대차 - 측면충돌,차로위반,건조,맑음,단일로 - 기타,화물,남,79세,상해없음,화물,남,59세,경상
2021030800100450,2021년 3월 8일 18시,월요일,전라남도 목포시 석현동,경상사고,0,0,1,0,차대차 - 기타,안전운전불이행,건조,맑음,교차로 - 교차로부근,승용,여,40세,상해없음,자전거,남,38세,경상
2021030800100451,2021년 3월 8일 18시,월요일,전라남도 해남군 화원면,중상사고,0,1,0,0,차대사람 - 기타,안전운전불이행,건조,맑음,교차로 - 교차로안,승용,남,42세,기타불명,보행자,여,81세,중상
2021030800100452,2021년 3월 8일 18시,월요일,전라남도 담양군 대전면,중상사고,0,2,0,0,차대차 - 정면충돌,중앙선침범,건조,맑음,단일로 - 기타,승용,여,61세,중상,화물,남,63세,중상
2021030800100453,2021년 3월 8일 18시,월요일,전라남도 광양시 광양읍,경상사고,0,0,1,0,차대차 - 기타,안전운전불이행,건조,맑음,단일로 - 기타,승용,남,46세,상해없음,승용,여,22세,경상
2021030800100494,2021년 3월 8일 19시,월요일,전라남도 무안군 현경면,중상사고,0,1,0,0,차량단독 - 공작물충돌,안전운전불이행,건조,맑음,단일로 - 기타,화물,남,64세,중상,,,,
2021030800100530,2021년 3월 8일 20시,월요일,전라남도 나주시 대호동,중상사고,0,1,1,0,차대차 - 추돌,안전운전불이행,건조,맑음,교차로 - 교차로부근,승용,남,53세,상해없음,승용,여,52세,중상
2021030800100582,2021년 3월 8일 22시,월요일,전라남도 광양시 광양읍,경상사고,0,0,1,0,차대차 - 추돌,안전운전불이행,건조,맑음,단일로 - 기타,승용,여,50세,경상,화물,남,64세,상해없음
2021030800100595,2021년 3월 8일 23시,월요일,전라남도 목포시 상동,중상사고,0,1,0,0,차대사람 - 횡단중,보행자보호의무위반,건조,맑음,단일로 - 기타,이륜,남,26세,상해없음,보행자,여,52세,중상
2021030900100005,2021년 3월 9일 00시,화요일,전라남도 목포시 상동,경상사고,0,0,2,0,차대차 - 측면충돌,교차로운행방법위반,건조,맑음,교차로 - 교차로안,승용,남,62세,경상,승용,남,32세,경상
2021030900100035,2021년 3월 9일 06시,화요일,전라남도 신안군 장산면,중상사고,0,1,0,0,차량단독 - 기타,안전운전불이행,건조,맑음,단일로 - 기타,사륜오토바이(ATV),남,79세,중상,,,,
2021030900100126,2021년 3월 9일 10시,화요일,전라남도 무안군 청계면,중상사고,0,1,0,0,차대차 - 기타,안전운전불이행,건조,맑음,단일로 - 기타,화물,여,58세,상해없음,이륜,남,73세,중상
2021030900100161,2021년 3월 9일 11시,화요일,전라남도 목포시 용당동,경상사고,0,0,1,0,차대사람 - 기타,안전운전불이행,건조,맑음,단일로 - 기타,화물,남,35세,상해없음,보행자,남,64세,경상
2021030900100163,2021년 3월 9일 11시,화요일,전라남도 광양시 광양읍,부상신고사고,0,0,0,1,차대사람 - 기타,안전운전불이행,건조,맑음,기타 - 기타,기타불명,기타불명,미분류,기타불명,보행자,여,35세,부상신고
2021030900100188,2021년 3월 9일 12시,화요일,전라남도 영광군 법성면,경상사고,0,0,1,0,차대차 - 측면충돌,직진우회전진행방해,건조,맑음,교차로 - 교차로안,화물,남,46세,상해없음,승용,여,60세,경상
2021030900100220,2021년 3월 9일 13시,화요일,전라남도 순천시 해룡면,경상사고,0,0,2,0,차대차 - 측면충돌,신호위반,건조,맑음,교차로 - 교차로안,화물,남,52세,상해없음,화물,여,51세,경상
2021030900100221,2021년 3월 9일 13시,화요일,전라남도 무안군 현경면,경상사고,0,0,2,0,차대차 - 측면충돌,신호위반,건조,맑음,교차로 - 교차로안,화물,남,68세,상해없음,승용,남,60세,경상
2021030900100256,2021년 3월 9일 14시,화요일,전라남도 여수시 국동,중상사고,0,1,0,0,차대차 - 추돌,안전운전불이행,건조,맑음,교차로 - 교차로안,이륜,남,71세,중상,화물,남,48세,상해없음
2021030900100257,2021년 3월 9일 14시,화요일,전라남도 여수시 화장동,경상사고,0,0,1,0,차대차 - 추돌,안전운전불이행,건조,맑음,교차로 - 교차로안,화물,여,47세,경상,승용,남,64세,상해없음
2021030900100258,2021년 3월 9일 14시,화요일,전라남도 담양군 대전면,부상신고사고,0,0,0,1,차량단독 - 도로외이탈 - 추락,안전운전불이행,건조,맑음,단일로 - 기타,원동기,남,84세,부상신고,,,,
2021030900100281,2021년 3월 9일 15시,화요일,전라남도 신안군 하의면,경상사고,0,0,1,0,차량단독 - 도로외이탈 - 추락,안전운전불이행,건조,맑음,단일로 - 기타,승용,여,66세,경상,,,,
2021030900100282,2021년 3월 9일 15시,화요일,전라남도 고흥군 금산면,경상사고,0,0,3,0,차대차 - 측면충돌,직진우회전진행방해,건조,맑음,교차로 - 교차로부근,승용,여,38세,경상,승용,남,57세,경상
2021030900100308,2021년 3월 9일 16시,화요일,전라남도 강진군 칠량면,중상사고,0,1,0,0,차대차 - 측면충돌,기타,건조,맑음,교차로 - 교차로안,화물,남,64세,상해없음,사륜오토바이(ATV),여,59세,중상
2021030900100346,2021년 3월 9일 17시,화요일,전라남도 여수시 중흥동,경상사고,0,0,1,0,차대차 - 추돌,안전거리미확보,건조,맑음,단일로 - 기타,승용,남,65세,상해없음,승용,남,54세,경상
2021030900100347,2021년 3월 9일 17시,화요일,전라남도 강진군 칠량면,중상사고,0,1,2,0,차대차 - 추돌,안전운전불이행,건조,맑음,단일로 - 기타,승용,여,66세,경상,승용,남,64세,경상
2021030900100489,2021년 3월 9일 22시,화요일,전라남도 광양시 옥곡면,경상사고,0,0,1,0,차대차 - 측면충돌,신호위반,건조,맑음,교차로 - 교차로안,승용,남,27세,상해없음,승용,여,45세,경상
2021030900100513,2021년 3월 9일 23시,화요일,전라남도 목포시 호남동,경상사고,0,0,2,0,차대차 - 기타,안전운전불이행,건조,맑음,단일로 - 기타,승용,남,35세,경상,승용,남,59세,상해없음
2021031000100016,2021년 3월 10일 01시,수요일,전라남도 담양군 창평면,중상사고,0,1,0,0,차대사람 - 횡단중,보행자보호의무위반,건조,맑음,교차로 - 교차로횡단보도내,화물,남,71세,상해없음,보행자,남,86세,중상
2021031000100027,2021년 3월 10일 04시,수요일,전라남도 고흥군 두원면,사망사고,1,0,0,0,차량단독 - 공작물충돌,안전운전불이행,건조,맑음,단일로 - 기타,승용,남,24세,사망,,,,
2021031000100033,2021년 3월 10일 05시,수요일,전라남도 장성군 장성읍,사망사고,1,0,0,0,차대차 - 기타,신호위반,건조,맑음,교차로 - 교차로안,승용,남,45세,상해없음,승용,남,64세,사망
2021031000100047,2021년 3월 10일 06시,수요일,전라남도 여수시 학동,중상사고,0,2,0,0,차대사람 - 횡단중,신호위반,건조,맑음,교차로 - 교차로횡단보도내,승용,남,68세,상해없음,보행자,여,63세,중상
2021031000100048,2021년 3월 10일 06시,수요일,전라남도 무안군 무안읍,경상사고,0,0,1,0,차대차 - 측면충돌,안전운전불이행,건조,맑음,단일로 - 기타,화물,남,65세,상해없음,화물,남,32세,경상
2021031000100067,2021년 3월 10일 07시,수요일,전라남도 고흥군 도양읍,부상신고사고,0,0,0,1,차대차 - 측면충돌,안전운전불이행,건조,맑음,교차로 - 교차로부근,승용,남,71세,상해없음,승용,남,72세,부상신고
2021031000100151,2021년 3월 10일 10시,수요일,전라남도 광양시 다압면,경상사고,0,0,2,0,차대차 - 추돌,안전운전불이행,건조,맑음,단일로 - 기타,승용,여,65세,경상,승용,남,50세,경상
2021031000100177,2021년 3월 10일 11시,수요일,전라남도 순천시 풍덕동,경상사고,0,0,1,0,차대차 - 기타,차로위반,건조,맑음,단일로 - 기타,승용,남,58세,상해없음,이륜,남,30세,경상
2021031000100209,2021년 3월 10일 12시,수요일,전라남도 목포시 용당동,경상사고,0,0,1,0,차대차 - 측면충돌,안전운전불이행,건조,맑음,교차로 - 교차로안,승용,남,61세,상해없음,이륜,남,17세,경상
2021031000100210,2021년 3월 10일 12시,수요일,전라남도 나주시 산포면,경상사고,0,0,1,0,차대차 - 측면충돌,안전운전불이행,건조,맑음,교차로 - 교차로안,화물,남,56세,상해없음,농기계,남,64세,경상
2021031000100244,2021년 3월 10일 13시,수요일,전라남도 고흥군 금산면,사망사고,1,2,0,0,차대차 - 정면충돌,안전운전불이행,건조,맑음,단일로 - 기타,화물,남,65세,사망,화물,남,57세,중상
2021031000100281,2021년 3월 10일 14시,수요일,전라남도 목포시 옥암동,경상사고,0,0,1,0,차대차 - 추돌,안전운전불이행,건조,맑음,교차로 - 교차로횡단보도내,승용,여,64세,상해없음,이륜,남,41세,경상
2021031000100282,2021년 3월 10일 14시,수요일,전라남도 순천시 왕지동,경상사고,0,0,2,0,차대차 - 측면충돌,교차로운행방법위반,건조,맑음,교차로 - 교차로안,승용,여,56세,경상,승용,남,40세,경상
2021031000100332,2021년 3월 10일 15시,수요일,전라남도 화순군 화순읍,경상사고,0,0,1,0,차대차 - 후진중충돌,안전운전불이행,건조,맑음,기타 - 기타,화물,남,60세,상해없음,승용,여,48세,경상
2021031000100406,2021년 3월 10일 17시,수요일,전라남도 장흥군 장흥읍,경상사고,0,0,3,0,차대차 - 측면충돌,중앙선침범,건조,맑음,단일로 - 기타,승용,여,60세,경상,승용,남,73세,경상
2021031000100538,2021년 3월 10일 21시,수요일,전라남도 여수시 학동,경상사고,0,0,2,0,차대차 - 추돌,안전운전불이행,건조,맑음,교차로 - 교차로부근,승용,남,35세,상해없음,승용,남,27세,경상
2021031000100567,2021년 3월 10일 22시,수요일,전라남도 강진군 마량면,부상신고사고,0,0,0,1,차량단독 - 공작물충돌,안전운전불이행,건조,맑음,단일로 - 기타,승용,남,38세,부상신고,,,,
2021031000100586,2021년 3월 10일 23시,수요일,전라남도 여수시 덕충동,경상사고,0,0,2,0,차대차 - 측면충돌,신호위반,건조,맑음,교차로 - 교차로안,승용,남,54세,상해없음,승용,남,73세,경상
2021031100100092,2021년 3월 11일 08시,목요일,전라남도 여수시 신기동,경상사고,0,0,2,0,차대차 - 기타,안전운전불이행,건조,맑음,단일로 - 기타,승용,남,32세,상해없음,승용,여,36세,경상
2021031100100114,2021년 3월 11일 09시,목요일,전라남도 함평군 나산면,경상사고,0,0,1,0,차대차 - 측면충돌,기타,건조,맑음,교차로 - 교차로안,화물,남,40세,상해없음,사륜오토바이(ATV),여,79세,경상
2021031100100115,2021년 3월 11일 09시,목요일,전라남도 광양시 광양읍,중상사고,0,1,0,0,차대사람 - 횡단중,보행자보호의무위반,건조,맑음,교차로 - 교차로횡단보도내,승용,남,61세,상해없음,보행자,남,81세,중상
2021031100100139,2021년 3월 11일 10시,목요일,전라남도 순천시 매곡동,경상사고,0,0,1,0,차대차 - 기타,안전운전불이행,건조,맑음,교차로 - 교차로안,원동기,남,72세,경상,승용,여,59세,상해없음
2021031100100167,2021년 3월 11일 11시,목요일,전라남도 여수시 신기동,경상사고,0,0,1,2,차대차 - 후진중충돌,안전운전불이행,건조,맑음,단일로 - 기타,승용,남,45세,상해없음,승용,남,40세,기타불명
2021031100100168,2021년 3월 11일 11시,목요일,전라남도 보성군 보성읍,경상사고,0,0,1,0,차대차 - 기타,신호위반,건조,맑음,교차로 - 교차로안,건설기계,남,62세,상해없음,화물,남,63세,경상
2021031100100169,2021년 3월 11일 11시,목요일,전라남도 광양시 중동,경상사고,0,0,1,0,차대차 - 기타,안전운전불이행,건조,맑음,주차장 - 주차장,승합,남,66세,상해없음,승용,남,58세,기타불명
2021031100100221,2021년 3월 11일 13시,목요일,전라남도 순천시 황전면,경상사고,0,0,2,0,차대차 - 기타,중앙선침범,건조,맑음,단일로 - 기타,승용,남,78세,상해없음,승용,여,49세,경상
2021031100100251,2021년 3월 11일 14시,목요일,전라남도 광양시 중동,중상사고,0,1,0,0,차대차 - 기타,직진우회전진행방해,건조,맑음,기타 - 기타,이륜,남,65세,중상,승용,여,51세,상해없음
2021031100100288,2021년 3월 11일 15시,목요일,전라남도 고흥군 고흥읍,중상사고,0,1,1,0,차대차 - 측면충돌,교차로운행방법위반,건조,맑음,교차로 - 교차로안,화물,남,80세,중상,건설기계,남,59세,경상
2021031100100322,2021년 3월 11일 16시,목요일,전라남도 순천시 조례동,경상사고,0,0,1,0,차대차 - 기타,교차로운행방법위반,건조,맑음,교차로 - 교차로부근,승용,남,75세,상해없음,승합,남,50세,상해없음
2021031100100323,2021년 3월 11일 16시,목요일,전라남도 나주시 금천면,경상사고,0,0,1,0,차대차 - 추돌,안전거리미확보,건조,맑음,교차로 - 교차로부근,화물,남,58세,상해없음,화물,남,59세,상해없음
2021031100100324,2021년 3월 11일 16시,목요일,전라남도 장흥군 장흥읍,경상사고,0,0,2,0,차대차 - 측면충돌,안전거리미확보,건조,맑음,단일로 - 기타,승용,여,56세,상해없음,승용,남,63세,경상
2021031100100325,2021년 3월 11일 16시,목요일,전라남도 영암군 삼호읍,경상사고,0,0,1,0,차대차 - 측면충돌,신호위반,건조,맑음,교차로 - 교차로부근,건설기계,남,59세,상해없음,승용,남,41세,경상
2021031100100326,2021년 3월 11일 16시,목요일,전라남도 담양군 담양읍,경상사고,0,0,2,0,차대차 - 측면충돌,직진우회전진행방해,건조,맑음,교차로 - 교차로안,승용,남,32세,경상,승용,남,49세,경상
2021031100100358,2021년 3월 11일 17시,목요일,전라남도 목포시 산정동,경상사고,0,0,2,0,차대차 - 기타,안전운전불이행,건조,맑음,교차로 - 교차로안,승용,여,48세,경상,이륜,남,40세,경상
2021031100100359,2021년 3월 11일 17시,목요일,전라남도 여수시 서교동,경상사고,0,0,1,0,차대사람 - 길가장자리구역통행중,안전운전불이행,건조,맑음,단일로 - 기타,승용,남,69세,상해없음,보행자,여,17세,경상
2021031100100360,2021년 3월 11일 17시,목요일,전라남도 순천시 석현동,경상사고,0,0,1,0,차대차 - 기타,안전운전불이행,건조,맑음,교차로 - 교차로안,승용,여,56세,상해없음,승용,여,28세,경상
2021031100100361,2021년 3월 11일 17시,목요일,전라남도 순천시 서면,경상사고,0,0,2,0,차대차 - 측면충돌,안전운전불이행,건조,맑음,단일로 - 기타,화물,남,56세,상해없음,승용,여,32세,경상
2021031100100438,2021년 3월 11일 19시,목요일,전라남도 영암군 시종면,중상사고,0,1,0,0,차대차 - 측면충돌,안전운전불이행,건조,맑음,교차로 - 교차로안,이륜,남,71세,중상,화물,여,47세,상해없음
2021031100100439,2021년 3월 11일 19시,목요일,전라남도 순천시 승주읍,중상사고,0,1,3,0,차대차 - 기타,안전운전불이행,건조,맑음,단일로 - 기타,화물,남,58세,상해없음,특수,남,62세,상해없음
2021031100100534,2021년 3월 11일 22시,목요일,전라남도 목포시 상동,경상사고,0,0,2,0,차대차 - 추돌,안전운전불이행,젖음/습기,비,교차로 - 교차로부근,승용,남,50세,상해없음,승용,여,26세,경상
2021031100100535,2021년 3월 11일 22시,목요일,전라남도 고흥군 두원면,중상사고,0,1,0,0,차대차 - 추돌,안전운전불이행,건조,맑음,단일로 - 기타,승용,남,51세,상해없음,승용,남,57세,중상
2021031200100008,2021년 3월 12일 01시,금요일,전라남도 여수시 신기동,경상사고,0,0,1,0,차대차 - 추돌,안전운전불이행,젖음/습기,비,교차로 - 교차로안,승용,남,39세,상해없음,승용,여,36세,경상
2021031200100012,2021년 3월 12일 02시,금요일,전라남도 광양시 중동,경상사고,0,0,1,0,차대차 - 기타,교차로운행방법위반,젖음/습기,비,교차로 - 교차로안,승용,남,37세,상해없음,승용,남,55세,경상
2021031200100071,2021년 3월 12일 08시,금요일,전라남도 장성군 황룡면,경상사고,0,0,1,0,차대차 - 측면충돌,안전운전불이행,건조,맑음,교차로 - 교차로부근,승용,남,41세,상해없음,승용,여,46세,경상
2021031200100096,2021년 3월 12일 09시,금요일,전라남도 목포시 산정동,중상사고,0,1,0,0,차대차 - 측면충돌,신호위반,젖음/습기,비,교차로 - 교차로안,화물,남,43세,상해없음,승용,남,51세,중상
2021031200100097,2021년 3월 12일 09시,금요일,전라남도 순천시 대룡동,경상사고,0,0,1,0,차대차 - 추돌,안전운전불이행,젖음/습기,비,교차로 - 교차로부근,화물,남,71세,상해없음,승용,남,42세,경상
2021031200100098,2021년 3월 12일 09시,금요일,전라남도 영광군 염산면,경상사고,0,0,1,0,차대차 - 정면충돌,안전운전불이행,건조,맑음,단일로 - 기타,승용,남,59세,상해없음,승용,남,47세,경상
2021031200100194,2021년 3월 12일 12시,금요일,전라남도 목포시 상동,경상사고,0,0,1,0,차대사람 - 보도통행중,기타,건조,맑음,기타 - 기타,화물,남,58세,상해없음,보행자,남,22세,경상
2021031200100195,2021년 3월 12일 12시,금요일,전라남도 목포시 대양동,중상사고,0,1,1,0,차대차 - 정면충돌,중앙선침범,젖음/습기,비,기타 - 기타,승용,남,36세,경상,승용,여,34세,중상
2021031200100196,2021년 3월 12일 12시,금요일,전라남도 완도군 완도읍,경상사고,0,0,1,0,차대차 - 기타,안전운전불이행,건조,맑음,교차로 - 교차로안,화물,남,62세,상해없음,승용,남,62세,경상
2021031200100217,2021년 3월 12일 13시,금요일,전라남도 여수시 안산동,경상사고,0,0,1,0,차대차 - 측면충돌,신호위반,건조,맑음,교차로 - 교차로안,승용,남,70세,상해없음,승용,여,58세,경상
2021031200100218,2021년 3월 12일 13시,금요일,전라남도 무안군 해제면,경상사고,0,0,1,0,차대차 - 기타,안전운전불이행,건조,맑음,단일로 - 기타,승용,남,25세,기타불명,승용,여,63세,경상
2021031200100255,2021년 3월 12일 14시,금요일,전라남도 보성군 벌교읍,중상사고,0,1,2,0,차대차 - 측면충돌,직진우회전진행방해,건조,맑음,교차로 - 교차로안,화물,여,19세,경상,화물,남,77세,경상
2021031200100256,2021년 3월 12일 14시,금요일,전라남도 구례군 산동면,경상사고,0,0,1,0,차대차 - 정면충돌,교차로운행방법위반,건조,맑음,교차로 - 교차로안,승용,남,60세,상해없음,건설기계,남,55세,상해없음
2021031200100332,2021년 3월 12일 16시,금요일,전라남도 목포시 상동,경상사고,0,0,1,0,차대사람 - 횡단중,안전운전불이행,건조,맑음,기타 - 기타,승용,남,31세,상해없음,보행자,남,13세,경상
2021031200100333,2021년 3월 12일 16시,금요일,전라남도 순천시 연향동,경상사고,0,0,2,0,차대차 - 기타,직진우회전진행방해,건조,맑음,교차로 - 교차로안,승용,여,43세,상해없음,화물,남,59세,경상
2021031200100414,2021년 3월 12일 18시,금요일,전라남도 목포시 상동,중상사고,0,1,1,0,차대차 - 추돌,안전운전불이행,건조,맑음,단일로 - 기타,승용,남,57세,상해없음,승용,여,22세,중상
2021031200100415,2021년 3월 12일 18시,금요일,전라남도 목포시 석현동,경상사고,0,0,2,0,차대차 - 측면충돌,안전운전불이행,건조,맑음,교차로 - 교차로안,승용,남,21세,경상,승용,남,45세,경상
2021031200100416,2021년 3월 12일 18시,금요일,전라남도 장흥군 장흥읍,경상사고,0,0,1,0,차대차 - 측면충돌,안전운전불이행,건조,맑음,단일로 - 기타,화물,남,49세,상해없음,승용,남,49세,경상
2021031200100471,2021년 3월 12일 19시,금요일,전라남도 무안군 삼향읍,경상사고,0,0,1,0,차대사람 - 기타,안전운전불이행,건조,맑음,기타 - 기타,개인형이동수단(PM),남,12세,상해없음,보행자,남,25세,경상
2021031200100472,2021년 3월 12일 19시,금요일,전라남도 광양시 광양읍,경상사고,0,0,1,0,차대차 - 기타,안전운전불이행,젖음/습기,비,기타 - 기타,승용,남,34세,상해없음,이륜,남,38세,경상
2021031200100521,2021년 3월 12일 20시,금요일,전라남도 순천시 동외동,중상사고,0,1,0,0,차대사람 - 횡단중,안전운전불이행,젖음/습기,비,단일로 - 기타,승용,여,57세,상해없음,보행자,남,70세,중상
2021031200100556,2021년 3월 12일 21시,금요일,전라남도 순천시 서면,경상사고,0,0,1,0,차량단독 - 공작물충돌,안전운전불이행,젖음/습기,비,교차로 - 교차로안,화물,남,48세,경상,,,,
2021031300100022,2021년 3월 13일 01시,토요일,전라남도 순천시 조례동,중상사고,0,1,0,0,차대사람 - 횡단중,안전운전불이행,건조,맑음,단일로 - 기타,승용,여,58세,상해없음,보행자,남,24세,중상
2021031300100057,2021년 3월 13일 07시,토요일,전라남도 순천시 해룡면,경상사고,0,0,1,0,차대사람 - 횡단중,신호위반,건조,맑음,교차로 - 교차로횡단보도내,화물,남,53세,상해없음,보행자,남,54세,경상
2021031300100073,2021년 3월 13일 08시,토요일,전라남도 여수시 교동,부상신고사고,0,0,0,2,차대차 - 측면충돌,안전거리미확보,건조,맑음,단일로 - 기타,승용,여,60세,상해없음,승합,남,44세,부상신고
2021031300100074,2021년 3월 13일 08시,토요일,전라남도 보성군 미력면,중상사고,0,1,0,0,차대차 - 정면충돌,중앙선침범,기타,안개,단일로 - 기타,승용,여,48세,상해없음,이륜,남,71세,중상
2021031300100093,2021년 3월 13일 09시,토요일,전라남도 여수시 상암동,경상사고,0,0,1,0,차대차 - 측면충돌,교차로운행방법위반,건조,맑음,교차로 - 교차로안,화물,남,48세,상해없음,승용,남,39세,경상
2021031300100094,2021년 3월 13일 09시,토요일,전라남도 광양시 진월면,경상사고,0,0,1,0,차대차 - 측면충돌,안전운전불이행,건조,맑음,기타 - 기타,승용,남,51세,상해없음,화물,남,58세,상해없음
2021031300100123,2021년 3월 13일 10시,토요일,전라남도 순천시 조례동,경상사고,0,0,1,0,차대차 - 측면충돌,직진우회전진행방해,건조,맑음,교차로 - 교차로안,이륜,남,45세,경상,승용,남,64세,상해없음
2021031300100124,2021년 3월 13일 10시,토요일,전라남도 고흥군 점암면,경상사고,0,0,1,0,차량단독 - 기타,안전운전불이행,건조,맑음,단일로 - 기타,농기계,남,74세,경상,,,,
2021031300100151,2021년 3월 13일 11시,토요일,전라남도 신안군 암태면,경상사고,0,0,2,0,차대차 - 기타,중앙선침범,건조,맑음,단일로 - 기타,화물,남,75세,상해없음,승용,남,63세,경상