사고번호,사고일시,요일,시군구,사고내용,사망자수,중상자수,경상자수,부상신고자수,사고유형,법규위반,노면상태,기상상태,도로형태,가해운전자 차종,가해운전자 성별,가해운전자 연령,가해운전자 상해정도,피해운전자 차종,피해운전자 성별,피해운전자 연령,피해운전자 상해정도
2021031300100195,2021년 3월 13일 12시,토요일,전라남도 여수시 서교동,중상사고,0,2,3,0,차대차 - 기타,안전운전불이행,건조,맑음,교차로 - 교차로부근,화물,남,37세,중상,승용,여,47세,상해없음
2021031300100196,2021년 3월 13일 12시,토요일,전라남도 장흥군 장흥읍,중상사고,0,1,0,0,차대사람 - 횡단중,보행자보호의무위반,건조,맑음,교차로 - 교차로부근,화물,남,41세,상해없음,보행자,남,55세,중상
2021031300100197,2021년 3월 13일 12시,토요일,전라남도 화순군 춘양면,경상사고,0,0,1,0,차대차 - 측면충돌,안전거리미확보,건조,맑음,기타 - 기타,승용,남,59세,상해없음,승용,남,60세,경상
2021031300100198,2021년 3월 13일 12시,토요일,전라남도 영암군 삼호읍,경상사고,0,0,2,0,차대차 - 기타,안전운전불이행,건조,맑음,단일로 - 기타,승용,남,68세,상해없음,승용,여,43세,경상
2021031300100199,2021년 3월 13일 12시,토요일,전라남도 완도군 완도읍,중상사고,0,1,0,0,차대사람 - 횡단중,안전운전불이행,건조,맑음,단일로 - 기타,승용,여,61세,상해없음,보행자,남,3세,중상
2021031300100200,2021년 3월 13일 12시,토요일,전라남도 광양시 다압면,경상사고,0,0,2,0,차대차 - 측면충돌,중앙선침범,건조,맑음,단일로 - 기타,승용,여,28세,상해없음,승용,남,63세,경상
2021031300100244,2021년 3월 13일 13시,토요일,전라남도 목포시 해안동1가,경상사고,0,0,1,0,차대차 - 측면충돌,직진우회전진행방해,건조,맑음,교차로 - 교차로안,승용,남,72세,상해없음,자전거,남,68세,경상
2021031300100245,2021년 3월 13일 13시,토요일,전라남도 고흥군 도양읍,경상사고,0,0,1,0,차대차 - 기타,안전운전불이행,건조,맑음,단일로 - 기타,승용,여,66세,상해없음,자전거,남,79세,경상
2021031300100246,2021년 3월 13일 13시,토요일,전라남도 완도군 완도읍,중상사고,0,1,0,0,차대사람 - 횡단중,보행자보호의무위반,건조,맑음,단일로 - 기타,화물,남,71세,상해없음,보행자,남,60세,중상
2021031300100274,2021년 3월 13일 14시,토요일,전라남도 순천시 조례동,경상사고,0,0,4,0,차대차 - 추돌,안전거리미확보,건조,맑음,기타 - 기타,승용,남,44세,상해없음,승용,여,39세,경상
2021031300100275,2021년 3월 13일 14시,토요일,전라남도 영암군 학산면,경상사고,0,0,1,0,차대차 - 추돌,안전운전불이행,건조,맑음,단일로 - 기타,특수,남,36세,상해없음,승용,여,52세,경상
2021031300100276,2021년 3월 13일 14시,토요일,전라남도 무안군 삼향읍,경상사고,0,0,2,0,차대차 - 기타,신호위반,건조,맑음,기타 - 기타,승용,남,44세,상해없음,승용,여,28세,경상
2021031300100277,2021년 3월 13일 14시,토요일,전라남도 무안군 일로읍,중상사고,0,1,0,0,차대차 - 기타,안전운전불이행,건조,맑음,기타 - 기타,기타불명,기타불명,미분류,기타불명,자전거,남,59세,중상
2021031300100278,2021년 3월 13일 14시,토요일,전라남도 구례군 산동면,경상사고,0,0,6,0,차대차 - 측면충돌,직진우회전진행방해,건조,맑음,교차로 - 교차로안,이륜,남,47세,경상,승용,남,56세,경상
2021031300100309,2021년 3월 13일 15시,토요일,전라남도 구례군 광의면,경상사고,0,0,1,0,차대사람 - 기타,안전운전불이행,건조,맑음,주차장 - 주차장,승용,여,29세,상해없음,보행자,남,52세,경상
2021031300100337,2021년 3월 13일 16시,토요일,전라남도 목포시 산정동,경상사고,0,0,1,0,차대사람 - 기타,안전운전불이행,건조,맑음,단일로 - 기타,승용,여,57세,기타불명,보행자,여,7세,경상
2021031300100338,2021년 3월 13일 16시,토요일,전라남도 목포시 옥암동,경상사고,0,0,1,0,차대차 - 후진중충돌,기타,건조,맑음,주차장 - 주차장,화물,남,43세,상해없음,승용,남,31세,경상
2021031300100373,2021년 3월 13일 17시,토요일,전라남도 나주시 송월동,경상사고,0,0,2,0,차대차 - 기타,직진우회전진행방해,건조,맑음,교차로 - 교차로안,승용,남,69세,상해없음,승용,여,32세,경상
2021031300100404,2021년 3월 13일 18시,토요일,전라남도 강진군 도암면,경상사고,0,0,1,0,차대차 - 기타,안전운전불이행,건조,맑음,교차로 - 교차로부근,특수,남,60세,경상,승용,남,48세,상해없음
2021031300100474,2021년 3월 13일 20시,토요일,전라남도 고흥군 남양면,경상사고,0,0,3,1,차대차 - 기타,안전운전불이행,건조,맑음,단일로 - 기타,승용,남,31세,경상,승용,여,57세,부상신고
2021031300100495,2021년 3월 13일 21시,토요일,전라남도 여수시 주삼동,경상사고,0,0,1,0,차대차 - 측면충돌,안전거리미확보,건조,맑음,단일로 - 기타,승용,남,56세,상해없음,승용,남,21세,경상
2021031400100024,2021년 3월 14일 02시,일요일,전라남도 순천시 연향동,경상사고,0,0,1,0,차대차 - 측면충돌,신호위반,건조,맑음,교차로 - 교차로안,승용,남,20세,상해없음,승용,남,76세,경상
2021031400100041,2021년 3월 14일 05시,일요일,전라남도 목포시 죽교동,경상사고,0,0,3,0,차대차 - 후진중충돌,안전운전불이행,건조,맑음,주차장 - 주차장,승용,남,22세,상해없음,승용,남,31세,경상
2021031400100042,2021년 3월 14일 05시,일요일,전라남도 나주시 이창동,경상사고,0,0,1,0,차량단독 - 공작물충돌,안전운전불이행,젖음/습기,안개,교차로 - 교차로부근,승용,남,24세,상해없음,,,,
2021031400100045,2021년 3월 14일 06시,일요일,전라남도 여수시 돌산읍,부상신고사고,0,0,0,1,차량단독 - 공작물충돌,안전운전불이행,건조,맑음,단일로 - 기타,승용,남,22세,부상신고,,,,
2021031400100061,2021년 3월 14일 08시,일요일,전라남도 장성군 황룡면,중상사고,0,1,0,0,차대차 - 기타,신호위반,건조,맑음,교차로 - 교차로안,승용,남,26세,상해없음,승용,여,33세,중상
2021031400100079,2021년 3월 14일 10시,일요일,전라남도 나주시 다시면,경상사고,0,0,1,0,차대차 - 측면충돌,기타,건조,맑음,교차로 - 교차로안,승용,남,62세,상해없음,특수,남,24세,경상
2021031400100098,2021년 3월 14일 11시,일요일,전라남도 고흥군 풍양면,경상사고,0,0,1,0,차대차 - 측면충돌,안전운전불이행,건조,맑음,교차로 - 교차로부근,승용,여,38세,상해없음,이륜,남,62세,경상
2021031400100099,2021년 3월 14일 11시,일요일,전라남도 화순군 화순읍,경상사고,0,0,1,0,차대차 - 측면충돌,신호위반,건조,맑음,교차로 - 교차로안,승용,남,60세,상해없음,승용,여,41세,경상
2021031400100124,2021년 3월 14일 12시,일요일,전라남도 목포시 상동,경상사고,0,0,1,0,차대차 - 측면충돌,신호위반,건조,맑음,교차로 - 교차로안,이륜,남,24세,상해없음,자전거,남,25세,경상
2021031400100125,2021년 3월 14일 12시,일요일,전라남도 목포시 상동,경상사고,0,0,1,0,차대차 - 정면충돌,안전운전불이행,건조,맑음,주차장 - 주차장,승용,남,61세,상해없음,승용,남,32세,경상
2021031400100126,2021년 3월 14일 12시,일요일,전라남도 강진군 도암면,부상신고사고,0,0,0,1,차량단독 - 공작물충돌,안전운전불이행,건조,맑음,기타 - 기타,승용,여,53세,부상신고,,,,
2021031400100145,2021년 3월 14일 13시,일요일,전라남도 광양시 광양읍,중상사고,0,1,0,0,차대사람 - 횡단중,안전운전불이행,건조,맑음,기타 - 기타,승합,남,42세,상해없음,보행자,남,10세,중상
2021031400100198,2021년 3월 14일 15시,일요일,전라남도 목포시 상동,경상사고,0,0,1,0,차대차 - 측면충돌,안전거리미확보,건조,맑음,단일로 - 기타,승용,남,65세,상해없음,승용,여,26세,상해없음
2021031400100225,2021년 3월 14일 16시,일요일,전라남도 목포시 상동,경상사고,0,0,2,0,차대차 - 기타,안전운전불이행,건조,맑음,단일로 - 기타,승용,여,40세,상해없음,자전거,여,31세,경상
2021031400100226,2021년 3월 14일 16시,일요일,전라남도 순천시 용당동,중상사고,0,1,0,0,차대차 - 기타,직진우회전진행방해,건조,맑음,교차로 - 교차로안,승용,남,21세,상해없음,이륜,남,18세,중상
2021031400100286,2021년 3월 14일 18시,일요일,전라남도 무안군 삼향읍,경상사고,0,0,1,0,차대차 - 추돌,안전운전불이행,건조,맑음,단일로 - 기타,이륜,남,28세,경상,승용,남,58세,상해없음
2021031400100345,2021년 3월 14일 20시,일요일,전라남도 순천시 해룡면,경상사고,0,0,1,0,차대차 - 측면충돌,신호위반,건조,맑음,교차로 - 교차로안,이륜,남,26세,상해없음,승용,여,31세,경상
2021031500100009,2021년 3월 15일 01시,월요일,전라남도 해남군 송지면,중상사고,0,1,0,0,차량단독 - 공작물충돌,안전운전불이행,건조,맑음,단일로 - 기타,승용,남,21세,상해없음,,,,
2021031500100025,2021년 3월 15일 05시,월요일,전라남도 여수시 미평동,경상사고,0,0,1,0,차대차 - 추돌,안전운전불이행,건조,맑음,단일로 - 기타,승용,남,32세,상해없음,승용,여,30세,경상
2021031500100051,2021년 3월 15일 07시,월요일,전라남도 영광군 홍농읍,중상사고,0,1,0,0,차대차 - 측면충돌,직진우회전진행방해,건조,맑음,교차로 - 교차로안,승용,남,41세,중상,화물,남,69세,상해없음
2021031500100086,2021년 3월 15일 08시,월요일,전라남도 순천시 조례동,경상사고,0,0,1,0,차대사람 - 횡단중,보행자보호의무위반,건조,맑음,교차로 - 교차로안,승용,여,69세,상해없음,보행자,남,22세,경상
2021031500100087,2021년 3월 15일 08시,월요일,전라남도 영암군 학산면,경상사고,0,0,1,0,차대차 - 측면충돌,신호위반,젖음/습기,안개,교차로 - 교차로안,화물,남,56세,상해없음,승용,남,34세,경상
2021031500100186,2021년 3월 15일 11시,월요일,전라남도 나주시 노안면,중상사고,0,1,0,0,차대사람 - 기타,안전운전불이행,건조,맑음,기타 - 기타,화물,남,55세,상해없음,보행자,여,54세,중상
2021031500100187,2021년 3월 15일 11시,월요일,전라남도 장성군 서삼면,경상사고,0,0,1,0,차대차 - 기타,안전운전불이행,건조,맑음,단일로 - 기타,농기계,남,80세,상해없음,자전거,여,69세,경상
2021031500100214,2021년 3월 15일 12시,월요일,전라남도 목포시 상동,경상사고,0,0,1,0,차대차 - 기타,신호위반,건조,맑음,교차로 - 교차로안,승용,여,22세,상해없음,승용,여,48세,경상
2021031500100215,2021년 3월 15일 12시,월요일,전라남도 강진군 성전면,경상사고,0,0,1,0,차대차 - 정면충돌,안전운전불이행,젖음/습기,맑음,교차로 - 교차로안,승용,남,76세,경상,승용,남,49세,상해없음
2021031500100235,2021년 3월 15일 13시,월요일,전라남도 보성군 회천면,사망사고,1,0,0,0,차량단독 - 공작물충돌,안전운전불이행,건조,맑음,단일로 - 기타,이륜,남,74세,사망,,,,
2021031500100236,2021년 3월 15일 13시,월요일,전라남도 광양시 광양읍,중상사고,0,1,0,0,차대사람 - 횡단중,안전운전불이행,건조,맑음,단일로 - 기타,이륜,남,31세,상해없음,보행자,남,57세,중상
2021031500100271,2021년 3월 15일 14시,월요일,전라남도 목포시 석현동,경상사고,0,0,1,0,차대차 - 기타,안전거리미확보,건조,맑음,교차로 - 교차로부근,승용,남,64세,상해없음,승용,남,29세,경상
2021031500100272,2021년 3월 15일 14시,월요일,전라남도 고흥군 점암면,중상사고,0,1,0,0,차량단독 - 기타,안전운전불이행,건조,맑음,기타 - 기타,화물,남,59세,중상,,,,
2021031500100273,2021년 3월 15일 14시,월요일,전라남도 보성군 벌교읍,경상사고,0,0,2,0,차대차 - 측면충돌,직진우회전진행방해,건조,맑음,교차로 - 교차로안,화물,남,60세,경상,승용,여,69세,경상
2021031500100337,2021년 3월 15일 16시,월요일,전라남도 여수시 돌산읍,경상사고,0,0,1,0,차대차 - 측면충돌,중앙선침범,건조,맑음,단일로 - 기타,이륜,남,29세,상해없음,승용,여,42세,경상
2021031500100377,2021년 3월 15일 17시,월요일,전라남도 목포시 용당동,경상사고,0,0,3,0,차대차 - 기타,교차로운행방법위반,건조,맑음,교차로 - 교차로안,승용,남,24세,경상,화물,남,53세,경상
2021031500100378,2021년 3월 15일 17시,월요일,전라남도 함평군 손불면,경상사고,0,0,1,0,차대사람 - 기타,안전운전불이행,건조,맑음,단일로 - 기타,화물,남,63세,상해없음,보행자,남,38세,경상
2021031500100465,2021년 3월 15일 19시,월요일,전라남도 장성군 장성읍,중상사고,0,2,1,0,차대차 - 정면충돌,신호위반,건조,맑음,교차로 - 교차로안,승용,남,19세,상해없음,승용,남,58세,경상
2021031500100554,2021년 3월 15일 23시,월요일,전라남도 목포시 용해동,경상사고,0,0,2,0,차대차 - 추돌,안전운전불이행,젖음/습기,비,단일로 - 기타,승용,남,40세,상해없음,승용,남,42세,경상
2021031600100114,2021년 3월 16일 08시,화요일,전라남도 화순군 화순읍,경상사고,0,0,1,0,차대사람 - 보도통행중,보행자보호의무위반,젖음/습기,흐림,교차로 - 교차로부근,자전거,남,13세,상해없음,보행자,여,82세,경상
2021031600100147,2021년 3월 16일 09시,화요일,전라남도 담양군 수북면,부상신고사고,0,0,0,1,차대차 - 기타,직진우회전진행방해,건조,맑음,교차로 - 교차로안,화물,남,79세,부상신고,화물,남,42세,상해없음
2021031600100179,2021년 3월 16일 10시,화요일,전라남도 광양시 광양읍,경상사고,0,0,3,0,차대차 - 기타,안전거리미확보,건조,맑음,기타 - 기타,승용,여,53세,상해없음,화물,남,35세,경상
2021031600100180,2021년 3월 16일 10시,화요일,전라남도 장성군 북이면,사망사고,1,0,0,0,차대차 - 측면충돌,기타,건조,맑음,기타 - 기타,승합,남,52세,상해없음,화물,여,53세,사망
2021031600100214,2021년 3월 16일 11시,화요일,전라남도 무안군 무안읍,경상사고,0,0,1,0,차대차 - 기타,신호위반,건조,맑음,교차로 - 교차로부근,화물,남,59세,상해없음,승용,여,38세,경상
2021031600100240,2021년 3월 16일 12시,화요일,전라남도 목포시 상동,중상사고,0,2,0,0,차대차 - 추돌,안전운전불이행,건조,맑음,교차로 - 교차로안,승용,남,50세,상해없음,승용,남,43세,중상
2021031600100241,2021년 3월 16일 12시,화요일,전라남도 나주시 금성동,중상사고,0,1,0,0,차대사람 - 보도통행중,안전운전불이행,건조,맑음,단일로 - 기타,승용,남,58세,상해없음,보행자,남,84세,중상
2021031600100242,2021년 3월 16일 12시,화요일,전라남도 구례군 마산면,경상사고,0,0,1,0,차대차 - 후진중충돌,안전운전불이행,건조,맑음,주차장 - 주차장,승용,남,52세,상해없음,화물,남,44세,상해없음
2021031600100274,2021년 3월 16일 13시,화요일,전라남도 순천시 동외동,경상사고,0,0,1,0,차대차 - 측면충돌,직진우회전진행방해,건조,맑음,교차로 - 교차로안,승용,여,72세,상해없음,승용,여,51세,경상
2021031600100275,2021년 3월 16일 13시,화요일,전라남도 고흥군 고흥읍,경상사고,0,0,1,0,차대차 - 기타,안전운전불이행,건조,맑음,단일로 - 기타,승용,남,56세,상해없음,화물,남,56세,경상
2021031600100276,2021년 3월 16일 13시,화요일,전라남도 영암군 영암읍,중상사고,0,1,0,0,차대차 - 추돌,안전운전불이행,건조,맑음,단일로 - 기타,승용,남,77세,상해없음,승용,남,62세,기타불명
2021031600100337,2021년 3월 16일 15시,화요일,전라남도 고흥군 도양읍,경상사고,0,0,1,0,차대사람 - 기타,안전운전불이행,건조,맑음,교차로 - 교차로부근,승용,여,59세,상해없음,보행자,남,59세,경상
2021031600100338,2021년 3월 16일 15시,화요일,전라남도 장성군 북이면,경상사고,0,0,1,0,차대차 - 측면충돌,안전운전불이행,건조,맑음,교차로 - 교차로안,승용,여,69세,상해없음,승용,남,60세,경상
2021031600100370,2021년 3월 16일 16시,화요일,전라남도 여수시 문수동,경상사고,0,0,1,0,차대사람 - 횡단중,보행자보호의무위반,건조,맑음,교차로 - 교차로안,승용,여,50세,상해없음,보행자,여,45세,경상
2021031600100371,2021년 3월 16일 16시,화요일,전라남도 여수시 율촌면,경상사고,0,0,2,0,차대차 - 기타,교차로운행방법위반,건조,맑음,교차로 - 교차로안,화물,남,60세,상해없음,승용,여,40세,경상
2021031600100372,2021년 3월 16일 16시,화요일,전라남도 순천시 조례동,경상사고,0,0,2,0,차대차 - 측면충돌,중앙선침범,건조,맑음,교차로 - 교차로부근,화물,남,38세,상해없음,승용,남,33세,경상
2021031600100373,2021년 3월 16일 16시,화요일,전라남도 해남군 삼산면,중상사고,0,1,0,0,차대차 - 정면충돌,안전운전불이행,건조,맑음,교차로 - 교차로안,이륜,남,57세,중상,화물,남,43세,상해없음
2021031600100374,2021년 3월 16일 16시,화요일,전라남도 담양군 담양읍,부상신고사고,0,0,0,1,차대차 - 기타,안전거리미확보,건조,맑음,교차로 - 교차로안,사륜오토바이(ATV),남,71세,부상신고,승용,여,46세,상해없음
2021031600100453,2021년 3월 16일 18시,화요일,전라남도 순천시 용당동,경상사고,0,0,1,0,차대차 - 기타,안전운전불이행,건조,맑음,단일로 - 기타,승용,남,26세,상해없음,이륜,남,29세,경상
2021031600100520,2021년 3월 16일 20시,화요일,전라남도 여수시 학동,경상사고,0,0,2,0,차대차 - 추돌,안전운전불이행,건조,맑음,단일로 - 기타,승용,남,27세,상해없음,승용,남,40세,경상
2021031600100537,2021년 3월 16일 21시,화요일,전라남도 여수시 선원동,중상사고,0,1,0,0,차대차 - 기타,신호위반,건조,맑음,교차로 - 교차로안,승용,남,21세,상해없음,이륜,남,26세,중상
2021031700100026,2021년 3월 17일 05시,수요일,전라남도 여수시 신기동,경상사고,0,0,1,0,차대차 - 측면충돌,안전운전불이행,건조,맑음,교차로 - 교차로부근,이륜,남,16세,경상,승용,남,24세,상해없음
2021031700100085,2021년 3월 17일 08시,수요일,전라남도 나주시 송월동,경상사고,0,0,1,0,차대차 - 측면충돌,직진우회전진행방해,건조,맑음,교차로 - 교차로안,승용,여,41세,상해없음,자전거,남,74세,경상
2021031700100086,2021년 3월 17일 08시,수요일,전라남도 해남군 해남읍,경상사고,0,0,2,0,차대차 - 측면충돌,안전운전불이행,건조,맑음,단일로 - 기타,승용,남,84세,상해없음,승용,여,48세,경상
2021031700100114,2021년 3월 17일 09시,수요일,전라남도 순천시 승주읍,중상사고,0,1,0,0,차대차 - 추돌,안전운전불이행,건조,맑음,기타 - 기타,승용,남,36세,중상,화물,남,43세,기타불명
2021031700100141,2021년 3월 17일 10시,수요일,전라남도 강진군 작천면,경상사고,0,0,2,0,차대차 - 측면충돌,기타,건조,맑음,교차로 - 교차로안,승용,여,59세,경상,승용,남,52세,경상
2021031700100168,2021년 3월 17일 11시,수요일,전라남도 목포시 상동,경상사고,0,0,2,0,차대차 - 기타,직진우회전진행방해,건조,맑음,교차로 - 교차로안,승용,남,76세,상해없음,승용,남,52세,경상
2021031700100169,2021년 3월 17일 11시,수요일,전라남도 여수시 관문동,부상신고사고,0,0,0,1,차대차 - 추돌,안전거리미확보,건조,맑음,단일로 - 기타,이륜,남,20세,부상신고,승용,남,52세,상해없음
2021031700100170,2021년 3월 17일 11시,수요일,전라남도 무안군 삼향읍,경상사고,0,0,2,0,차대차 - 기타,안전운전불이행,건조,맑음,교차로 - 교차로안,승용,남,76세,상해없음,승용,여,34세,경상
2021031700100202,2021년 3월 17일 12시,수요일,전라남도 광양시 마동,경상사고,0,0,1,0,차대차 - 측면충돌,안전거리미확보,건조,맑음,단일로 - 기타,이륜,남,58세,경상,승용,남,65세,상해없음
2021031700100239,2021년 3월 17일 13시,수요일,전라남도 순천시 조례동,경상사고,0,0,1,0,차대차 - 측면충돌,직진우회전진행방해,건조,맑음,교차로 - 교차로부근,승용,남,82세,상해없음,승용,여,41세,경상
2021031700100270,2021년 3월 17일 14시,수요일,전라남도 순천시 조례동,경상사고,0,0,1,0,차대차 - 기타,직진우회전진행방해,건조,맑음,교차로 - 교차로안,승용,여,33세,상해없음,승용,여,57세,경상
2021031700100271,2021년 3월 17일 14시,수요일,전라남도 화순군 화순읍,경상사고,0,0,1,0,차대차 - 추돌,안전운전불이행,건조,맑음,교차로 - 교차로부근,건설기계,남,49세,상해없음,승용,여,60세,경상
2021031700100272,2021년 3월 17일 14시,수요일,전라남도 담양군 고서면,경상사고,0,0,1,0,차대차 - 추돌,안전운전불이행,건조,맑음,단일로 - 기타,건설기계,남,45세,상해없음,화물,남,69세,경상
2021031700100273,2021년 3월 17일 14시,수요일,전라남도 무안군 무안읍,경상사고,0,0,2,0,차대차 - 기타,안전운전불이행,건조,맑음,기타 - 기타,승용,남,49세,상해없음,승용,남,63세,경상
2021031700100306,2021년 3월 17일 15시,수요일,전라남도 여수시 학동,중상사고,0,1,1,0,차대사람 - 길가장자리구역통행중,안전운전불이행,건조,맑음,교차로 - 교차로부근,승용,남,76세,상해없음,보행자,여,57세,경상
2021031700100343,2021년 3월 17일 16시,수요일,전라남도 순천시 해룡면,중상사고,0,1,0,0,차대차 - 측면충돌,안전운전불이행,건조,맑음,교차로 - 교차로안,승용,여,36세,상해없음,이륜,남,48세,중상
2021031700100387,2021년 3월 17일 17시,수요일,전라남도 완도군 완도읍,경상사고,0,0,2,0,차대차 - 측면충돌,안전운전불이행,건조,맑음,단일로 - 기타,승용,여,54세,상해없음,승용,여,46세,경상
2021031700100428,2021년 3월 17일 18시,수요일,전라남도 목포시 옥암동,경상사고,0,0,1,0,차대사람 - 횡단중,보행자보호의무위반,건조,맑음,교차로 - 교차로횡단보도내,승용,남,52세,상해없음,보행자,남,21세,경상
2021031700100464,2021년 3월 17일 19시,수요일,전라남도 장성군 장성읍,중상사고,0,1,0,0,차대차 - 추돌,안전운전불이행,건조,맑음,단일로 - 기타,승용,남,28세,상해없음,농기계,남,81세,중상
2021031700100505,2021년 3월 17일 20시,수요일,전라남도 무안군 무안읍,경상사고,0,0,1,0,차대사람 - 기타,안전운전불이행,건조,맑음,단일로 - 기타,승용,여,32세,상해없음,보행자,여,78세,경상
2021031700100532,2021년 3월 17일 21시,수요일,전라남도 나주시 빛가람동,중상사고,0,1,0,0,차대차 - 측면충돌,중앙선침범,건조,맑음,교차로 - 교차로안,개인형이동수단(PM),남,15세,중상,승용,남,37세,상해없음
2021031700100581,2021년 3월 17일 23시,수요일,전라남도 광양시 광양읍,경상사고,0,0,1,0,차량단독 - 공작물충돌,안전운전불이행,건조,맑음,교차로 - 교차로안,승용,남,25세,경상,,,,
2021031800100027,2021년 3월 18일 04시,목요일,전라남도 담양군 대전면,중상사고,0,1,1,0,차대차 - 추돌,안전운전불이행,건조,맑음,단일로 - 기타,승용,남,40세,상해없음,농기계,남,74세,중상
2021031800100037,2021년 3월 18일 05시,목요일,전라남도 여수시 국동,중상사고,0,1,1,0,차대차 - 측면충돌,신호위반,건조,맑음,교차로 - 교차로안,승용,남,37세,경상,승용,남,65세,중상
2021031800100046,2021년 3월 18일 06시,목요일,전라남도 목포시 옥암동,경상사고,0,0,1,0,차대차 - 측면충돌,교차로운행방법위반,건조,맑음,교차로 - 교차로부근,승용,여,26세,경상,승용,남,55세,상해없음
2021031800100098,2021년 3월 18일 08시,목요일,전라남도 목포시 동명동,경상사고,0,0,1,0,차대차 - 측면충돌,안전운전불이행,건조,맑음,교차로 - 교차로안,승용,여,65세,경상,화물,남,37세,상해없음
2021031800100099,2021년 3월 18일 08시,목요일,전라남도 화순군 화순읍,경상사고,0,0,1,0,차대차 - 추돌,기타,건조,맑음,교차로 - 교차로안,화물,남,50세,상해없음,자전거,남,11세,경상
2021031800100122,2021년 3월 18일 09시,목요일,전라남도 무안군 해제면,경상사고,0,0,1,0,차량단독 - 도로외이탈 - 기타,안전운전불이행,건조,맑음,기타 - 기타,승용,남,82세,경상,,,,
2021031800100144,2021년 3월 18일 10시,목요일,전라남도 고흥군 도양읍,경상사고,0,0,2,0,차대차 - 추돌,안전운전불이행,건조,맑음,교차로 - 교차로부근,화물,남,62세,경상,화물,남,49세,경상
2021031800100171,2021년 3월 18일 11시,목요일,전라남도 목포시 용해동,경상사고,0,0,2,0,차대차 - 측면충돌,안전운전불이행,건조,맑음,교차로 - 교차로안,승용,남,55세,경상,승용,여,47세,경상
2021031800100202,2021년 3월 18일 12시,목요일,전라남도 순천시 매곡동,중상사고,0,1,0,0,차대사람 - 횡단중,보행자보호의무위반,건조,맑음,교차로 - 교차로횡단보도내,승용,여,66세,상해없음,보행자,여,69세,중상
2021031800100229,2021년 3월 18일 13시,목요일,전라남도 목포시 옥암동,경상사고,0,0,1,0,차대차 - 기타,기타,건조,맑음,단일로 - 기타,승합,남,66세,기타불명,이륜,남,17세,경상
2021031800100230,2021년 3월 18일 13시,목요일,전라남도 목포시 옥암동,중상사고,0,1,0,0,차대차 - 측면충돌,안전운전불이행,건조,맑음,교차로 - 교차로안,승용,남,55세,상해없음,이륜,남,16세,중상
2021031800100231,2021년 3월 18일 13시,목요일,전라남도 영암군 영암읍,경상사고,0,0,1,0,차대사람 - 기타,안전운전불이행,건조,맑음,단일로 - 기타,승합,여,30세,상해없음,보행자,남,68세,경상
2021031800100266,2021년 3월 18일 14시,목요일,전라남도 목포시 산정동,경상사고,0,0,1,0,차대사람 - 기타,안전운전불이행,건조,맑음,교차로 - 교차로안,승용,남,89세,상해없음,보행자,남,69세,경상
2021031800100267,2021년 3월 18일 14시,목요일,전라남도 장성군 남면,경상사고,0,0,2,0,차대차 - 추돌,안전거리미확보,건조,맑음,단일로 - 기타,화물,남,51세,상해없음,승용,여,57세,상해없음
2021031800100268,2021년 3월 18일 14시,목요일,전라남도 진도군 고군면,중상사고,0,1,0,0,차대사람 - 기타,안전운전불이행,건조,맑음,교차로 - 교차로안,승용,남,85세,상해없음,보행자,여,81세,중상
2021031800100300,2021년 3월 18일 15시,목요일,전라남도 목포시 산정동,경상사고,0,0,6,0,차대차 - 측면충돌,안전운전불이행,건조,맑음,단일로 - 기타,승용,남,32세,경상,승용,여,35세,경상
2021031800100332,2021년 3월 18일 16시,목요일,전라남도 해남군 해남읍,중상사고,0,1,3,0,차대차 - 추돌,안전운전불이행,건조,맑음,단일로 - 기타,화물,남,52세,중상,화물,남,58세,기타불명
2021031800100368,2021년 3월 18일 17시,목요일,전라남도 여수시 봉계동,중상사고,0,1,0,0,차대사람 - 횡단중,보행자보호의무위반,건조,맑음,단일로 - 기타,승용,여,35세,상해없음,보행자,여,10세,중상
2021031800100369,2021년 3월 18일 17시,목요일,전라남도 여수시 학동,경상사고,0,0,1,0,차대차 - 측면충돌,안전운전불이행,건조,맑음,단일로 - 기타,승용,여,59세,기타불명,승용,여,45세,경상
2021031800100399,2021년 3월 18일 18시,목요일,전라남도 나주시 금천면,경상사고,0,0,3,0,차대차 - 측면충돌,신호위반,건조,맑음,교차로 - 교차로안,승용,남,46세,경상,승용,남,33세,경상
2021031800100400,2021년 3월 18일 18시,목요일,전라남도 영암군 도포면,경상사고,0,0,1,0,차대사람 - 보도통행중,안전운전불이행,건조,맑음,단일로 - 기타,농기계,남,61세,상해없음,보행자,남,71세,경상
2021031800100435,2021년 3월 18일 19시,목요일,전라남도 목포시 상동,경상사고,0,0,2,0,차대차 - 측면충돌,교차로운행방법위반,건조,맑음,교차로 - 교차로부근,승용,남,45세,경상,승용,여,65세,경상
2021031800100436,2021년 3월 18일 19시,목요일,전라남도 함평군 손불면,중상사고,0,1,0,0,차대사람 - 횡단중,안전운전불이행,건조,맑음,단일로 - 기타,승용,여,35세,상해없음,보행자,남,78세,중상
2021031800100437,2021년 3월 18일 19시,목요일,전라남도 광양시 광양읍,경상사고,0,0,2,0,차대차 - 측면충돌,안전운전불이행,건조,맑음,교차로 - 교차로부근,승용,남,22세,상해없음,승용,남,32세,경상