사고번호,사고일시,요일,시군구,사고내용,사망자수,중상자수,경상자수,부상신고자수,사고유형,법규위반,노면상태,기상상태,도로형태,가해운전자 차종,가해운전자 성별,가해운전자 연령,가해운전자 상해정도,피해운전자 차종,피해운전자 성별,피해운전자 연령,피해운전자 상해정도
2021031800100478,2021년 3월 18일 21시,목요일,전라남도 광양시 금호동,중상사고,0,1,0,0,차대사람 - 기타,보행자보호의무위반,건조,기타,교차로 - 교차로안,승용,여,33세,상해없음,보행자,남,48세,중상
2021031900100033,2021년 3월 19일 05시,금요일,전라남도 순천시 덕암동,경상사고,0,0,1,0,차대사람 - 횡단중,신호위반,건조,맑음,단일로 - 기타,승용,여,68세,상해없음,보행자,남,54세,경상
2021031900100086,2021년 3월 19일 08시,금요일,전라남도 신안군 신의면,사망사고,1,0,0,0,차대차 - 기타,중앙선침범,건조,맑음,기타 - 기타,화물,남,68세,상해없음,이륜,남,49세,사망
2021031900100087,2021년 3월 19일 08시,금요일,전라남도 목포시 용당동,경상사고,0,0,1,0,차대차 - 후진중충돌,안전운전불이행,건조,맑음,기타 - 기타,승용,여,34세,상해없음,승용,여,70세,경상
2021031900100120,2021년 3월 19일 09시,금요일,전라남도 순천시 조례동,경상사고,0,0,3,0,차대차 - 측면충돌,신호위반,건조,맑음,교차로 - 교차로안,승용,남,64세,상해없음,승용,남,32세,경상
2021031900100145,2021년 3월 19일 10시,금요일,전라남도 목포시 옥암동,경상사고,0,0,1,0,차대차 - 후진중충돌,안전운전불이행,건조,맑음,단일로 - 기타,승용,남,59세,상해없음,승합,남,53세,상해없음
2021031900100146,2021년 3월 19일 10시,금요일,전라남도 여수시 소라면,경상사고,0,0,2,0,차대차 - 추돌,안전운전불이행,건조,맑음,단일로 - 기타,특수,남,58세,상해없음,승용,여,19세,경상
2021031900100181,2021년 3월 19일 11시,금요일,전라남도 목포시 산정동,경상사고,0,0,1,0,차량단독 - 공작물충돌,안전운전불이행,건조,맑음,교차로 - 교차로안,화물,남,75세,경상,,,,
2021031900100182,2021년 3월 19일 11시,금요일,전라남도 나주시 남평읍,중상사고,0,1,0,0,차대차 - 측면충돌,중앙선침범,건조,맑음,교차로 - 교차로부근,이륜,남,76세,중상,건설기계,남,33세,상해없음
2021031900100256,2021년 3월 19일 13시,금요일,전라남도 해남군 황산면,경상사고,0,0,1,0,차대사람 - 횡단중,기타,건조,맑음,교차로 - 교차로안,승용,남,81세,상해없음,보행자,여,80세,경상
2021031900100325,2021년 3월 19일 15시,금요일,전라남도 목포시 상동,중상사고,0,1,0,0,차대차 - 기타,직진우회전진행방해,건조,맑음,교차로 - 교차로안,승용,여,55세,상해없음,이륜,남,21세,중상
2021031900100326,2021년 3월 19일 15시,금요일,전라남도 무안군 삼향읍,경상사고,0,0,1,0,차대차 - 기타,교차로운행방법위반,건조,맑음,교차로 - 교차로안,승용,여,32세,경상,승용,남,27세,상해없음
2021031900100327,2021년 3월 19일 15시,금요일,전라남도 광양시 다압면,중상사고,0,1,0,0,차대차 - 측면충돌,중앙선침범,건조,맑음,교차로 - 교차로안,농기계,남,82세,상해없음,승용,여,60세,상해없음
2021031900100421,2021년 3월 19일 17시,금요일,전라남도 구례군 산동면,경상사고,0,0,1,0,차대차 - 측면충돌,직진우회전진행방해,건조,맑음,교차로 - 교차로안,승용,남,70세,상해없음,승용,남,55세,경상
2021031900100458,2021년 3월 19일 18시,금요일,전라남도 목포시 옥암동,경상사고,0,0,1,0,차대차 - 기타,안전운전불이행,건조,맑음,단일로 - 기타,승용,남,56세,상해없음,이륜,남,49세,경상
2021031900100505,2021년 3월 19일 19시,금요일,전라남도 광양시 중동,경상사고,0,0,1,0,차대차 - 기타,안전운전불이행,건조,맑음,단일로 - 기타,승용,남,56세,상해없음,승용,여,29세,경상
2021031900100555,2021년 3월 19일 20시,금요일,전라남도 영암군 삼호읍,중상사고,0,2,0,0,차대차 - 추돌,안전거리미확보,건조,맑음,교차로 - 교차로부근,승용,남,28세,상해없음,승용,남,50세,중상
2021031900100627,2021년 3월 19일 22시,금요일,전라남도 나주시 빛가람동,경상사고,0,0,1,0,차대사람 - 기타,안전운전불이행,건조,맑음,기타 - 기타,승용,여,52세,상해없음,보행자,남,34세,경상
2021032000100015,2021년 3월 20일 01시,토요일,전라남도 영암군 삼호읍,경상사고,0,0,2,0,차대차 - 측면충돌,직진우회전진행방해,젖음/습기,비,교차로 - 교차로안,승용,남,49세,경상,승용,여,36세,경상
2021032000100100,2021년 3월 20일 10시,토요일,전라남도 목포시 용해동,경상사고,0,0,1,0,차대차 - 추돌,안전운전불이행,젖음/습기,비,교차로 - 교차로부근,승용,남,57세,상해없음,승용,남,62세,경상
2021032000100101,2021년 3월 20일 10시,토요일,전라남도 순천시 황전면,중상사고,0,1,5,0,차대차 - 추돌,기타,젖음/습기,비,단일로 - 기타,승용,남,58세,경상,승용,남,58세,경상
2021032000100127,2021년 3월 20일 11시,토요일,전라남도 목포시 상동,경상사고,0,0,3,0,차대차 - 기타,안전운전불이행,젖음/습기,비,교차로 - 교차로안,승용,남,59세,상해없음,화물,남,43세,경상
2021032000100128,2021년 3월 20일 11시,토요일,전라남도 담양군 담양읍,경상사고,0,0,1,0,차대차 - 후진중충돌,안전운전불이행,젖음/습기,맑음,단일로 - 기타,승용,여,59세,상해없음,화물,남,52세,경상
2021032000100129,2021년 3월 20일 11시,토요일,전라남도 광양시 마동,중상사고,0,1,4,0,차대차 - 정면충돌,중앙선침범,젖음/습기,비,단일로 - 기타,승용,여,52세,경상,승용,남,61세,경상
2021032000100166,2021년 3월 20일 12시,토요일,전라남도 여수시 봉산동,경상사고,0,0,2,0,차대차 - 기타,교차로운행방법위반,건조,맑음,교차로 - 교차로부근,건설기계,남,49세,상해없음,승용,남,51세,경상
2021032000100205,2021년 3월 20일 13시,토요일,전라남도 여수시 선원동,중상사고,0,1,0,0,차대사람 - 기타,안전운전불이행,건조,맑음,단일로 - 기타,이륜,남,42세,상해없음,보행자,여,68세,중상
2021032000100206,2021년 3월 20일 13시,토요일,전라남도 영암군 신북면,경상사고,0,0,3,0,차대차 - 측면충돌,안전운전불이행,건조,흐림,교차로 - 교차로안,승용,여,53세,상해없음,승용,여,56세,경상
2021032000100240,2021년 3월 20일 14시,토요일,전라남도 무안군 삼향읍,경상사고,0,0,2,0,차대차 - 후진중충돌,안전운전불이행,건조,맑음,주차장 - 주차장,승용,여,38세,상해없음,승용,남,23세,경상
2021032000100241,2021년 3월 20일 14시,토요일,전라남도 광양시 중동,경상사고,0,0,1,0,차대차 - 기타,안전운전불이행,젖음/습기,비,교차로 - 교차로안,승용,남,59세,상해없음,이륜,남,37세,경상
2021032000100269,2021년 3월 20일 15시,토요일,전라남도 신안군 압해읍,경상사고,0,0,2,0,차대차 - 측면충돌,안전운전불이행,건조,맑음,단일로 - 기타,승용,남,43세,상해없음,승용,남,73세,경상
2021032000100366,2021년 3월 20일 18시,토요일,전라남도 여수시 학동,경상사고,0,0,4,0,차대차 - 측면충돌,신호위반,건조,맑음,교차로 - 교차로안,승용,여,63세,상해없음,승용,남,46세,경상
2021032000100367,2021년 3월 20일 18시,토요일,전라남도 여수시 미평동,경상사고,0,0,1,0,차대사람 - 횡단중,보행자보호의무위반,건조,맑음,교차로 - 교차로부근,승용,남,53세,상해없음,보행자,여,9세,경상
2021032000100368,2021년 3월 20일 18시,토요일,전라남도 무안군 청계면,경상사고,0,0,1,0,차대차 - 기타,신호위반,건조,흐림,교차로 - 교차로부근,자전거,남,56세,경상,승용,여,34세,상해없음
2021032000100400,2021년 3월 20일 19시,토요일,전라남도 무안군 삼향읍,경상사고,0,0,1,0,차대차 - 측면충돌,안전운전불이행,건조,맑음,단일로 - 기타,승용,남,35세,상해없음,승용,남,63세,경상
2021032000100438,2021년 3월 20일 20시,토요일,전라남도 광양시 중동,경상사고,0,0,1,0,차대사람 - 보도통행중,안전운전불이행,건조,맑음,기타 - 기타,자전거,여,14세,상해없음,보행자,여,62세,경상
2021032000100494,2021년 3월 20일 22시,토요일,전라남도 목포시 수강동1가,경상사고,0,0,4,0,차대차 - 측면충돌,직진우회전진행방해,건조,맑음,교차로 - 교차로안,화물,남,64세,경상,승용,남,23세,경상
2021032100100031,2021년 3월 21일 03시,일요일,전라남도 강진군 성전면,경상사고,0,0,1,0,차량단독 - 공작물충돌,안전운전불이행,건조,맑음,단일로 - 기타,화물,남,24세,경상,,,,
2021032100100049,2021년 3월 21일 07시,일요일,전라남도 곡성군 석곡면,경상사고,0,0,1,0,차대차 - 기타,중앙선침범,건조,맑음,단일로 - 기타,승용,여,67세,상해없음,승합,남,41세,경상
2021032100100070,2021년 3월 21일 09시,일요일,전라남도 광양시 성황동,경상사고,0,0,2,0,차대차 - 기타,신호위반,건조,맑음,교차로 - 교차로안,승용,여,47세,경상,승용,여,58세,경상
2021032100100083,2021년 3월 21일 10시,일요일,전라남도 목포시 석현동,경상사고,0,0,1,0,차대차 - 추돌,안전운전불이행,건조,맑음,단일로 - 기타,승용,여,62세,기타불명,승용,여,57세,경상
2021032100100098,2021년 3월 21일 11시,일요일,전라남도 여수시 화양면,경상사고,0,0,2,0,차대차 - 측면충돌,교차로운행방법위반,건조,맑음,교차로 - 교차로안,승합,남,57세,상해없음,화물,남,71세,경상
2021032100100099,2021년 3월 21일 11시,일요일,전라남도 순천시 옥천동,경상사고,0,0,1,0,차대차 - 측면충돌,직진우회전진행방해,건조,맑음,교차로 - 교차로안,이륜,남,63세,경상,승용,남,53세,상해없음
2021032100100111,2021년 3월 21일 12시,일요일,전라남도 함평군 월야면,경상사고,0,0,1,0,차대차 - 측면충돌,교차로운행방법위반,건조,맑음,교차로 - 교차로부근,자전거,남,8세,경상,승용,여,65세,상해없음
2021032100100112,2021년 3월 21일 12시,일요일,전라남도 강진군 대구면,경상사고,0,0,3,0,차대차 - 측면충돌,기타,건조,맑음,교차로 - 교차로안,승용,남,80세,상해없음,화물,남,51세,경상
2021032100100113,2021년 3월 21일 12시,일요일,전라남도 구례군 구례읍,경상사고,0,0,1,0,차대사람 - 기타,안전운전불이행,건조,맑음,단일로 - 기타,승용,여,59세,상해없음,보행자,남,45세,경상
2021032100100216,2021년 3월 21일 15시,일요일,전라남도 광양시 광영동,사망사고,1,0,0,0,차대사람 - 기타,안전운전불이행,건조,맑음,교차로 - 교차로부근,승용,여,65세,상해없음,보행자,남,87세,사망
2021032100100248,2021년 3월 21일 16시,일요일,전라남도 순천시 풍덕동,경상사고,0,0,1,0,차대차 - 측면충돌,안전운전불이행,건조,맑음,교차로 - 교차로부근,개인형이동수단(PM),남,18세,경상,화물,남,46세,상해없음
2021032100100249,2021년 3월 21일 16시,일요일,전라남도 장흥군 장흥읍,경상사고,0,0,1,0,차대차 - 기타,교차로운행방법위반,건조,맑음,교차로 - 교차로안,승용,남,29세,상해없음,승용,여,48세,경상
2021032100100250,2021년 3월 21일 16시,일요일,전라남도 함평군 함평읍,중상사고,0,1,4,1,차대차 - 측면충돌,교차로운행방법위반,건조,맑음,교차로 - 교차로안,승용,남,37세,경상,승용,남,36세,부상신고
2021032100100279,2021년 3월 21일 17시,일요일,전라남도 목포시 대성동,경상사고,0,0,1,0,차대차 - 측면충돌,안전운전불이행,건조,맑음,단일로 - 기타,화물,남,51세,상해없음,자전거,남,27세,경상
2021032100100280,2021년 3월 21일 17시,일요일,전라남도 여수시 봉산동,경상사고,0,0,1,0,차대차 - 측면충돌,교차로운행방법위반,건조,맑음,교차로 - 교차로안,이륜,남,18세,상해없음,승용,남,23세,경상
2021032100100308,2021년 3월 21일 18시,일요일,전라남도 여수시 광무동,중상사고,0,1,0,0,차대차 - 측면충돌,신호위반,건조,맑음,교차로 - 교차로부근,이륜,남,20세,중상,승용,남,40세,상해없음
2021032100100309,2021년 3월 21일 18시,일요일,전라남도 장흥군 장동면,중상사고,0,1,0,0,차대차 - 추돌,안전운전불이행,건조,맑음,단일로 - 터널,승용,남,54세,중상,화물,남,55세,상해없음
2021032100100310,2021년 3월 21일 18시,일요일,전라남도 진도군 진도읍,중상사고,0,2,2,0,차대차 - 측면충돌,신호위반,건조,맑음,교차로 - 교차로안,화물,여,77세,경상,승용,남,32세,경상
2021032100100375,2021년 3월 21일 20시,일요일,전라남도 장흥군 장흥읍,중상사고,0,1,0,1,차대차 - 정면충돌,중앙선침범,건조,맑음,교차로 - 교차로안,승용,남,51세,부상신고,승용,남,51세,중상
2021032100100376,2021년 3월 21일 20시,일요일,전라남도 화순군 사평면,경상사고,0,0,1,0,차대차 - 측면충돌,중앙선침범,건조,맑음,단일로 - 교량,승용,남,59세,상해없음,승용,남,53세,경상
2021032100100402,2021년 3월 21일 21시,일요일,전라남도 순천시 조례동,중상사고,0,1,0,0,차대차 - 측면충돌,안전운전불이행,건조,맑음,교차로 - 교차로부근,원동기,남,42세,중상,승용,여,33세,기타불명
2021032200100049,2021년 3월 22일 07시,월요일,전라남도 여수시 돌산읍,중상사고,0,1,0,0,차대차 - 기타,안전운전불이행,건조,맑음,단일로 - 기타,승용,남,49세,상해없음,승합,남,53세,상해없음
2021032200100050,2021년 3월 22일 07시,월요일,전라남도 화순군 도암면,경상사고,0,0,3,0,차량단독 - 전도전복 - 전도,안전운전불이행,젖음/습기,맑음,기타 - 기타,화물,남,52세,경상,,,,
2021032200100051,2021년 3월 22일 07시,월요일,전라남도 강진군 성전면,경상사고,0,0,1,0,차대차 - 추돌,안전운전불이행,건조,맑음,단일로 - 기타,승용,남,42세,상해없음,승합,남,76세,경상
2021032200100052,2021년 3월 22일 07시,월요일,전라남도 장성군 장성읍,중상사고,0,1,0,0,차대차 - 측면충돌,안전운전불이행,건조,맑음,기타 - 기타,화물,남,55세,상해없음,승용,남,54세,중상
2021032200100096,2021년 3월 22일 08시,월요일,전라남도 여수시 수정동,경상사고,0,0,2,0,차대차 - 측면충돌,안전운전불이행,건조,맑음,단일로 - 기타,승용,남,48세,경상,승용,남,70세,경상
2021032200100097,2021년 3월 22일 08시,월요일,전라남도 화순군 도곡면,중상사고,0,1,2,0,차대차 - 측면충돌,직진우회전진행방해,건조,맑음,교차로 - 교차로안,승용,여,52세,경상,승용,남,53세,중상
2021032200100098,2021년 3월 22일 08시,월요일,전라남도 무안군 청계면,경상사고,0,0,2,0,차대차 - 측면충돌,신호위반,건조,맑음,교차로 - 교차로안,승용,여,22세,상해없음,화물,남,69세,경상
2021032200100164,2021년 3월 22일 10시,월요일,전라남도 화순군 화순읍,중상사고,0,1,0,0,차량단독 - 기타,안전운전불이행,건조,맑음,단일로 - 기타,승합,남,59세,상해없음,,,,
2021032200100189,2021년 3월 22일 11시,월요일,전라남도 여수시 문수동,경상사고,0,0,1,0,차대차 - 기타,안전운전불이행,건조,맑음,단일로 - 기타,승용,남,60세,상해없음,이륜,남,58세,경상
2021032200100190,2021년 3월 22일 11시,월요일,전라남도 여수시 소라면,중상사고,0,1,2,0,차대차 - 추돌,안전거리미확보,건조,맑음,단일로 - 기타,승용,남,24세,상해없음,승용,남,24세,경상
2021032200100191,2021년 3월 22일 11시,월요일,전라남도 나주시 빛가람동,경상사고,0,0,1,0,차대차 - 기타,신호위반,건조,맑음,교차로 - 교차로안,화물,남,51세,상해없음,승용,여,36세,경상
2021032200100192,2021년 3월 22일 11시,월요일,전라남도 곡성군 곡성읍,경상사고,0,0,2,0,차대차 - 측면충돌,기타,건조,맑음,교차로 - 교차로안,승합,남,62세,경상,승용,여,55세,경상
2021032200100218,2021년 3월 22일 12시,월요일,전라남도 고흥군 포두면,중상사고,0,1,3,0,차대차 - 정면충돌,중앙선침범,건조,맑음,교차로 - 교차로안,승용,여,60세,중상,승용,남,34세,경상
2021032200100288,2021년 3월 22일 14시,월요일,전라남도 목포시 상동,경상사고,0,0,1,0,차대차 - 측면충돌,교차로운행방법위반,건조,맑음,교차로 - 교차로안,승용,여,47세,상해없음,승용,남,57세,경상
2021032200100324,2021년 3월 22일 15시,월요일,전라남도 목포시 산정동,경상사고,0,0,1,0,차대차 - 측면충돌,안전운전불이행,건조,맑음,단일로 - 기타,승용,남,58세,상해없음,자전거,남,30세,경상
2021032200100325,2021년 3월 22일 15시,월요일,전라남도 신안군 압해읍,경상사고,0,0,1,0,차대사람 - 기타,안전운전불이행,건조,맑음,단일로 - 기타,승용,여,37세,상해없음,보행자,여,57세,경상
2021032200100326,2021년 3월 22일 15시,월요일,전라남도 장흥군 장흥읍,경상사고,0,0,1,0,차대차 - 측면충돌,안전거리미확보,건조,맑음,단일로 - 기타,승용,여,39세,상해없음,승용,남,80세,상해없음
2021032200100360,2021년 3월 22일 16시,월요일,전라남도 장흥군 용산면,경상사고,0,0,1,0,차대차 - 기타,안전운전불이행,건조,맑음,주차장 - 주차장,화물,남,56세,상해없음,승용,남,78세,경상
2021032200100361,2021년 3월 22일 16시,월요일,전라남도 완도군 완도읍,경상사고,0,0,1,0,차대차 - 기타,안전운전불이행,건조,맑음,교차로 - 교차로안,승용,남,59세,경상,화물,남,63세,상해없음
2021032200100407,2021년 3월 22일 17시,월요일,전라남도 해남군 해남읍,중상사고,0,1,0,0,차대사람 - 횡단중,안전운전불이행,건조,맑음,교차로 - 교차로부근,승용,남,57세,상해없음,보행자,남,10세,중상
2021032200100408,2021년 3월 22일 17시,월요일,전라남도 광양시 진월면,경상사고,0,0,1,0,차대차 - 기타,안전거리미확보,건조,맑음,기타 - 기타,승용,남,38세,기타불명,승용,남,55세,경상
2021032200100441,2021년 3월 22일 18시,월요일,전라남도 목포시 서산동,경상사고,0,0,2,0,차대차 - 기타,안전운전불이행,건조,맑음,교차로 - 교차로안,승합,남,64세,경상,승합,남,62세,경상
2021032200100482,2021년 3월 22일 19시,월요일,전라남도 함평군 월야면,경상사고,0,0,1,1,차대차 - 추돌,안전운전불이행,건조,맑음,단일로 - 기타,승용,남,54세,부상신고,화물,남,37세,경상
2021032200100514,2021년 3월 22일 20시,월요일,전라남도 나주시 빛가람동,경상사고,0,0,2,0,차대차 - 정면충돌,안전운전불이행,건조,맑음,교차로 - 교차로안,승용,남,62세,경상,승용,여,32세,경상
2021032200100515,2021년 3월 22일 20시,월요일,전라남도 무안군 삼향읍,경상사고,0,0,2,0,차대차 - 기타,안전운전불이행,건조,기타,교차로 - 교차로안,승용,남,56세,상해없음,승용,남,29세,경상
2021032200100536,2021년 3월 22일 21시,월요일,전라남도 여수시 학동,경상사고,0,0,1,0,차대차 - 추돌,안전운전불이행,건조,맑음,단일로 - 기타,승용,남,44세,상해없음,승용,남,56세,경상
2021032200100580,2021년 3월 22일 23시,월요일,전라남도 광양시 광양읍,경상사고,0,0,1,0,차대차 - 측면충돌,교차로운행방법위반,건조,맑음,교차로 - 교차로안,승용,남,65세,상해없음,승용,남,26세,경상
2021032300100021,2021년 3월 23일 03시,화요일,전라남도 여수시 화양면,경상사고,0,0,1,0,차대차 - 후진중충돌,안전운전불이행,건조,맑음,기타 - 기타,승용,여,37세,상해없음,승용,여,61세,경상
2021032300100035,2021년 3월 23일 06시,화요일,전라남도 여수시 중흥동,중상사고,0,1,0,0,차대차 - 추돌,기타,건조,맑음,단일로 - 기타,승용,남,24세,상해없음,승용,남,60세,중상
2021032300100036,2021년 3월 23일 06시,화요일,전라남도 광양시 광양읍,경상사고,0,0,1,0,차대차 - 측면충돌,신호위반,건조,맑음,교차로 - 교차로안,승합,남,31세,상해없음,승용,남,55세,경상
2021032300100088,2021년 3월 23일 08시,화요일,전라남도 순천시 용당동,중상사고,0,1,0,0,차대차 - 기타,안전운전불이행,건조,맑음,단일로 - 기타,자전거,남,70세,중상,승용,여,48세,상해없음
2021032300100108,2021년 3월 23일 09시,화요일,전라남도 순천시 조례동,경상사고,0,0,1,0,차대차 - 정면충돌,직진우회전진행방해,건조,맑음,단일로 - 기타,승용,여,56세,상해없음,승용,남,71세,경상
2021032300100109,2021년 3월 23일 09시,화요일,전라남도 화순군 화순읍,중상사고,0,1,1,0,차대차 - 측면충돌,신호위반,건조,맑음,교차로 - 교차로안,화물,남,74세,상해없음,승용,남,61세,경상
2021032300100132,2021년 3월 23일 10시,화요일,전라남도 목포시 상동,사망사고,1,0,0,0,차대사람 - 횡단중,보행자보호의무위반,건조,맑음,교차로 - 교차로횡단보도내,승용,남,49세,상해없음,보행자,남,77세,사망
2021032300100133,2021년 3월 23일 10시,화요일,전라남도 목포시 대양동,경상사고,0,0,2,0,차대차 - 추돌,안전운전불이행,건조,맑음,단일로 - 기타,화물,남,60세,경상,건설기계,남,47세,경상
2021032300100134,2021년 3월 23일 10시,화요일,전라남도 여수시 선원동,중상사고,0,1,0,0,차대사람 - 횡단중,안전운전불이행,건조,맑음,교차로 - 교차로부근,승용,남,61세,상해없음,보행자,여,65세,중상
2021032300100135,2021년 3월 23일 10시,화요일,전라남도 순천시 서면,부상신고사고,0,0,0,1,차량단독 - 공작물충돌,안전운전불이행,건조,맑음,단일로 - 기타,승용,여,61세,부상신고,,,,
2021032300100136,2021년 3월 23일 10시,화요일,전라남도 화순군 화순읍,경상사고,0,0,6,0,차대차 - 추돌,안전운전불이행,건조,맑음,단일로 - 터널,승용,남,31세,경상,화물,남,52세,경상
2021032300100162,2021년 3월 23일 11시,화요일,전라남도 해남군 해남읍,경상사고,0,0,1,1,차대차 - 측면충돌,안전운전불이행,건조,맑음,교차로 - 교차로안,승용,여,48세,부상신고,승용,남,45세,상해없음
2021032300100194,2021년 3월 23일 12시,화요일,전라남도 여수시 소라면,중상사고,0,1,0,0,차대차 - 추돌,안전운전불이행,건조,맑음,단일로 - 기타,승용,남,57세,상해없음,이륜,남,44세,중상
2021032300100195,2021년 3월 23일 12시,화요일,전라남도 고흥군 남양면,사망사고,2,1,3,0,차대차 - 추돌,안전운전불이행,건조,맑음,단일로 - 기타,승용,여,23세,경상,승용,남,78세,사망
2021032300100224,2021년 3월 23일 13시,화요일,전라남도 목포시 상동,경상사고,0,0,1,0,차대차 - 기타,안전운전불이행,건조,맑음,단일로 - 기타,승용,남,70세,상해없음,이륜,남,18세,경상
2021032300100225,2021년 3월 23일 13시,화요일,전라남도 목포시 상동,경상사고,0,0,1,0,차대사람 - 횡단중,보행자보호의무위반,건조,맑음,교차로 - 교차로횡단보도내,승용,여,25세,상해없음,보행자,여,69세,경상
2021032300100226,2021년 3월 23일 13시,화요일,전라남도 영광군 영광읍,경상사고,0,0,1,0,차대사람 - 횡단중,보행자보호의무위반,건조,맑음,교차로 - 교차로횡단보도내,화물,남,55세,상해없음,보행자,여,69세,경상
2021032300100227,2021년 3월 23일 13시,화요일,전라남도 강진군 마량면,부상신고사고,0,0,0,1,차량단독 - 전도전복 - 전도,안전운전불이행,건조,맑음,단일로 - 기타,이륜,여,37세,부상신고,,,,
2021032300100228,2021년 3월 23일 13시,화요일,전라남도 진도군 진도읍,중상사고,0,1,0,0,차대사람 - 차도통행중,안전운전불이행,건조,맑음,교차로 - 교차로안,승용,여,51세,상해없음,보행자,여,45세,중상
2021032300100262,2021년 3월 23일 14시,화요일,전라남도 화순군 화순읍,부상신고사고,0,0,0,1,차대차 - 추돌,안전거리미확보,건조,맑음,단일로 - 기타,이륜,남,19세,부상신고,승용,여,56세,상해없음
2021032300100347,2021년 3월 23일 16시,화요일,전라남도 해남군 북일면,중상사고,0,2,0,0,차대사람 - 횡단중,안전운전불이행,건조,맑음,단일로 - 기타,이륜,남,81세,중상,보행자,여,71세,중상
2021032300100388,2021년 3월 23일 17시,화요일,전라남도 나주시 노안면,중상사고,0,1,0,0,차대차 - 기타,안전운전불이행,건조,맑음,단일로 - 기타,자전거,남,55세,중상,화물,남,71세,상해없음
2021032300100389,2021년 3월 23일 17시,화요일,전라남도 영암군 삼호읍,경상사고,0,0,2,0,차대차 - 측면충돌,안전거리미확보,건조,맑음,교차로 - 교차로부근,승용,남,64세,상해없음,승용,남,22세,경상
2021032300100390,2021년 3월 23일 17시,화요일,전라남도 완도군 완도읍,경상사고,0,0,1,0,차대차 - 정면충돌,교차로운행방법위반,건조,맑음,교차로 - 교차로안,승용,남,28세,상해없음,이륜,남,49세,경상
2021032300100438,2021년 3월 23일 18시,화요일,전라남도 여수시 중흥동,중상사고,0,1,0,0,차대차 - 측면충돌,안전운전불이행,건조,맑음,단일로 - 기타,승용,남,58세,상해없음,승용,남,26세,중상
2021032300100473,2021년 3월 23일 19시,화요일,전라남도 순천시 석현동,경상사고,0,0,1,0,차대차 - 후진중충돌,안전운전불이행,건조,맑음,단일로 - 기타,승용,남,64세,상해없음,이륜,남,29세,경상
2021032300100500,2021년 3월 23일 20시,화요일,전라남도 나주시 다시면,경상사고,0,0,1,0,차대차 - 추돌,안전운전불이행,건조,맑음,기타 - 기타,승용,남,46세,상해없음,이륜,남,85세,경상
2021032300100501,2021년 3월 23일 20시,화요일,전라남도 함평군 손불면,중상사고,0,1,0,0,차량단독 - 공작물충돌,안전운전불이행,건조,맑음,단일로 - 기타,승용,남,62세,중상,,,,
2021032300100524,2021년 3월 23일 21시,화요일,전라남도 목포시 상동,경상사고,0,0,4,0,차대차 - 측면충돌,안전운전불이행,건조,맑음,교차로 - 교차로안,승용,남,56세,경상,승용,남,44세,경상
2021032300100525,2021년 3월 23일 21시,화요일,전라남도 여수시 여서동,중상사고,0,1,0,0,차대사람 - 기타,안전운전불이행,건조,맑음,주차장 - 주차장,개인형이동수단(PM),여,17세,상해없음,보행자,남,69세,중상
2021032300100573,2021년 3월 23일 23시,화요일,전라남도 신안군 자은면,중상사고,0,1,0,0,차량단독 - 공작물충돌,안전운전불이행,건조,맑음,단일로 - 기타,승용,남,26세,중상,,,,
2021032400100018,2021년 3월 24일 03시,수요일,전라남도 나주시 죽림동,중상사고,0,1,1,0,차량단독 - 공작물충돌,안전운전불이행,젖음/습기,안개,교차로 - 교차로안,승용,남,43세,중상,,,,
2021032400100043,2021년 3월 24일 06시,수요일,전라남도 순천시 조례동,중상사고,0,1,0,0,차대차 - 기타,안전운전불이행,건조,맑음,단일로 - 기타,승용,남,31세,상해없음,승용,남,30세,중상
2021032400100062,2021년 3월 24일 07시,수요일,전라남도 순천시 주암면,경상사고,0,0,2,1,차대차 - 측면충돌,교차로운행방법위반,건조,맑음,교차로 - 교차로안,승용,여,58세,경상,화물,남,53세,부상신고
2021032400100063,2021년 3월 24일 07시,수요일,전라남도 영암군 영암읍,경상사고,0,0,2,0,차대차 - 측면충돌,안전운전불이행,건조,맑음,교차로 - 교차로안,승용,여,40세,상해없음,승용,여,69세,경상
2021032400100098,2021년 3월 24일 08시,수요일,전라남도 목포시 용당동,경상사고,0,0,3,0,차대차 - 기타,안전운전불이행,건조,맑음,교차로 - 교차로부근,승용,여,55세,경상,승용,여,44세,경상
2021032400100099,2021년 3월 24일 08시,수요일,전라남도 장흥군 장흥읍,중상사고,0,1,0,0,차대차 - 기타,교차로운행방법위반,건조,맑음,교차로 - 교차로횡단보도내,자전거,여,74세,중상,화물,남,72세,상해없음
2021032400100136,2021년 3월 24일 09시,수요일,전라남도 고흥군 고흥읍,경상사고,0,0,1,0,차대차 - 정면충돌,안전운전불이행,건조,맑음,단일로 - 기타,화물,남,71세,상해없음,승합,남,49세,경상
2021032400100137,2021년 3월 24일 09시,수요일,전라남도 완도군 신지면,사망사고,1,0,0,0,차량단독 - 기타,안전운전불이행,건조,맑음,단일로 - 기타,농기계,남,84세,사망,,,,
2021032400100187,2021년 3월 24일 11시,수요일,전라남도 고흥군 도덕면,중상사고,0,1,0,0,차대차 - 기타,안전운전불이행,건조,맑음,단일로 - 기타,승용,남,63세,상해없음,농기계,남,84세,중상