사고번호,사고일시,요일,시군구,사고내용,사망자수,중상자수,경상자수,부상신고자수,사고유형,법규위반,노면상태,기상상태,도로형태,가해운전자 차종,가해운전자 성별,가해운전자 연령,가해운전자 상해정도,피해운전자 차종,피해운전자 성별,피해운전자 연령,피해운전자 상해정도
2021032400100209,2021년 3월 24일 12시,수요일,전라남도 고흥군 도화면,사망사고,1,0,0,0,차량단독 - 기타,안전운전불이행,건조,맑음,단일로 - 기타,사륜오토바이(ATV),여,76세,사망,,,,
2021032400100210,2021년 3월 24일 12시,수요일,전라남도 해남군 화원면,중상사고,0,2,0,0,차대차 - 추돌,안전운전불이행,건조,맑음,교차로 - 교차로부근,화물,남,74세,기타불명,승용,남,59세,중상
2021032400100211,2021년 3월 24일 12시,수요일,전라남도 진도군 군내면,중상사고,0,1,1,0,차량단독 - 도로외이탈 - 추락,안전운전불이행,건조,맑음,단일로 - 기타,화물,남,60세,경상,,,,
2021032400100240,2021년 3월 24일 13시,수요일,전라남도 여수시 돌산읍,경상사고,0,0,3,0,차대차 - 추돌,안전운전불이행,건조,맑음,교차로 - 교차로부근,승용,남,66세,경상,승용,여,52세,경상
2021032400100345,2021년 3월 24일 16시,수요일,전라남도 완도군 군외면,경상사고,0,0,1,0,차대차 - 정면충돌,중앙선침범,건조,맑음,단일로 - 기타,승용,여,37세,상해없음,화물,남,65세,경상
2021032400100346,2021년 3월 24일 16시,수요일,전라남도 무안군 운남면,경상사고,0,0,3,0,차대차 - 기타,신호위반,건조,맑음,교차로 - 교차로부근,승용,여,45세,경상,승용,남,46세,경상
2021032400100386,2021년 3월 24일 17시,수요일,전라남도 여수시 국동,중상사고,0,1,1,0,차대차 - 기타,신호위반,건조,맑음,교차로 - 교차로부근,이륜,남,23세,중상,승용,남,65세,경상
2021032400100387,2021년 3월 24일 17시,수요일,전라남도 장흥군 대덕읍,경상사고,0,0,1,0,차대사람 - 기타,안전운전불이행,건조,맑음,단일로 - 기타,승용,여,31세,상해없음,보행자,남,4세,경상
2021032400100431,2021년 3월 24일 18시,수요일,전라남도 여수시 여서동,경상사고,0,0,1,0,차대사람 - 차도통행중,안전운전불이행,건조,맑음,교차로 - 교차로안,화물,남,51세,상해없음,보행자,여,66세,경상
2021032400100473,2021년 3월 24일 19시,수요일,전라남도 목포시 용당동,경상사고,0,0,1,0,차대차 - 기타,안전운전불이행,건조,맑음,교차로 - 교차로부근,승용,남,35세,상해없음,승용,남,53세,경상
2021032400100474,2021년 3월 24일 19시,수요일,전라남도 영광군 영광읍,중상사고,0,1,0,0,차대사람 - 차도통행중,안전운전불이행,건조,맑음,단일로 - 기타,화물,남,37세,상해없음,보행자,여,58세,중상
2021032400100547,2021년 3월 24일 22시,수요일,전라남도 고흥군 고흥읍,경상사고,0,0,1,0,차량단독 - 공작물충돌,안전운전불이행,건조,맑음,단일로 - 기타,승용,여,49세,경상,,,,
2021032500100091,2021년 3월 25일 08시,목요일,전라남도 장성군 동화면,경상사고,0,0,1,0,차대차 - 측면충돌,안전운전불이행,건조,맑음,교차로 - 교차로안,승용,여,53세,상해없음,승용,남,53세,경상
2021032500100092,2021년 3월 25일 08시,목요일,전라남도 담양군 고서면,경상사고,0,0,2,0,차대차 - 추돌,안전운전불이행,건조,맑음,단일로 - 기타,승용,남,26세,상해없음,승용,남,34세,경상
2021032500100108,2021년 3월 25일 09시,목요일,전라남도 화순군 사평면,경상사고,0,0,2,0,차대차 - 측면충돌,직진우회전진행방해,건조,맑음,교차로 - 교차로안,승용,여,28세,상해없음,화물,남,40세,상해없음
2021032500100144,2021년 3월 25일 10시,목요일,전라남도 목포시 용당동,중상사고,0,1,3,0,차대차 - 기타,안전운전불이행,건조,맑음,단일로 - 기타,승용,남,72세,상해없음,승용,여,49세,경상
2021032500100145,2021년 3월 25일 10시,목요일,전라남도 여수시 돌산읍,경상사고,0,0,2,0,차대차 - 후진중충돌,안전운전불이행,건조,맑음,단일로 - 기타,승용,남,49세,상해없음,승용,여,34세,경상
2021032500100176,2021년 3월 25일 11시,목요일,전라남도 광양시 광양읍,중상사고,0,1,0,0,차대차 - 기타,중앙선침범,건조,맑음,교차로 - 교차로부근,승용,여,63세,중상,화물,남,65세,상해없음
2021032500100211,2021년 3월 25일 12시,목요일,전라남도 광양시 광양읍,중상사고,0,1,0,0,차대사람 - 차도통행중,안전운전불이행,건조,맑음,교차로 - 교차로안,화물,남,48세,상해없음,보행자,남,66세,중상
2021032500100245,2021년 3월 25일 13시,목요일,전라남도 목포시 대양동,경상사고,0,0,2,0,차대차 - 측면충돌,안전운전불이행,건조,맑음,교차로 - 교차로안,승용,여,69세,경상,화물,남,58세,경상
2021032500100246,2021년 3월 25일 13시,목요일,전라남도 화순군 화순읍,경상사고,0,0,2,0,차대차 - 측면충돌,교차로운행방법위반,건조,맑음,교차로 - 교차로부근,승용,남,62세,상해없음,이륜,남,43세,경상
2021032500100291,2021년 3월 25일 14시,목요일,전라남도 목포시 산정동,경상사고,0,0,1,0,차대차 - 측면충돌,안전운전불이행,건조,맑음,교차로 - 교차로안,화물,남,70세,상해없음,승용,여,51세,경상
2021032500100292,2021년 3월 25일 14시,목요일,전라남도 함평군 함평읍,경상사고,0,0,2,0,차대차 - 추돌,안전운전불이행,건조,맑음,교차로 - 교차로부근,승용,남,47세,상해없음,승용,여,27세,경상
2021032500100334,2021년 3월 25일 15시,목요일,전라남도 목포시 죽동,경상사고,0,0,3,0,차대차 - 측면충돌,교차로운행방법위반,건조,흐림,교차로 - 교차로안,승용,남,78세,경상,승용,남,68세,경상
2021032500100335,2021년 3월 25일 15시,목요일,전라남도 무안군 삼향읍,경상사고,0,0,1,0,차대차 - 측면충돌,안전운전불이행,건조,맑음,기타 - 기타,승용,여,31세,상해없음,승합,여,47세,경상
2021032500100403,2021년 3월 25일 17시,목요일,전라남도 영암군 삼호읍,경상사고,0,0,1,0,차대차 - 기타,안전운전불이행,건조,맑음,교차로 - 교차로부근,화물,남,43세,상해없음,승합,남,39세,기타불명
2021032500100404,2021년 3월 25일 17시,목요일,전라남도 구례군 마산면,경상사고,0,0,1,0,차대차 - 추돌,안전운전불이행,건조,맑음,단일로 - 기타,승용,여,74세,상해없음,화물,남,49세,경상
2021032500100450,2021년 3월 25일 18시,목요일,전라남도 여수시 봉계동,경상사고,0,0,1,0,차대차 - 측면충돌,안전운전불이행,건조,맑음,단일로 - 기타,승용,여,27세,상해없음,승용,남,50세,경상
2021032500100451,2021년 3월 25일 18시,목요일,전라남도 강진군 군동면,경상사고,0,0,1,0,차량단독 - 전도전복 - 전도,안전운전불이행,기타,맑음,단일로 - 기타,이륜,남,66세,경상,,,,
2021032500100522,2021년 3월 25일 20시,목요일,전라남도 화순군 화순읍,경상사고,0,0,3,1,차대차 - 측면충돌,교차로운행방법위반,건조,맑음,교차로 - 교차로안,승용,남,21세,상해없음,화물,남,63세,경상
2021032500100560,2021년 3월 25일 21시,목요일,전라남도 완도군 완도읍,경상사고,0,0,2,0,차대차 - 기타,신호위반,건조,맑음,교차로 - 교차로안,승용,여,20세,상해없음,승용,남,22세,경상
2021032500100605,2021년 3월 25일 23시,목요일,전라남도 나주시 빛가람동,경상사고,0,0,2,0,차대차 - 추돌,안전운전불이행,건조,맑음,교차로 - 교차로부근,승용,남,54세,상해없음,승용,남,43세,경상
2021032600100008,2021년 3월 26일 00시,금요일,전라남도 순천시 조례동,경상사고,0,0,2,0,차대차 - 측면충돌,안전운전불이행,건조,맑음,단일로 - 기타,승용,남,24세,상해없음,승용,남,60세,상해없음
2021032600100013,2021년 3월 26일 01시,금요일,전라남도 순천시 조례동,경상사고,0,0,3,0,차대차 - 측면충돌,직진우회전진행방해,건조,맑음,교차로 - 교차로안,승용,여,34세,상해없음,승용,남,47세,경상
2021032600100040,2021년 3월 26일 06시,금요일,전라남도 목포시 용해동,사망사고,1,0,0,0,차대사람 - 횡단중,신호위반,건조,기타,교차로 - 교차로부근,승용,남,46세,상해없음,보행자,남,88세,사망
2021032600100089,2021년 3월 26일 08시,금요일,전라남도 화순군 화순읍,경상사고,0,0,1,0,차대차 - 후진중충돌,안전운전불이행,건조,맑음,주차장 - 주차장,승용,남,78세,상해없음,승용,여,44세,경상
2021032600100090,2021년 3월 26일 08시,금요일,전라남도 장성군 장성읍,경상사고,0,0,1,0,차대차 - 측면충돌,안전운전불이행,건조,맑음,단일로 - 기타,자전거,남,84세,경상,승용,여,42세,상해없음
2021032600100133,2021년 3월 26일 09시,금요일,전라남도 나주시 봉황면,경상사고,0,0,1,0,차대차 - 측면충돌,신호위반,건조,맑음,교차로 - 교차로안,사륜오토바이(ATV),남,87세,경상,화물,남,53세,상해없음
2021032600100134,2021년 3월 26일 09시,금요일,전라남도 고흥군 동강면,경상사고,0,0,1,0,차대사람 - 차도통행중,안전운전불이행,건조,맑음,단일로 - 기타,화물,남,69세,상해없음,보행자,여,91세,경상
2021032600100135,2021년 3월 26일 09시,금요일,전라남도 강진군 성전면,경상사고,0,0,2,0,차대차 - 추돌,안전운전불이행,건조,맑음,교차로 - 교차로부근,화물,남,57세,상해없음,승용,남,60세,경상
2021032600100168,2021년 3월 26일 10시,금요일,전라남도 해남군 해남읍,경상사고,0,0,1,0,차대차 - 기타,안전운전불이행,건조,맑음,단일로 - 기타,승용,남,61세,상해없음,화물,여,62세,경상
2021032600100169,2021년 3월 26일 10시,금요일,전라남도 함평군 월야면,경상사고,0,0,1,0,차대차 - 측면충돌,교차로운행방법위반,건조,맑음,교차로 - 교차로안,사륜오토바이(ATV),여,42세,경상,화물,남,65세,상해없음
2021032600100199,2021년 3월 26일 11시,금요일,전라남도 함평군 해보면,경상사고,0,0,1,0,차대차 - 측면충돌,안전운전불이행,건조,맑음,교차로 - 교차로안,승용,남,70세,상해없음,승용,남,25세,경상
2021032600100226,2021년 3월 26일 12시,금요일,전라남도 여수시 문수동,경상사고,0,0,1,0,차대차 - 기타,교차로운행방법위반,건조,맑음,교차로 - 교차로안,승용,여,44세,상해없음,승용,남,39세,경상
2021032600100260,2021년 3월 26일 13시,금요일,전라남도 여수시 웅천동,경상사고,0,0,1,0,차대차 - 측면충돌,안전운전불이행,건조,맑음,교차로 - 교차로안,화물,남,68세,상해없음,승용,여,61세,경상
2021032600100329,2021년 3월 26일 15시,금요일,전라남도 목포시 상동,경상사고,0,0,1,0,차대차 - 측면충돌,안전운전불이행,건조,맑음,교차로 - 교차로부근,승용,여,48세,상해없음,승용,남,62세,경상
2021032600100330,2021년 3월 26일 15시,금요일,전라남도 여수시 선원동,경상사고,0,0,1,0,차대사람 - 횡단중,신호위반,건조,맑음,교차로 - 교차로안,승용,여,66세,상해없음,보행자,남,9세,경상
2021032600100331,2021년 3월 26일 15시,금요일,전라남도 여수시 여서동,중상사고,0,1,0,0,차대사람 - 기타,안전운전불이행,건조,맑음,단일로 - 기타,승합,남,63세,상해없음,보행자,여,59세,중상
2021032600100332,2021년 3월 26일 15시,금요일,전라남도 순천시 조례동,경상사고,0,0,3,0,차대차 - 측면충돌,신호위반,건조,맑음,기타 - 기타,이륜,남,18세,상해없음,승용,남,52세,경상
2021032600100372,2021년 3월 26일 16시,금요일,전라남도 목포시 용해동,경상사고,0,0,1,0,차대차 - 기타,기타,건조,맑음,교차로 - 교차로안,승용,남,29세,상해없음,자전거,남,14세,경상
2021032600100373,2021년 3월 26일 16시,금요일,전라남도 여수시 문수동,경상사고,0,0,2,0,차대차 - 측면충돌,신호위반,건조,맑음,교차로 - 교차로안,승용,남,18세,상해없음,승용,남,24세,경상
2021032600100422,2021년 3월 26일 17시,금요일,전라남도 신안군 압해읍,경상사고,0,0,1,0,차대차 - 측면충돌,안전운전불이행,건조,맑음,단일로 - 기타,승용,남,39세,상해없음,화물,남,50세,경상
2021032600100423,2021년 3월 26일 17시,금요일,전라남도 목포시 죽교동,경상사고,0,0,1,0,차대차 - 기타,안전운전불이행,건조,맑음,단일로 - 기타,승용,남,63세,상해없음,자전거,남,80세,경상
2021032600100424,2021년 3월 26일 17시,금요일,전라남도 목포시 죽동,경상사고,0,0,1,0,차대차 - 후진중충돌,안전운전불이행,건조,맑음,단일로 - 기타,승용,여,61세,상해없음,승용,남,47세,경상
2021032600100425,2021년 3월 26일 17시,금요일,전라남도 순천시 인월동,경상사고,0,0,1,0,차대차 - 기타,안전운전불이행,건조,맑음,교차로 - 교차로부근,기타불명,기타불명,미분류,기타불명,승용,여,41세,경상
2021032600100426,2021년 3월 26일 17시,금요일,전라남도 해남군 삼산면,사망사고,1,0,0,0,차량단독 - 기타,안전운전불이행,건조,맑음,단일로 - 기타,자전거,남,63세,사망,,,,
2021032600100427,2021년 3월 26일 17시,금요일,전라남도 영암군 군서면,경상사고,0,0,1,0,차대차 - 측면충돌,안전운전불이행,건조,맑음,교차로 - 교차로부근,승용,여,41세,상해없음,화물,여,49세,경상
2021032600100428,2021년 3월 26일 17시,금요일,전라남도 구례군 구례읍,경상사고,0,0,1,0,차대차 - 기타,안전운전불이행,건조,맑음,교차로 - 교차로부근,이륜,남,62세,상해없음,승용,남,28세,경상
2021032600100469,2021년 3월 26일 18시,금요일,전라남도 여수시 여서동,경상사고,0,0,1,0,차대사람 - 횡단중,안전운전불이행,건조,맑음,단일로 - 기타,이륜,남,22세,상해없음,보행자,남,17세,경상
2021032600100470,2021년 3월 26일 18시,금요일,전라남도 순천시 중앙동,중상사고,0,1,0,0,차대사람 - 횡단중,안전운전불이행,건조,맑음,교차로 - 교차로안,승용,여,53세,상해없음,보행자,여,15세,중상
2021032600100471,2021년 3월 26일 18시,금요일,전라남도 광양시 중동,경상사고,0,0,1,0,차대차 - 기타,안전운전불이행,건조,맑음,교차로 - 교차로부근,승용,남,58세,상해없음,이륜,남,34세,경상
2021032600100511,2021년 3월 26일 19시,금요일,전라남도 순천시 풍덕동,중상사고,0,1,3,0,차대차 - 기타,안전운전불이행,건조,맑음,단일로 - 기타,승용,여,35세,상해없음,승용,남,57세,경상
2021032600100512,2021년 3월 26일 19시,금요일,전라남도 장흥군 장흥읍,경상사고,0,0,1,0,차대차 - 측면충돌,직진우회전진행방해,건조,맑음,교차로 - 교차로안,승용,남,22세,상해없음,승용,여,23세,경상
2021032600100513,2021년 3월 26일 19시,금요일,전라남도 무안군 삼향읍,경상사고,0,0,1,0,차대차 - 기타,안전운전불이행,건조,맑음,단일로 - 기타,자전거,남,13세,경상,승용,여,38세,상해없음
2021032600100557,2021년 3월 26일 20시,금요일,전라남도 순천시 연향동,경상사고,0,0,1,0,차대사람 - 횡단중,안전운전불이행,건조,맑음,기타 - 기타,승용,남,23세,상해없음,보행자,남,25세,경상
2021032600100558,2021년 3월 26일 20시,금요일,전라남도 함평군 함평읍,중상사고,0,1,0,0,차대차 - 추돌,안전운전불이행,건조,맑음,단일로 - 기타,승용,여,52세,중상,건설기계,남,64세,상해없음
2021032600100586,2021년 3월 26일 21시,금요일,전라남도 순천시 낙안면,중상사고,0,1,1,0,차대차 - 측면충돌,중앙선침범,건조,맑음,단일로 - 기타,승용,남,65세,상해없음,승용,남,37세,경상
2021032600100587,2021년 3월 26일 21시,금요일,전라남도 무안군 무안읍,중상사고,0,1,0,0,차대차 - 기타,안전운전불이행,건조,맑음,단일로 - 기타,화물,남,55세,상해없음,자전거,남,61세,중상
2021032600100630,2021년 3월 26일 22시,금요일,전라남도 여수시 학동,경상사고,0,0,1,0,차대차 - 측면충돌,안전운전불이행,건조,맑음,단일로 - 기타,승합,남,57세,상해없음,이륜,남,60세,경상
2021032600100643,2021년 3월 26일 23시,금요일,전라남도 나주시 노안면,부상신고사고,0,0,0,1,차량단독 - 공작물충돌,안전운전불이행,건조,맑음,단일로 - 기타,승용,남,21세,부상신고,,,,
2021032700100026,2021년 3월 27일 01시,토요일,전라남도 목포시 옥암동,경상사고,0,0,1,0,차대차 - 기타,안전운전불이행,건조,맑음,교차로 - 교차로부근,승용,남,27세,상해없음,승용,남,29세,경상
2021032700100033,2021년 3월 27일 02시,토요일,전라남도 목포시 상동,경상사고,0,0,3,0,차대차 - 측면충돌,안전거리미확보,건조,맑음,단일로 - 기타,승용,여,36세,경상,승용,남,43세,경상
2021032700100063,2021년 3월 27일 06시,토요일,전라남도 고흥군 동강면,중상사고,0,1,1,0,차량단독 - 기타,안전운전불이행,건조,맑음,교차로 - 교차로안,화물,남,64세,경상,,,,
2021032700100083,2021년 3월 27일 08시,토요일,전라남도 함평군 해보면,경상사고,0,0,2,0,차량단독 - 전도전복 - 전도,안전운전불이행,건조,맑음,단일로 - 기타,화물,남,52세,경상,,,,
2021032700100101,2021년 3월 27일 09시,토요일,전라남도 곡성군 곡성읍,경상사고,0,0,1,1,차대차 - 측면충돌,중앙선침범,건조,흐림,교차로 - 교차로부근,화물,남,53세,부상신고,승합,남,59세,경상
2021032700100151,2021년 3월 27일 11시,토요일,전라남도 나주시 이창동,경상사고,0,0,3,0,차대차 - 기타,신호위반,젖음/습기,비,교차로 - 교차로안,승용,남,61세,경상,승용,남,82세,경상
2021032700100152,2021년 3월 27일 11시,토요일,전라남도 강진군 강진읍,경상사고,0,0,1,0,차대사람 - 기타,안전운전불이행,젖음/습기,비,단일로 - 기타,화물,남,76세,상해없음,보행자,남,74세,경상
2021032700100187,2021년 3월 27일 12시,토요일,전라남도 화순군 화순읍,중상사고,0,3,8,1,차대차 - 측면충돌,안전운전불이행,젖음/습기,비,단일로 - 기타,화물,남,63세,상해없음,승용,여,35세,경상
2021032700100188,2021년 3월 27일 12시,토요일,전라남도 담양군 창평면,경상사고,0,0,1,0,차대차 - 추돌,안전운전불이행,젖음/습기,비,단일로 - 기타,승용,남,62세,상해없음,승용,남,52세,경상
2021032700100189,2021년 3월 27일 12시,토요일,전라남도 완도군 완도읍,경상사고,0,0,2,0,차량단독 - 공작물충돌,안전운전불이행,젖음/습기,비,단일로 - 기타,승용,남,54세,경상,,,,
2021032700100231,2021년 3월 27일 13시,토요일,전라남도 목포시 용해동,중상사고,0,1,0,0,차량단독 - 기타,안전운전불이행,젖음/습기,흐림,교차로 - 교차로부근,이륜,남,60세,중상,,,,
2021032700100232,2021년 3월 27일 13시,토요일,전라남도 목포시 상동,중상사고,0,1,1,0,차대차 - 기타,중앙선침범,젖음/습기,비,단일로 - 기타,이륜,남,62세,중상,화물,여,69세,경상
2021032700100233,2021년 3월 27일 13시,토요일,전라남도 순천시 생목동,중상사고,0,2,1,0,차대차 - 측면충돌,교차로운행방법위반,젖음/습기,비,교차로 - 교차로부근,특수,남,36세,상해없음,승용,남,39세,중상
2021032700100266,2021년 3월 27일 14시,토요일,전라남도 목포시 상동,경상사고,0,0,2,0,차대차 - 기타,안전운전불이행,건조,맑음,교차로 - 교차로부근,승용,남,79세,경상,승용,남,46세,경상
2021032700100267,2021년 3월 27일 14시,토요일,전라남도 순천시 석현동,경상사고,0,0,2,0,차대차 - 추돌,안전운전불이행,젖음/습기,비,단일로 - 기타,승용,남,77세,경상,승용,남,44세,기타불명
2021032700100268,2021년 3월 27일 14시,토요일,전라남도 영암군 삼호읍,경상사고,0,0,3,0,차대차 - 추돌,안전운전불이행,젖음/습기,비,교차로 - 교차로부근,특수,남,54세,상해없음,승용,남,43세,경상
2021032700100269,2021년 3월 27일 14시,토요일,전라남도 영암군 삼호읍,경상사고,0,0,2,0,차대차 - 추돌,안전운전불이행,젖음/습기,비,교차로 - 교차로부근,승용,여,51세,상해없음,승용,남,47세,경상
2021032700100360,2021년 3월 27일 16시,토요일,전라남도 목포시 죽교동,경상사고,0,0,1,0,차대차 - 기타,안전거리미확보,젖음/습기,비,단일로 - 기타,승용,남,41세,상해없음,승용,남,28세,경상
2021032700100361,2021년 3월 27일 16시,토요일,전라남도 목포시 산정동,경상사고,0,0,1,0,차대차 - 추돌,안전운전불이행,젖음/습기,비,단일로 - 기타,화물,남,51세,상해없음,승용,여,59세,경상
2021032700100362,2021년 3월 27일 16시,토요일,전라남도 여수시 돌산읍,경상사고,0,0,1,0,차대차 - 후진중충돌,안전운전불이행,젖음/습기,비,단일로 - 기타,승용,여,58세,상해없음,승용,남,42세,경상
2021032700100363,2021년 3월 27일 16시,토요일,전라남도 영암군 영암읍,경상사고,0,0,1,0,차량단독 - 공작물충돌,안전운전불이행,젖음/습기,비,단일로 - 기타,승용,남,66세,경상,,,,
2021032700100405,2021년 3월 27일 17시,토요일,전라남도 여수시 둔덕동,경상사고,0,0,1,0,차대차 - 추돌,안전운전불이행,젖음/습기,비,교차로 - 교차로안,승용,남,47세,상해없음,승용,남,57세,경상
2021032700100499,2021년 3월 27일 19시,토요일,전라남도 신안군 안좌면,부상신고사고,0,0,0,1,차량단독 - 전도전복 - 전도,안전운전불이행,건조,기타,기타 - 기타,이륜,여,62세,부상신고,,,,
2021032700100500,2021년 3월 27일 19시,토요일,전라남도 순천시 조곡동,경상사고,0,0,1,1,차대차 - 측면충돌,직진우회전진행방해,젖음/습기,비,교차로 - 교차로안,승용,여,28세,부상신고,승용,남,57세,경상
2021032700100548,2021년 3월 27일 20시,토요일,전라남도 광양시 광양읍,경상사고,0,0,1,0,차대차 - 측면충돌,신호위반,젖음/습기,비,교차로 - 교차로부근,승용,남,68세,상해없음,승용,여,44세,경상
2021032700100593,2021년 3월 27일 21시,토요일,전라남도 목포시 산정동,경상사고,0,0,2,0,차대차 - 측면충돌,안전운전불이행,젖음/습기,비,단일로 - 기타,승용,여,40세,상해없음,승용,남,33세,경상
2021032700100594,2021년 3월 27일 21시,토요일,전라남도 여수시 신기동,중상사고,0,1,0,0,차대사람 - 횡단중,신호위반,젖음/습기,비,교차로 - 교차로부근,승용,남,60세,상해없음,보행자,여,74세,중상
2021032700100628,2021년 3월 27일 22시,토요일,전라남도 여수시 문수동,경상사고,0,0,1,0,차량단독 - 기타,안전운전불이행,젖음/습기,비,교차로 - 교차로안,원동기,남,39세,경상,,,,
2021032700100629,2021년 3월 27일 22시,토요일,전라남도 진도군 진도읍,경상사고,0,0,2,0,차대차 - 측면충돌,교차로운행방법위반,젖음/습기,흐림,교차로 - 교차로안,승용,남,63세,상해없음,승용,남,18세,경상
2021032800100035,2021년 3월 28일 01시,일요일,전라남도 여수시 여서동,경상사고,0,0,2,0,차대차 - 추돌,안전운전불이행,건조,흐림,단일로 - 기타,승용,남,31세,상해없음,승용,남,61세,경상
2021032800100069,2021년 3월 28일 05시,일요일,전라남도 여수시 문수동,사망사고,1,0,0,0,차대사람 - 기타,안전운전불이행,젖음/습기,흐림,교차로 - 교차로안,승용,남,64세,상해없음,보행자,남,47세,사망
2021032800100074,2021년 3월 28일 06시,일요일,전라남도 순천시 해룡면,경상사고,0,0,1,0,차대차 - 측면충돌,신호위반,건조,맑음,교차로 - 교차로안,승합,남,62세,상해없음,승용,남,46세,경상
2021032800100075,2021년 3월 28일 06시,일요일,전라남도 담양군 담양읍,중상사고,0,1,0,0,차량단독 - 도로외이탈 - 기타,안전운전불이행,건조,맑음,교차로 - 교차로안,승용,여,50세,중상,,,,
2021032800100081,2021년 3월 28일 07시,일요일,전라남도 장흥군 관산읍,경상사고,0,0,1,0,차량단독 - 기타,안전운전불이행,건조,기타,기타 - 기타,화물,남,66세,경상,,,,
2021032800100082,2021년 3월 28일 07시,일요일,전라남도 강진군 작천면,경상사고,0,0,1,0,차대차 - 추돌,기타,젖음/습기,맑음,단일로 - 기타,화물,남,26세,상해없음,승용,여,69세,경상
2021032800100093,2021년 3월 28일 09시,일요일,전라남도 순천시 해룡면,경상사고,0,0,4,0,차대차 - 정면충돌,중앙선침범,건조,맑음,교차로 - 교차로안,승용,남,54세,상해없음,화물,남,64세,경상
2021032800100094,2021년 3월 28일 09시,일요일,전라남도 장흥군 장흥읍,경상사고,0,0,1,0,차대차 - 측면충돌,직진우회전진행방해,건조,맑음,교차로 - 교차로안,승용,남,80세,기타불명,화물,여,51세,경상
2021032800100095,2021년 3월 28일 09시,일요일,전라남도 해남군 화원면,경상사고,0,0,1,0,차량단독 - 기타,안전운전불이행,젖음/습기,흐림,기타 - 기타,화물,남,34세,경상,,,,
2021032800100159,2021년 3월 28일 12시,일요일,전라남도 순천시 남정동,경상사고,0,0,1,0,차대차 - 기타,교차로운행방법위반,건조,맑음,교차로 - 교차로안,승용,남,51세,상해없음,이륜,남,56세,경상
2021032800100160,2021년 3월 28일 12시,일요일,전라남도 구례군 문척면,경상사고,0,0,1,0,차대차 - 측면충돌,안전운전불이행,건조,맑음,기타 - 기타,화물,남,53세,상해없음,화물,남,50세,경상
2021032800100224,2021년 3월 28일 14시,일요일,전라남도 담양군 담양읍,경상사고,0,0,3,0,차대차 - 측면충돌,직진우회전진행방해,건조,맑음,교차로 - 교차로안,승용,남,27세,상해없음,승용,남,34세,경상
2021032800100258,2021년 3월 28일 15시,일요일,전라남도 여수시 여서동,경상사고,0,0,1,0,차대차 - 측면충돌,교차로운행방법위반,건조,맑음,교차로 - 교차로안,승용,남,52세,상해없음,승용,남,78세,상해없음
2021032800100259,2021년 3월 28일 15시,일요일,전라남도 순천시 왕지동,경상사고,0,0,3,0,차대차 - 측면충돌,교차로운행방법위반,건조,맑음,교차로 - 교차로안,승용,남,66세,상해없음,승용,남,43세,경상
2021032800100339,2021년 3월 28일 18시,일요일,전라남도 고흥군 금산면,경상사고,0,0,1,0,차대차 - 추돌,안전거리미확보,건조,맑음,교차로 - 교차로부근,승용,남,48세,상해없음,승용,남,73세,경상
2021032800100340,2021년 3월 28일 18시,일요일,전라남도 화순군 화순읍,중상사고,0,1,0,0,차대차 - 기타,교차로운행방법위반,건조,맑음,교차로 - 교차로안,화물,남,56세,상해없음,승용,남,54세,상해없음
2021032800100380,2021년 3월 28일 20시,일요일,전라남도 여수시 학동,경상사고,0,0,1,0,차대차 - 추돌,안전운전불이행,건조,맑음,교차로 - 교차로부근,승용,여,40세,상해없음,화물,남,52세,경상
2021032800100381,2021년 3월 28일 20시,일요일,전라남도 순천시 조례동,경상사고,0,0,1,0,차대차 - 측면충돌,불법유턴,건조,맑음,단일로 - 기타,승용,남,31세,상해없음,이륜,남,35세,경상
2021032800100382,2021년 3월 28일 20시,일요일,전라남도 영암군 삼호읍,경상사고,0,0,4,0,차대차 - 측면충돌,중앙선침범,건조,맑음,단일로 - 기타,승용,남,63세,상해없음,승용,남,40세,경상
2021032800100402,2021년 3월 28일 21시,일요일,전라남도 목포시 상동,경상사고,0,0,2,0,차대차 - 추돌,안전운전불이행,건조,맑음,단일로 - 기타,승용,남,66세,상해없음,승용,남,53세,경상
2021032800100403,2021년 3월 28일 21시,일요일,전라남도 여수시 학동,경상사고,0,0,5,0,차대차 - 측면충돌,안전운전불이행,건조,맑음,교차로 - 교차로안,승용,남,38세,경상,승용,남,25세,경상
2021032800100425,2021년 3월 28일 22시,일요일,전라남도 강진군 도암면,중상사고,0,1,0,0,차량단독 - 공작물충돌,안전운전불이행,건조,맑음,단일로 - 기타,승용,남,51세,중상,,,,
2021032900100106,2021년 3월 29일 08시,월요일,전라남도 목포시 상동,경상사고,0,0,1,0,차대사람 - 기타,안전운전불이행,건조,맑음,단일로 - 기타,승용,여,23세,상해없음,보행자,남,11세,경상
2021032900100107,2021년 3월 29일 08시,월요일,전라남도 여수시 소호동,중상사고,0,1,0,0,차대사람 - 횡단중,보행자보호의무위반,건조,맑음,교차로 - 교차로횡단보도내,승용,여,65세,상해없음,보행자,여,81세,중상
2021032900100141,2021년 3월 29일 09시,월요일,전라남도 목포시 옥암동,경상사고,0,0,4,0,차대차 - 추돌,안전운전불이행,건조,맑음,단일로 - 기타,건설기계,남,58세,상해없음,건설기계,남,48세,경상