사고번호,사고일시,요일,시군구,사고내용,사망자수,중상자수,경상자수,부상신고자수,사고유형,법규위반,노면상태,기상상태,도로형태,가해운전자 차종,가해운전자 성별,가해운전자 연령,가해운전자 상해정도,피해운전자 차종,피해운전자 성별,피해운전자 연령,피해운전자 상해정도
2021032900100142,2021년 3월 29일 09시,월요일,전라남도 여수시 중흥동,경상사고,0,0,1,0,차대사람 - 기타,안전운전불이행,건조,맑음,단일로 - 기타,화물,남,56세,상해없음,보행자,남,49세,경상
2021032900100143,2021년 3월 29일 09시,월요일,전라남도 순천시 덕월동,경상사고,0,0,1,0,차대차 - 기타,안전거리미확보,건조,맑음,단일로 - 기타,승용,남,72세,상해없음,승합,남,52세,상해없음
2021032900100182,2021년 3월 29일 10시,월요일,전라남도 여수시 주삼동,경상사고,0,0,1,0,차대차 - 측면충돌,안전운전불이행,건조,맑음,단일로 - 기타,화물,남,51세,상해없음,승용,남,46세,경상
2021032900100183,2021년 3월 29일 10시,월요일,전라남도 여수시 여서동,경상사고,0,0,2,0,차대차 - 측면충돌,안전운전불이행,건조,맑음,교차로 - 교차로안,승용,여,34세,상해없음,승용,남,60세,경상
2021032900100221,2021년 3월 29일 11시,월요일,전라남도 순천시 해룡면,경상사고,0,0,1,0,차대차 - 측면충돌,안전거리미확보,건조,맑음,단일로 - 기타,화물,남,61세,상해없음,승용,여,55세,경상
2021032900100254,2021년 3월 29일 12시,월요일,전라남도 해남군 문내면,경상사고,0,0,2,0,차대차 - 측면충돌,안전운전불이행,건조,맑음,단일로 - 기타,승용,여,37세,상해없음,승용,남,62세,경상
2021032900100255,2021년 3월 29일 12시,월요일,전라남도 해남군 화원면,경상사고,0,0,1,0,차량단독 - 공작물충돌,안전운전불이행,건조,맑음,단일로 - 기타,승용,여,49세,경상,,,,
2021032900100300,2021년 3월 29일 13시,월요일,전라남도 광양시 광양읍,경상사고,0,0,1,0,차대차 - 기타,안전거리미확보,건조,맑음,기타 - 기타,건설기계,남,58세,상해없음,승용,남,46세,경상
2021032900100301,2021년 3월 29일 13시,월요일,전라남도 강진군 병영면,경상사고,0,0,1,0,차대차 - 기타,안전운전불이행,건조,맑음,단일로 - 터널,건설기계,남,53세,상해없음,승용,남,40세,경상
2021032900100331,2021년 3월 29일 14시,월요일,전라남도 고흥군 과역면,경상사고,0,0,1,0,차대차 - 기타,직진우회전진행방해,건조,맑음,교차로 - 교차로안,이륜,남,78세,경상,화물,남,37세,상해없음
2021032900100360,2021년 3월 29일 15시,월요일,전라남도 고흥군 고흥읍,부상신고사고,0,0,0,2,차대차 - 측면충돌,안전운전불이행,건조,맑음,단일로 - 기타,승용,여,58세,상해없음,승용,남,66세,부상신고
2021032900100384,2021년 3월 29일 16시,월요일,전라남도 보성군 복내면,경상사고,0,0,3,0,차대차 - 측면충돌,직진우회전진행방해,건조,맑음,교차로 - 교차로안,승용,여,72세,경상,승용,남,81세,경상
2021032900100385,2021년 3월 29일 16시,월요일,전라남도 영암군 학산면,부상신고사고,0,0,0,1,차대차 - 측면충돌,교차로운행방법위반,건조,맑음,교차로 - 교차로안,이륜,남,83세,부상신고,승용,여,49세,상해없음
2021032900100471,2021년 3월 29일 18시,월요일,전라남도 화순군 도곡면,경상사고,0,0,1,0,차대차 - 기타,안전거리미확보,건조,맑음,교차로 - 교차로안,승용,남,49세,경상,승용,여,50세,상해없음
2021032900100472,2021년 3월 29일 18시,월요일,전라남도 무안군 삼향읍,경상사고,0,0,1,0,차대차 - 측면충돌,안전운전불이행,건조,맑음,단일로 - 기타,화물,남,31세,상해없음,승용,여,39세,경상
2021032900100506,2021년 3월 29일 19시,월요일,전라남도 해남군 해남읍,경상사고,0,0,4,0,차대차 - 추돌,신호위반,건조,맑음,단일로 - 터널,화물,남,66세,상해없음,승합,여,38세,경상
2021032900100528,2021년 3월 29일 20시,월요일,전라남도 순천시 연향동,중상사고,0,1,0,0,차대차 - 측면충돌,중앙선침범,건조,맑음,교차로 - 교차로안,승용,남,54세,상해없음,이륜,남,47세,중상
2021033000100009,2021년 3월 30일 00시,화요일,전라남도 해남군 문내면,부상신고사고,0,0,0,1,차대사람 - 횡단중,불법유턴,건조,맑음,단일로 - 기타,승용,남,19세,상해없음,보행자,남,23세,부상신고
2021033000100027,2021년 3월 30일 03시,화요일,전라남도 순천시 조례동,경상사고,0,0,1,0,차대차 - 측면충돌,안전운전불이행,건조,맑음,교차로 - 교차로안,승용,여,32세,상해없음,자전거,남,43세,경상
2021033000100068,2021년 3월 30일 07시,화요일,전라남도 목포시 연산동,경상사고,0,0,1,0,차대차 - 기타,안전거리미확보,건조,맑음,교차로 - 교차로부근,승용,남,54세,기타불명,승용,남,59세,상해없음
2021033000100069,2021년 3월 30일 07시,화요일,전라남도 순천시 덕월동,경상사고,0,0,1,0,차대차 - 추돌,안전거리미확보,건조,맑음,교차로 - 교차로안,승용,남,25세,상해없음,화물,여,56세,경상
2021033000100070,2021년 3월 30일 07시,화요일,전라남도 순천시 장천동,경상사고,0,0,1,0,차대차 - 기타,교차로운행방법위반,건조,맑음,단일로 - 기타,승용,여,50세,기타불명,승합,남,43세,상해없음
2021033000100112,2021년 3월 30일 08시,화요일,전라남도 여수시 화양면,경상사고,0,0,1,0,차대차 - 측면충돌,신호위반,건조,맑음,교차로 - 교차로안,승용,남,79세,상해없음,승용,여,58세,경상
2021033000100113,2021년 3월 30일 08시,화요일,전라남도 영암군 삼호읍,중상사고,0,1,1,0,차대차 - 측면충돌,신호위반,건조,맑음,교차로 - 교차로안,화물,남,50세,경상,승용,여,29세,중상
2021033000100114,2021년 3월 30일 08시,화요일,전라남도 담양군 고서면,경상사고,0,0,1,0,차대차 - 측면충돌,신호위반,건조,맑음,교차로 - 교차로안,승용,남,65세,상해없음,승용,남,52세,경상
2021033000100148,2021년 3월 30일 09시,화요일,전라남도 목포시 용당동,중상사고,0,1,0,0,차대차 - 측면충돌,안전거리미확보,건조,맑음,기타 - 기타,이륜,남,75세,중상,화물,남,48세,상해없음
2021033000100149,2021년 3월 30일 09시,화요일,전라남도 담양군 대전면,중상사고,0,1,0,0,차대차 - 기타,안전운전불이행,젖음/습기,비,교차로 - 교차로안,원동기,여,80세,중상,화물,남,59세,상해없음
2021033000100273,2021년 3월 30일 13시,화요일,전라남도 보성군 득량면,부상신고사고,0,0,0,1,차량단독 - 도로외이탈 - 기타,안전운전불이행,건조,맑음,기타 - 기타,원동기,남,63세,부상신고,,,,
2021033000100311,2021년 3월 30일 14시,화요일,전라남도 목포시 산정동,경상사고,0,0,3,0,차대차 - 측면충돌,안전거리미확보,건조,맑음,단일로 - 기타,승용,남,47세,경상,승용,남,83세,경상
2021033000100348,2021년 3월 30일 15시,화요일,전라남도 여수시 봉산동,경상사고,0,0,2,0,차대차 - 측면충돌,교차로운행방법위반,건조,맑음,교차로 - 교차로안,이륜,남,68세,경상,승용,남,70세,상해없음
2021033000100382,2021년 3월 30일 16시,화요일,전라남도 목포시 용당동,경상사고,0,0,2,0,차대차 - 측면충돌,직진우회전진행방해,건조,맑음,교차로 - 교차로안,이륜,남,30세,경상,승용,남,56세,경상
2021033000100383,2021년 3월 30일 16시,화요일,전라남도 목포시 용해동,경상사고,0,0,1,0,차대차 - 추돌,안전운전불이행,건조,맑음,기타 - 기타,승용,남,27세,상해없음,승용,여,49세,경상
2021033000100426,2021년 3월 30일 17시,화요일,전라남도 목포시 산정동,중상사고,0,1,0,0,차대사람 - 횡단중,신호위반,건조,맑음,교차로 - 교차로안,승용,남,55세,상해없음,보행자,여,59세,중상
2021033000100427,2021년 3월 30일 17시,화요일,전라남도 목포시 용해동,경상사고,0,0,1,0,차대차 - 기타,안전운전불이행,건조,맑음,기타 - 기타,승용,여,44세,상해없음,승용,여,52세,경상
2021033000100428,2021년 3월 30일 17시,화요일,전라남도 여수시 서교동,경상사고,0,0,1,0,차대차 - 추돌,안전운전불이행,건조,맑음,교차로 - 교차로안,화물,남,69세,상해없음,이륜,남,26세,경상
2021033000100429,2021년 3월 30일 17시,화요일,전라남도 여수시 여서동,경상사고,0,0,1,0,차대차 - 측면충돌,안전운전불이행,건조,맑음,단일로 - 기타,승용,남,66세,상해없음,승용,남,29세,경상
2021033000100430,2021년 3월 30일 17시,화요일,전라남도 순천시 조례동,경상사고,0,0,2,0,차대차 - 기타,안전거리미확보,건조,맑음,교차로 - 교차로부근,이륜,여,26세,경상,승용,남,39세,경상
2021033000100480,2021년 3월 30일 18시,화요일,전라남도 여수시 학동,경상사고,0,0,1,0,차대차 - 측면충돌,안전운전불이행,건조,맑음,교차로 - 교차로안,화물,남,65세,상해없음,이륜,남,46세,경상
2021033000100481,2021년 3월 30일 18시,화요일,전라남도 여수시 문수동,중상사고,0,1,0,0,차대사람 - 차도통행중,안전운전불이행,건조,맑음,교차로 - 교차로안,승용,여,24세,기타불명,보행자,여,25세,중상
2021033000100482,2021년 3월 30일 18시,화요일,전라남도 순천시 조례동,중상사고,0,1,0,0,차대차 - 측면충돌,교차로운행방법위반,건조,맑음,교차로 - 교차로안,승용,남,41세,상해없음,이륜,남,38세,중상
2021033000100584,2021년 3월 30일 21시,화요일,전라남도 광양시 중동,중상사고,0,1,0,0,차대차 - 기타,안전운전불이행,건조,맑음,교차로 - 교차로부근,승용,남,31세,상해없음,이륜,남,41세,중상
2021033100100018,2021년 3월 31일 01시,수요일,전라남도 목포시 상동,경상사고,0,0,2,0,차대차 - 추돌,안전운전불이행,건조,맑음,교차로 - 교차로부근,승용,남,46세,상해없음,승용,남,37세,경상
2021033100100036,2021년 3월 31일 05시,수요일,전라남도 여수시 봉산동,중상사고,0,1,0,0,차대사람 - 횡단중,안전운전불이행,건조,맑음,교차로 - 교차로횡단보도내,이륜,남,40세,기타불명,보행자,여,80세,중상
2021033100100045,2021년 3월 31일 06시,수요일,전라남도 광양시 중동,경상사고,0,0,1,0,차대차 - 측면충돌,교차로운행방법위반,건조,맑음,교차로 - 교차로안,승용,남,54세,상해없음,승용,남,68세,경상
2021033100100064,2021년 3월 31일 07시,수요일,전라남도 순천시 장천동,경상사고,0,0,2,1,차대차 - 측면충돌,직진우회전진행방해,건조,맑음,교차로 - 교차로안,승용,여,61세,부상신고,승용,남,28세,경상
2021033100100102,2021년 3월 31일 08시,수요일,전라남도 여수시 문수동,경상사고,0,0,1,0,차대차 - 추돌,안전운전불이행,건조,맑음,교차로 - 교차로안,승용,여,47세,상해없음,승용,남,55세,경상
2021033100100132,2021년 3월 31일 09시,수요일,전라남도 장흥군 관산읍,경상사고,0,0,1,0,차대차 - 측면충돌,안전운전불이행,건조,맑음,교차로 - 교차로안,이륜,남,81세,경상,승용,남,73세,상해없음
2021033100100155,2021년 3월 31일 10시,수요일,전라남도 순천시 별량면,경상사고,0,0,1,0,차대차 - 추돌,안전운전불이행,건조,맑음,단일로 - 기타,화물,남,70세,상해없음,승용,남,65세,경상
2021033100100184,2021년 3월 31일 11시,수요일,전라남도 순천시 연향동,경상사고,0,0,1,0,차대차 - 측면충돌,직진우회전진행방해,건조,맑음,교차로 - 교차로안,승용,여,36세,상해없음,승용,남,26세,경상
2021033100100185,2021년 3월 31일 11시,수요일,전라남도 영암군 군서면,경상사고,0,0,1,0,차대차 - 측면충돌,안전거리미확보,건조,맑음,교차로 - 교차로부근,승용,남,64세,상해없음,승용,여,56세,경상
2021033100100218,2021년 3월 31일 12시,수요일,전라남도 장흥군 회진면,사망사고,1,0,0,0,차량단독 - 공작물충돌,안전운전불이행,건조,맑음,단일로 - 기타,농기계,남,79세,사망,,,,
2021033100100256,2021년 3월 31일 13시,수요일,전라남도 영광군 묘량면,경상사고,0,0,1,0,차대사람 - 기타,안전운전불이행,건조,맑음,단일로 - 기타,승용,남,33세,상해없음,보행자,남,53세,경상
2021033100100279,2021년 3월 31일 14시,수요일,전라남도 영광군 영광읍,중상사고,0,1,0,0,차대차 - 측면충돌,안전운전불이행,건조,맑음,교차로 - 교차로안,건설기계,남,56세,상해없음,이륜,남,68세,중상
2021033100100280,2021년 3월 31일 14시,수요일,전라남도 장성군 장성읍,경상사고,0,0,1,0,차대차 - 기타,안전운전불이행,건조,맑음,단일로 - 기타,화물,남,68세,상해없음,승용,여,58세,경상
2021033100100281,2021년 3월 31일 14시,수요일,전라남도 완도군 완도읍,경상사고,0,0,2,0,차대차 - 추돌,안전운전불이행,건조,맑음,기타 - 기타,승용,남,71세,상해없음,화물,여,59세,경상
2021033100100330,2021년 3월 31일 15시,수요일,전라남도 순천시 덕암동,경상사고,0,0,1,0,차대차 - 측면충돌,안전운전불이행,건조,맑음,단일로 - 기타,승용,남,74세,상해없음,승용,남,39세,경상
2021033100100331,2021년 3월 31일 15시,수요일,전라남도 해남군 송지면,중상사고,0,1,0,0,차대사람 - 기타,안전운전불이행,건조,맑음,기타 - 기타,화물,남,57세,상해없음,보행자,여,76세,중상
2021033100100332,2021년 3월 31일 15시,수요일,전라남도 무안군 무안읍,경상사고,0,0,1,0,차대차 - 기타,기타,건조,맑음,기타 - 기타,화물,남,54세,상해없음,승용,남,21세,경상
2021033100100458,2021년 3월 31일 18시,수요일,전라남도 신안군 암태면,중상사고,0,2,0,0,차대차 - 정면충돌,중앙선침범,건조,맑음,단일로 - 기타,화물,남,58세,중상,승용,남,33세,중상
2021033100100459,2021년 3월 31일 18시,수요일,전라남도 보성군 겸백면,중상사고,0,5,2,0,차대차 - 측면충돌,중앙선침범,건조,맑음,단일로 - 기타,승용,남,66세,중상,승용,여,56세,중상
2021033100100460,2021년 3월 31일 18시,수요일,전라남도 담양군 대덕면,경상사고,0,0,1,1,차대차 - 정면충돌,중앙선침범,건조,맑음,단일로 - 기타,승용,남,57세,부상신고,승용,여,55세,경상
2021033100100535,2021년 3월 31일 20시,수요일,전라남도 목포시 옥암동,경상사고,0,0,2,0,차대차 - 기타,교차로운행방법위반,건조,맑음,교차로 - 교차로안,승용,남,47세,경상,승용,남,25세,경상
2021033100100536,2021년 3월 31일 20시,수요일,전라남도 해남군 해남읍,경상사고,0,0,2,0,차대차 - 기타,안전운전불이행,건조,맑음,교차로 - 교차로안,승용,여,57세,경상,화물,남,69세,경상
2021033100100537,2021년 3월 31일 20시,수요일,전라남도 광양시 중동,경상사고,0,0,1,0,차대사람 - 기타,안전운전불이행,건조,맑음,교차로 - 교차로안,승용,여,44세,상해없음,보행자,남,52세,경상
2021040100100038,2021년 4월 1일 05시,목요일,전라남도 영광군 불갑면,경상사고,0,0,1,0,차대차 - 측면충돌,안전운전불이행,건조,맑음,단일로 - 기타,화물,남,61세,상해없음,화물,남,56세,상해없음
2021040100100047,2021년 4월 1일 06시,목요일,전라남도 보성군 벌교읍,경상사고,0,0,1,0,차대사람 - 횡단중,안전운전불이행,건조,맑음,교차로 - 교차로부근,승합,남,57세,상해없음,보행자,여,48세,경상
2021040100100060,2021년 4월 1일 07시,목요일,전라남도 신안군 지도읍,경상사고,0,0,1,0,차대차 - 정면충돌,중앙선침범,건조,맑음,교차로 - 교차로부근,화물,남,53세,상해없음,이륜,남,76세,경상
2021040100100136,2021년 4월 1일 09시,목요일,전라남도 목포시 산정동,경상사고,0,0,1,0,차대차 - 추돌,안전운전불이행,건조,맑음,교차로 - 교차로부근,승용,남,20세,상해없음,승용,남,68세,경상
2021040100100163,2021년 4월 1일 10시,목요일,전라남도 해남군 해남읍,경상사고,0,0,2,0,차대차 - 기타,안전거리미확보,건조,맑음,단일로 - 기타,화물,남,72세,상해없음,승용,남,82세,경상
2021040100100196,2021년 4월 1일 11시,목요일,전라남도 여수시 신기동,경상사고,0,0,1,0,차대차 - 기타,안전운전불이행,건조,맑음,단일로 - 기타,승용,남,67세,상해없음,이륜,남,38세,경상
2021040100100197,2021년 4월 1일 11시,목요일,전라남도 여수시 신기동,경상사고,0,0,1,0,차대차 - 측면충돌,안전운전불이행,건조,맑음,교차로 - 교차로부근,화물,남,57세,상해없음,승용,여,62세,경상
2021040100100238,2021년 4월 1일 12시,목요일,전라남도 목포시 상동,경상사고,0,0,2,0,차대차 - 기타,안전운전불이행,건조,맑음,교차로 - 교차로부근,승용,남,62세,경상,승용,남,44세,경상
2021040100100239,2021년 4월 1일 12시,목요일,전라남도 순천시 덕월동,중상사고,0,1,0,0,차대차 - 측면충돌,직진우회전진행방해,건조,맑음,교차로 - 교차로안,승용,남,42세,상해없음,이륜,남,33세,중상
2021040100100276,2021년 4월 1일 13시,목요일,전라남도 신안군 비금면,중상사고,0,1,0,0,차량단독 - 기타,안전운전불이행,건조,맑음,단일로 - 기타,화물,남,80세,중상,,,,
2021040100100304,2021년 4월 1일 14시,목요일,전라남도 목포시 석현동,경상사고,0,0,1,0,차대차 - 기타,안전운전불이행,건조,맑음,단일로 - 기타,이륜,남,76세,상해없음,승용,남,52세,경상
2021040100100305,2021년 4월 1일 14시,목요일,전라남도 나주시 산포면,중상사고,0,1,1,1,차대차 - 측면충돌,안전운전불이행,건조,맑음,단일로 - 기타,승용,여,43세,부상신고,승용,남,44세,경상
2021040100100353,2021년 4월 1일 15시,목요일,전라남도 여수시 고소동,경상사고,0,0,3,0,차대차 - 측면충돌,안전운전불이행,건조,맑음,단일로 - 기타,승용,남,55세,상해없음,승용,남,66세,상해없음
2021040100100354,2021년 4월 1일 15시,목요일,전라남도 영광군 염산면,경상사고,0,0,2,0,차대차 - 정면충돌,중앙선침범,건조,맑음,단일로 - 기타,승용,여,59세,경상,승용,여,54세,경상
2021040100100388,2021년 4월 1일 16시,목요일,전라남도 목포시 상동,경상사고,0,0,1,0,차대차 - 측면충돌,안전운전불이행,건조,맑음,교차로 - 교차로부근,승용,여,47세,상해없음,자전거,남,75세,경상
2021040100100389,2021년 4월 1일 16시,목요일,전라남도 나주시 빛가람동,경상사고,0,0,1,0,차대차 - 추돌,안전운전불이행,건조,맑음,교차로 - 교차로부근,승용,여,68세,상해없음,승용,남,27세,경상
2021040100100436,2021년 4월 1일 17시,목요일,전라남도 고흥군 도양읍,경상사고,0,0,1,0,차대차 - 추돌,안전운전불이행,건조,맑음,단일로 - 기타,화물,남,76세,상해없음,승합,남,51세,상해없음
2021040100100480,2021년 4월 1일 18시,목요일,전라남도 목포시 산정동,경상사고,0,0,1,0,차대차 - 추돌,안전운전불이행,건조,맑음,교차로 - 교차로부근,승용,여,36세,상해없음,승용,남,66세,경상
2021040100100481,2021년 4월 1일 18시,목요일,전라남도 나주시 노안면,경상사고,0,0,2,0,차대차 - 추돌,신호위반,건조,맑음,교차로 - 교차로안,승용,여,68세,경상,승용,남,31세,경상
2021040100100527,2021년 4월 1일 19시,목요일,전라남도 장흥군 장흥읍,경상사고,0,0,1,0,차대사람 - 차도통행중,안전운전불이행,건조,맑음,교차로 - 교차로안,화물,남,52세,상해없음,보행자,여,71세,경상
2021040100100528,2021년 4월 1일 19시,목요일,전라남도 고흥군 도덕면,사망사고,1,1,0,0,차대차 - 정면충돌,신호위반,건조,맑음,단일로 - 기타,승용,남,56세,중상,승용,남,52세,사망
2021040100100529,2021년 4월 1일 19시,목요일,전라남도 담양군 담양읍,중상사고,0,1,0,0,차대차 - 기타,직진우회전진행방해,건조,맑음,교차로 - 교차로안,승용,여,27세,상해없음,이륜,남,21세,중상
2021040100100562,2021년 4월 1일 20시,목요일,전라남도 순천시 해룡면,경상사고,0,0,1,0,차대사람 - 기타,안전운전불이행,건조,맑음,단일로 - 기타,승용,남,21세,상해없음,보행자,남,24세,경상
2021040100100563,2021년 4월 1일 20시,목요일,전라남도 순천시 조곡동,경상사고,0,0,1,0,차대차 - 측면충돌,직진우회전진행방해,건조,맑음,교차로 - 교차로부근,승용,남,25세,상해없음,승합,남,53세,경상
2021040100100564,2021년 4월 1일 20시,목요일,전라남도 고흥군 금산면,중상사고,0,1,0,0,차대사람 - 기타,안전운전불이행,젖음/습기,흐림,단일로 - 기타,승용,남,47세,상해없음,보행자,남,62세,중상
2021040100100594,2021년 4월 1일 21시,목요일,전라남도 여수시 문수동,경상사고,0,0,2,0,차대차 - 기타,중앙선침범,건조,맑음,교차로 - 교차로안,이륜,남,43세,상해없음,승용,남,70세,경상
2021040100100616,2021년 4월 1일 22시,목요일,전라남도 순천시 해룡면,경상사고,0,0,1,0,차대사람 - 기타,안전운전불이행,건조,맑음,교차로 - 교차로부근,이륜,남,17세,상해없음,보행자,남,48세,경상
2021040200100037,2021년 4월 2일 05시,금요일,전라남도 화순군 화순읍,중상사고,0,2,0,2,차량단독 - 공작물충돌,신호위반,건조,맑음,교차로 - 교차로안,승용,남,19세,중상,,,,
2021040200100038,2021년 4월 2일 05시,금요일,전라남도 무안군 삼향읍,경상사고,0,0,2,0,차대차 - 측면충돌,안전운전불이행,건조,맑음,단일로 - 기타,승용,여,39세,기타불명,승용,남,55세,경상
2021040200100064,2021년 4월 2일 07시,금요일,전라남도 여수시 화치동,경상사고,0,0,1,0,차대차 - 측면충돌,교차로운행방법위반,건조,맑음,교차로 - 교차로안,건설기계,남,54세,상해없음,승합,여,54세,경상
2021040200100065,2021년 4월 2일 07시,금요일,전라남도 무안군 삼향읍,경상사고,0,0,3,0,차대차 - 기타,안전운전불이행,건조,맑음,단일로 - 기타,승용,남,42세,상해없음,승용,남,47세,경상
2021040200100095,2021년 4월 2일 08시,금요일,전라남도 목포시 옥암동,경상사고,0,0,1,0,차대차 - 기타,교차로운행방법위반,건조,맑음,교차로 - 교차로안,화물,남,51세,상해없음,승용,여,27세,경상
2021040200100128,2021년 4월 2일 09시,금요일,전라남도 여수시 웅천동,중상사고,0,1,1,0,차대차 - 측면충돌,안전운전불이행,건조,맑음,교차로 - 교차로안,승용,남,67세,상해없음,승용,여,33세,경상
2021040200100129,2021년 4월 2일 09시,금요일,전라남도 해남군 해남읍,경상사고,0,0,1,0,차대차 - 기타,교차로운행방법위반,건조,맑음,교차로 - 교차로안,승용,남,75세,상해없음,승용,남,60세,경상
2021040200100130,2021년 4월 2일 09시,금요일,전라남도 보성군 겸백면,중상사고,0,1,0,0,차대차 - 정면충돌,중앙선침범,건조,맑음,단일로 - 기타,화물,남,56세,상해없음,승용,여,64세,중상
2021040200100131,2021년 4월 2일 09시,금요일,전라남도 함평군 엄다면,경상사고,0,0,2,0,차대차 - 측면충돌,중앙선침범,건조,맑음,교차로 - 교차로횡단보도내,화물,남,62세,상해없음,승용,남,70세,경상
2021040200100157,2021년 4월 2일 10시,금요일,전라남도 목포시 상동,중상사고,0,1,0,0,차대차 - 기타,중앙선침범,건조,맑음,단일로 - 기타,자전거,여,66세,중상,승용,남,72세,상해없음
2021040200100158,2021년 4월 2일 10시,금요일,전라남도 함평군 손불면,경상사고,0,0,1,0,차대차 - 측면충돌,안전운전불이행,건조,맑음,기타 - 기타,화물,남,74세,상해없음,사륜오토바이(ATV),여,80세,경상
2021040200100159,2021년 4월 2일 10시,금요일,전라남도 진도군 의신면,경상사고,0,0,4,0,차대차 - 정면충돌,중앙선침범,건조,맑음,단일로 - 기타,승용,남,36세,상해없음,승용,여,42세,경상
2021040200100160,2021년 4월 2일 10시,금요일,전라남도 광양시 진상면,경상사고,0,0,1,0,차대차 - 측면충돌,안전운전불이행,건조,맑음,단일로 - 기타,이륜,남,60세,경상,화물,남,24세,상해없음
2021040200100188,2021년 4월 2일 11시,금요일,전라남도 신안군 압해읍,중상사고,0,1,0,0,차량단독 - 도로외이탈 - 추락,안전운전불이행,건조,맑음,기타 - 기타,사륜오토바이(ATV),여,72세,중상,,,,
2021040200100189,2021년 4월 2일 11시,금요일,전라남도 장흥군 관산읍,경상사고,0,0,1,0,차대차 - 측면충돌,안전거리미확보,건조,맑음,단일로 - 기타,승용,남,75세,기타불명,화물,남,52세,경상
2021040200100226,2021년 4월 2일 12시,금요일,전라남도 여수시 신기동,경상사고,0,0,2,0,차대차 - 추돌,안전운전불이행,건조,맑음,교차로 - 교차로부근,승용,남,38세,상해없음,승용,여,57세,경상
2021040200100227,2021년 4월 2일 12시,금요일,전라남도 나주시 봉황면,중상사고,0,1,1,0,차대차 - 기타,안전운전불이행,건조,맑음,단일로 - 기타,원동기,남,32세,중상,승용,여,53세,경상
2021040200100228,2021년 4월 2일 12시,금요일,전라남도 나주시 이창동,중상사고,0,1,0,0,차대차 - 기타,안전운전불이행,건조,맑음,단일로 - 기타,화물,남,64세,상해없음,자전거,여,63세,중상
2021040200100229,2021년 4월 2일 12시,금요일,전라남도 해남군 문내면,경상사고,0,0,1,0,차대차 - 측면충돌,신호위반,건조,맑음,교차로 - 교차로안,승용,남,18세,상해없음,승용,여,34세,경상
2021040200100268,2021년 4월 2일 13시,금요일,전라남도 여수시 문수동,경상사고,0,0,1,0,차대사람 - 횡단중,보행자보호의무위반,건조,맑음,교차로 - 교차로횡단보도내,승용,남,63세,상해없음,보행자,여,42세,경상
2021040200100269,2021년 4월 2일 13시,금요일,전라남도 완도군 완도읍,중상사고,0,1,1,0,차대차 - 정면충돌,중앙선침범,건조,맑음,단일로 - 기타,승합,남,62세,중상,화물,남,59세,경상
2021040200100270,2021년 4월 2일 13시,금요일,전라남도 광양시 중동,경상사고,0,0,1,0,차대차 - 추돌,안전운전불이행,건조,맑음,교차로 - 교차로부근,승용,여,40세,상해없음,이륜,남,53세,경상
2021040200100303,2021년 4월 2일 14시,금요일,전라남도 장흥군 부산면,경상사고,0,0,1,0,차대차 - 추돌,안전운전불이행,건조,맑음,단일로 - 교량,화물,남,48세,상해없음,승용,남,31세,경상
2021040200100336,2021년 4월 2일 15시,금요일,전라남도 여수시 여서동,중상사고,0,1,0,0,차대차 - 측면충돌,안전운전불이행,건조,맑음,교차로 - 교차로부근,이륜,남,31세,중상,승용,남,61세,상해없음
2021040200100337,2021년 4월 2일 15시,금요일,전라남도 여수시 신기동,중상사고,0,1,0,0,차대차 - 측면충돌,신호위반,건조,맑음,교차로 - 교차로안,승용,남,25세,상해없음,승용,남,41세,중상
2021040200100338,2021년 4월 2일 15시,금요일,전라남도 해남군 현산면,경상사고,0,0,1,0,차대차 - 측면충돌,신호위반,건조,맑음,기타 - 기타,화물,남,62세,상해없음,승용,남,65세,경상
2021040200100376,2021년 4월 2일 16시,금요일,전라남도 고흥군 도양읍,경상사고,0,0,1,0,차대차 - 측면충돌,기타,건조,맑음,교차로 - 교차로안,화물,남,60세,상해없음,승용,여,40세,경상
2021040200100377,2021년 4월 2일 16시,금요일,전라남도 광양시 중동,중상사고,0,1,0,0,차대사람 - 횡단중,보행자보호의무위반,건조,맑음,교차로 - 교차로안,승용,남,31세,상해없음,보행자,여,60세,중상
2021040200100415,2021년 4월 2일 17시,금요일,전라남도 목포시 용당동,중상사고,0,1,0,0,차대차 - 기타,안전운전불이행,건조,맑음,단일로 - 기타,승용,남,24세,상해없음,자전거,남,31세,중상
2021040200100468,2021년 4월 2일 18시,금요일,전라남도 여수시 율촌면,경상사고,0,0,3,0,차대차 - 추돌,교차로운행방법위반,건조,맑음,교차로 - 교차로안,승용,남,62세,상해없음,승용,여,47세,경상
2021040200100469,2021년 4월 2일 18시,금요일,전라남도 영암군 삼호읍,경상사고,0,0,2,0,차대차 - 기타,교차로운행방법위반,건조,맑음,교차로 - 교차로안,승용,남,34세,상해없음,승용,남,41세,경상
2021040200100470,2021년 4월 2일 18시,금요일,전라남도 진도군 진도읍,경상사고,0,0,1,0,차대차 - 측면충돌,중앙선침범,건조,맑음,교차로 - 교차로부근,화물,남,59세,상해없음,승용,남,66세,경상
2021040200100557,2021년 4월 2일 20시,금요일,전라남도 여수시 오림동,경상사고,0,0,1,0,차량단독 - 기타,안전운전불이행,건조,맑음,교차로 - 교차로부근,승용,남,66세,상해없음,,,,
2021040200100589,2021년 4월 2일 21시,금요일,전라남도 목포시 상동,사망사고,2,0,0,0,차대차 - 기타,신호위반,건조,맑음,교차로 - 교차로안,이륜,남,19세,사망,이륜,남,23세,사망