사고번호,사고일시,요일,시군구,사고내용,사망자수,중상자수,경상자수,부상신고자수,사고유형,법규위반,노면상태,기상상태,도로형태,가해운전자 차종,가해운전자 성별,가해운전자 연령,가해운전자 상해정도,피해운전자 차종,피해운전자 성별,피해운전자 연령,피해운전자 상해정도
2021040200100590,2021년 4월 2일 21시,금요일,전라남도 여수시 소라면,사망사고,1,0,0,0,차대사람 - 차도통행중,안전운전불이행,건조,맑음,단일로 - 기타,승용,남,39세,상해없음,보행자,남,55세,사망
2021040200100591,2021년 4월 2일 21시,금요일,전라남도 완도군 고금면,경상사고,0,0,2,0,차대차 - 측면충돌,안전운전불이행,건조,맑음,단일로 - 기타,화물,남,27세,경상,승용,여,56세,상해없음
2021040200100592,2021년 4월 2일 21시,금요일,전라남도 무안군 청계면,중상사고,0,1,0,0,차대사람 - 기타,안전운전불이행,건조,기타,교차로 - 교차로안,승용,남,51세,상해없음,보행자,여,22세,중상
2021040200100624,2021년 4월 2일 22시,금요일,전라남도 순천시 연향동,중상사고,0,1,0,0,차대차 - 추돌,안전운전불이행,건조,맑음,교차로 - 교차로안,승용,남,27세,상해없음,승용,여,50세,중상
2021040200100625,2021년 4월 2일 22시,금요일,전라남도 나주시 빛가람동,경상사고,0,0,2,0,차대차 - 정면충돌,신호위반,건조,맑음,교차로 - 교차로안,승용,여,59세,경상,승용,여,50세,경상
2021040200100641,2021년 4월 2일 23시,금요일,전라남도 여수시 신기동,경상사고,0,0,1,0,차대차 - 추돌,안전운전불이행,건조,맑음,교차로 - 교차로안,승합,남,59세,상해없음,승용,여,48세,경상
2021040200100642,2021년 4월 2일 23시,금요일,전라남도 완도군 완도읍,경상사고,0,0,1,0,차대차 - 측면충돌,안전운전불이행,건조,맑음,단일로 - 기타,화물,남,52세,기타불명,승용,남,60세,상해없음
2021040300100047,2021년 4월 3일 04시,토요일,전라남도 순천시 황전면,경상사고,0,0,1,0,차대차 - 측면충돌,신호위반,젖음/습기,비,교차로 - 교차로안,승용,남,69세,상해없음,승용,남,27세,경상
2021040300100075,2021년 4월 3일 08시,토요일,전라남도 여수시 소호동,경상사고,0,0,1,0,차대차 - 측면충돌,안전운전불이행,젖음/습기,비,교차로 - 교차로안,승용,남,51세,상해없음,승용,여,42세,경상
2021040300100076,2021년 4월 3일 08시,토요일,전라남도 순천시 교량동,경상사고,0,0,1,0,차대차 - 측면충돌,안전운전불이행,젖음/습기,비,교차로 - 교차로안,승용,남,58세,상해없음,승용,남,60세,경상
2021040300100094,2021년 4월 3일 09시,토요일,전라남도 목포시 용해동,경상사고,0,0,6,0,차대차 - 측면충돌,교차로운행방법위반,건조,맑음,교차로 - 교차로안,승용,남,72세,상해없음,화물,남,52세,경상
2021040300100114,2021년 4월 3일 10시,토요일,전라남도 목포시 옥암동,경상사고,0,0,5,0,차대차 - 추돌,안전거리미확보,건조,맑음,단일로 - 기타,화물,남,41세,경상,승용,남,55세,경상
2021040300100115,2021년 4월 3일 10시,토요일,전라남도 목포시 상동,경상사고,0,0,2,0,차대차 - 기타,기타,건조,맑음,단일로 - 기타,승용,남,72세,경상,승용,남,68세,경상
2021040300100146,2021년 4월 3일 11시,토요일,전라남도 무안군 삼향읍,경상사고,0,0,1,0,차대차 - 기타,중앙선침범,젖음/습기,비,교차로 - 교차로부근,승용,남,25세,상해없음,이륜,남,46세,경상
2021040300100238,2021년 4월 3일 13시,토요일,전라남도 여수시 교동,경상사고,0,0,1,0,차대차 - 후진중충돌,안전운전불이행,젖음/습기,비,교차로 - 교차로안,승용,남,20세,상해없음,승용,남,37세,상해없음
2021040300100239,2021년 4월 3일 13시,토요일,전라남도 광양시 태인동,경상사고,0,0,2,0,차대차 - 측면충돌,안전운전불이행,젖음/습기,비,교차로 - 교차로안,승용,여,19세,경상,승용,남,65세,상해없음
2021040300100279,2021년 4월 3일 14시,토요일,전라남도 강진군 성전면,중상사고,0,1,1,0,차량단독 - 공작물충돌,안전운전불이행,젖음/습기,비,단일로 - 기타,승용,여,49세,경상,,,,
2021040300100307,2021년 4월 3일 15시,토요일,전라남도 무안군 삼향읍,경상사고,0,0,2,0,차대차 - 기타,안전운전불이행,건조,맑음,교차로 - 교차로안,승용,남,58세,상해없음,승용,남,29세,경상
2021040300100342,2021년 4월 3일 16시,토요일,전라남도 여수시 소라면,사망사고,1,0,1,0,차량단독 - 공작물충돌,안전운전불이행,젖음/습기,비,단일로 - 기타,승용,남,59세,경상,,,,
2021040300100381,2021년 4월 3일 17시,토요일,전라남도 여수시 신기동,경상사고,0,0,1,0,차대사람 - 길가장자리구역통행중,안전운전불이행,젖음/습기,비,단일로 - 기타,승용,여,53세,상해없음,보행자,여,37세,경상
2021040300100413,2021년 4월 3일 18시,토요일,전라남도 여수시 학동,중상사고,0,1,0,0,차대차 - 기타,교차로운행방법위반,젖음/습기,비,교차로 - 교차로안,승용,남,54세,상해없음,이륜,남,41세,중상
2021040300100453,2021년 4월 3일 19시,토요일,전라남도 여수시 서교동,경상사고,0,0,1,0,차대사람 - 횡단중,안전운전불이행,젖음/습기,비,단일로 - 기타,이륜,남,62세,상해없음,보행자,남,58세,경상
2021040300100590,2021년 4월 3일 22시,토요일,전라남도 완도군 신지면,경상사고,0,0,1,0,차량단독 - 공작물충돌,안전운전불이행,건조,맑음,단일로 - 기타,승용,남,50세,경상,,,,
2021040400100009,2021년 4월 4일 00시,일요일,전라남도 여수시 학동,경상사고,0,0,1,0,차대차 - 정면충돌,안전운전불이행,건조,맑음,단일로 - 기타,승용,남,22세,상해없음,이륜,남,39세,경상
2021040400100018,2021년 4월 4일 01시,일요일,전라남도 무안군 삼향읍,경상사고,0,0,1,0,차대차 - 측면충돌,안전운전불이행,젖음/습기,비,교차로 - 교차로안,승용,남,35세,상해없음,승용,여,46세,경상
2021040400100075,2021년 4월 4일 09시,일요일,전라남도 강진군 칠량면,경상사고,0,0,4,0,차대차 - 추돌,안전운전불이행,건조,흐림,교차로 - 교차로부근,승용,남,60세,상해없음,승용,여,44세,경상
2021040400100107,2021년 4월 4일 11시,일요일,전라남도 여수시 소라면,사망사고,1,2,1,0,차대차 - 기타,안전운전불이행,젖음/습기,흐림,교차로 - 교차로안,승용,남,73세,중상,승용,남,58세,경상
2021040400100131,2021년 4월 4일 12시,일요일,전라남도 완도군 신지면,경상사고,0,0,3,0,차대차 - 정면충돌,안전운전불이행,건조,맑음,교차로 - 교차로부근,승용,여,68세,기타불명,승용,여,58세,경상
2021040400100132,2021년 4월 4일 12시,일요일,전라남도 무안군 삼향읍,경상사고,0,0,1,0,차대차 - 기타,안전운전불이행,젖음/습기,비,교차로 - 교차로부근,승합,남,51세,상해없음,이륜,남,28세,경상
2021040400100154,2021년 4월 4일 13시,일요일,전라남도 순천시 조례동,경상사고,0,0,2,0,차대차 - 측면충돌,직진우회전진행방해,건조,맑음,교차로 - 교차로안,승합,남,58세,경상,승용,여,28세,경상
2021040400100155,2021년 4월 4일 13시,일요일,전라남도 광양시 광양읍,경상사고,0,0,2,0,차대차 - 측면충돌,신호위반,젖음/습기,비,교차로 - 교차로안,화물,남,79세,상해없음,승용,남,32세,경상
2021040400100260,2021년 4월 4일 16시,일요일,전라남도 여수시 웅천동,경상사고,0,0,2,0,차대차 - 기타,안전운전불이행,건조,맑음,단일로 - 기타,승용,남,42세,상해없음,승용,여,28세,경상
2021040400100261,2021년 4월 4일 16시,일요일,전라남도 순천시 덕월동,경상사고,0,0,3,0,차대차 - 후진중충돌,안전운전불이행,젖음/습기,비,기타 - 기타,승용,여,38세,경상,승용,남,50세,경상
2021040400100262,2021년 4월 4일 16시,일요일,전라남도 강진군 강진읍,경상사고,0,0,1,0,차대차 - 측면충돌,교차로운행방법위반,젖음/습기,흐림,교차로 - 교차로안,승용,여,21세,상해없음,승용,여,50세,경상
2021040400100285,2021년 4월 4일 17시,일요일,전라남도 무안군 청계면,경상사고,0,0,2,0,차대차 - 측면충돌,신호위반,건조,맑음,교차로 - 교차로안,이륜,남,21세,경상,승용,여,45세,경상
2021040400100286,2021년 4월 4일 17시,일요일,전라남도 광양시 광양읍,중상사고,0,1,0,0,차대차 - 측면충돌,안전거리미확보,젖음/습기,비,단일로 - 기타,승용,남,27세,상해없음,원동기,남,27세,중상
2021040400100311,2021년 4월 4일 18시,일요일,전라남도 여수시 웅천동,경상사고,0,0,2,0,차대차 - 정면충돌,교차로운행방법위반,건조,맑음,교차로 - 교차로안,승용,여,55세,상해없음,승용,남,24세,경상
2021040400100312,2021년 4월 4일 18시,일요일,전라남도 영암군 삼호읍,경상사고,0,0,1,0,차대차 - 측면충돌,안전운전불이행,건조,맑음,단일로 - 기타,승용,남,68세,상해없음,승용,남,19세,경상
2021040400100336,2021년 4월 4일 19시,일요일,전라남도 여수시 소호동,경상사고,0,0,1,0,차대차 - 기타,차로위반,젖음/습기,비,단일로 - 기타,기타불명,기타불명,미분류,기타불명,이륜,남,31세,경상
2021040400100362,2021년 4월 4일 20시,일요일,전라남도 나주시 왕곡면,경상사고,0,0,1,0,차대차 - 추돌,안전운전불이행,건조,맑음,단일로 - 기타,승용,남,66세,상해없음,이륜,남,58세,경상
2021040400100387,2021년 4월 4일 21시,일요일,전라남도 나주시 금천면,중상사고,0,1,0,0,차대차 - 추돌,안전운전불이행,건조,맑음,교차로 - 교차로안,승용,남,46세,상해없음,화물,남,45세,상해없음
2021040500100004,2021년 4월 5일 00시,월요일,전라남도 장성군 남면,중상사고,0,3,0,0,차대차 - 추돌,안전운전불이행,건조,맑음,단일로 - 기타,승용,남,24세,상해없음,승용,남,42세,상해없음
2021040500100070,2021년 4월 5일 07시,월요일,전라남도 순천시 조곡동,중상사고,0,1,0,0,차대사람 - 기타,안전운전불이행,건조,맑음,교차로 - 교차로부근,승용,여,66세,상해없음,보행자,여,81세,중상
2021040500100071,2021년 4월 5일 07시,월요일,전라남도 나주시 왕곡면,경상사고,0,0,1,0,차대차 - 추돌,안전운전불이행,건조,맑음,단일로 - 기타,승용,남,44세,상해없음,승용,남,40세,경상
2021040500100152,2021년 4월 5일 09시,월요일,전라남도 순천시 조곡동,경상사고,0,0,2,0,차대차 - 후진중충돌,불법유턴,건조,맑음,단일로 - 기타,승합,여,54세,상해없음,승용,여,27세,경상
2021040500100220,2021년 4월 5일 11시,월요일,전라남도 목포시 산정동,경상사고,0,0,1,0,차대차 - 기타,중앙선침범,건조,맑음,교차로 - 교차로안,승용,남,51세,상해없음,승용,남,22세,경상
2021040500100221,2021년 4월 5일 11시,월요일,전라남도 순천시 연향동,경상사고,0,0,1,0,차대차 - 측면충돌,안전운전불이행,건조,맑음,교차로 - 교차로횡단보도내,승용,여,66세,상해없음,승용,여,40세,경상
2021040500100222,2021년 4월 5일 11시,월요일,전라남도 해남군 현산면,중상사고,0,1,0,0,차대사람 - 기타,중앙선침범,건조,맑음,교차로 - 교차로안,승용,여,64세,기타불명,보행자,여,76세,중상
2021040500100223,2021년 4월 5일 11시,월요일,전라남도 완도군 완도읍,경상사고,0,0,1,0,차대사람 - 차도통행중,안전운전불이행,건조,맑음,단일로 - 기타,화물,남,51세,상해없음,보행자,남,79세,경상
2021040500100285,2021년 4월 5일 13시,월요일,전라남도 보성군 문덕면,경상사고,0,0,2,0,차대차 - 측면충돌,중앙선침범,건조,맑음,단일로 - 기타,승용,남,60세,상해없음,승용,남,71세,경상
2021040500100286,2021년 4월 5일 13시,월요일,전라남도 영암군 삼호읍,경상사고,0,0,1,0,차대차 - 측면충돌,중앙선침범,건조,맑음,단일로 - 기타,승용,여,22세,상해없음,화물,여,53세,경상
2021040500100287,2021년 4월 5일 13시,월요일,전라남도 광양시 중동,경상사고,0,0,1,0,차대사람 - 기타,안전운전불이행,건조,맑음,교차로 - 교차로부근,승용,여,52세,상해없음,보행자,남,71세,경상
2021040500100325,2021년 4월 5일 14시,월요일,전라남도 여수시 광무동,경상사고,0,0,2,0,차대차 - 측면충돌,차로위반,건조,맑음,단일로 - 기타,승용,남,60세,상해없음,승용,여,58세,경상
2021040500100326,2021년 4월 5일 14시,월요일,전라남도 고흥군 봉래면,중상사고,0,1,0,0,차대차 - 측면충돌,기타,건조,맑음,교차로 - 교차로안,화물,남,61세,상해없음,자전거,여,56세,중상
2021040500100374,2021년 4월 5일 15시,월요일,전라남도 순천시 별량면,중상사고,0,1,0,0,차량단독 - 기타,안전운전불이행,건조,맑음,단일로 - 기타,자전거,남,66세,중상,,,,
2021040500100375,2021년 4월 5일 15시,월요일,전라남도 나주시 이창동,경상사고,0,0,1,0,차량단독 - 기타,안전운전불이행,건조,맑음,교차로 - 교차로부근,승합,남,64세,상해없음,,,,
2021040500100416,2021년 4월 5일 16시,월요일,전라남도 영암군 학산면,경상사고,0,0,1,0,차대차 - 추돌,안전운전불이행,건조,맑음,교차로 - 교차로부근,승용,남,61세,상해없음,승용,여,65세,경상
2021040500100417,2021년 4월 5일 16시,월요일,전라남도 장성군 장성읍,경상사고,0,0,2,0,차대차 - 측면충돌,신호위반,건조,맑음,교차로 - 교차로안,승용,남,27세,상해없음,승용,여,28세,경상
2021040500100418,2021년 4월 5일 16시,월요일,전라남도 무안군 무안읍,경상사고,0,0,1,0,차대차 - 기타,기타,건조,맑음,단일로 - 기타,자전거,남,44세,경상,승용,남,63세,상해없음
2021040500100464,2021년 4월 5일 17시,월요일,전라남도 순천시 조례동,경상사고,0,0,2,0,차대차 - 측면충돌,직진우회전진행방해,건조,맑음,교차로 - 교차로안,승용,여,61세,경상,승합,남,49세,경상
2021040500100597,2021년 4월 5일 20시,월요일,전라남도 순천시 해룡면,경상사고,0,0,1,0,차량단독 - 기타,기타,건조,맑음,단일로 - 기타,승합,남,60세,상해없음,,,,
2021040500100598,2021년 4월 5일 20시,월요일,전라남도 무안군 삼향읍,경상사고,0,0,1,0,차대차 - 기타,신호위반,건조,맑음,교차로 - 교차로안,승용,여,30세,상해없음,이륜,남,37세,경상
2021040500100632,2021년 4월 5일 21시,월요일,전라남도 여수시 학동,중상사고,0,1,0,0,차대사람 - 기타,안전운전불이행,건조,맑음,교차로 - 교차로안,승용,여,60세,상해없음,보행자,여,64세,중상
2021040500100633,2021년 4월 5일 21시,월요일,전라남도 여수시 돌산읍,경상사고,0,0,1,0,차대차 - 기타,기타,건조,맑음,단일로 - 기타,승용,남,23세,상해없음,승용,여,23세,경상
2021040600100002,2021년 4월 6일 00시,화요일,전라남도 영암군 신북면,경상사고,0,0,1,0,차량단독 - 공작물충돌,안전운전불이행,건조,맑음,단일로 - 기타,승용,남,50세,경상,,,,
2021040600100031,2021년 4월 6일 06시,화요일,전라남도 곡성군 옥과면,사망사고,2,1,0,0,차대차 - 정면충돌,중앙선침범,건조,맑음,단일로 - 기타,승용,여,35세,중상,승용,남,64세,사망
2021040600100052,2021년 4월 6일 07시,화요일,전라남도 순천시 연향동,경상사고,0,0,2,0,차대차 - 측면충돌,신호위반,건조,맑음,교차로 - 교차로안,승용,여,48세,경상,승용,남,37세,경상
2021040600100053,2021년 4월 6일 07시,화요일,전라남도 순천시 서면,경상사고,0,0,5,7,차대차 - 측면충돌,안전거리미확보,건조,맑음,단일로 - 기타,승용,남,50세,상해없음,승합,남,68세,경상
2021040600100149,2021년 4월 6일 10시,화요일,전라남도 무안군 청계면,경상사고,0,0,5,0,차대차 - 추돌,안전거리미확보,건조,맑음,교차로 - 교차로부근,승용,여,53세,경상,승용,남,74세,경상
2021040600100176,2021년 4월 6일 11시,화요일,전라남도 나주시 산포면,중상사고,0,1,0,0,차대차 - 측면충돌,차로위반,건조,맑음,단일로 - 기타,화물,남,55세,상해없음,승용,여,59세,중상
2021040600100177,2021년 4월 6일 11시,화요일,전라남도 해남군 해남읍,경상사고,0,0,1,0,차대차 - 기타,안전운전불이행,건조,맑음,단일로 - 기타,승용,남,38세,상해없음,승용,남,50세,상해없음
2021040600100178,2021년 4월 6일 11시,화요일,전라남도 보성군 복내면,경상사고,0,0,1,0,차대차 - 측면충돌,직진우회전진행방해,건조,맑음,교차로 - 교차로안,승용,여,61세,상해없음,자전거,남,91세,경상
2021040600100179,2021년 4월 6일 11시,화요일,전라남도 광양시 광양읍,경상사고,0,0,2,0,차대차 - 측면충돌,교차로운행방법위반,건조,맑음,교차로 - 교차로안,승용,남,72세,상해없음,승용,남,71세,경상
2021040600100308,2021년 4월 6일 15시,화요일,전라남도 화순군 능주면,경상사고,0,0,1,0,차대차 - 정면충돌,교차로운행방법위반,건조,맑음,교차로 - 교차로안,화물,남,71세,상해없음,승용,남,48세,경상
2021040600100344,2021년 4월 6일 16시,화요일,전라남도 장흥군 장흥읍,경상사고,0,0,2,0,차대차 - 추돌,안전운전불이행,건조,맑음,기타 - 기타,이륜,남,61세,경상,자전거,남,80세,경상
2021040600100386,2021년 4월 6일 17시,화요일,전라남도 영암군 삼호읍,경상사고,0,0,3,0,차대차 - 측면충돌,안전운전불이행,건조,맑음,교차로 - 교차로부근,승용,남,42세,상해없음,승용,남,69세,경상
2021040600100387,2021년 4월 6일 17시,화요일,전라남도 무안군 청계면,경상사고,0,0,1,0,차량단독 - 전도전복 - 전복,안전운전불이행,건조,맑음,교차로 - 교차로부근,승용,남,26세,경상,,,,
2021040600100425,2021년 4월 6일 18시,화요일,전라남도 여수시 학동,경상사고,0,0,7,0,차대차 - 추돌,안전운전불이행,건조,맑음,단일로 - 기타,화물,남,34세,상해없음,승용,남,55세,경상
2021040600100426,2021년 4월 6일 18시,화요일,전라남도 보성군 벌교읍,경상사고,0,0,1,0,차대차 - 추돌,안전운전불이행,건조,맑음,단일로 - 고가도로위,화물,여,56세,경상,건설기계,남,55세,기타불명
2021040600100427,2021년 4월 6일 18시,화요일,전라남도 진도군 지산면,경상사고,0,0,2,0,차대차 - 측면충돌,교차로운행방법위반,건조,맑음,교차로 - 교차로안,승용,여,64세,상해없음,승용,남,53세,경상
2021040600100475,2021년 4월 6일 19시,화요일,전라남도 담양군 담양읍,경상사고,0,0,1,0,차대차 - 기타,직진우회전진행방해,건조,맑음,교차로 - 교차로안,승용,여,55세,상해없음,이륜,남,24세,경상
2021040600100476,2021년 4월 6일 19시,화요일,전라남도 무안군 무안읍,경상사고,0,0,1,0,차대차 - 기타,기타,건조,맑음,단일로 - 기타,승용,남,42세,상해없음,이륜,남,55세,경상
2021040600100508,2021년 4월 6일 20시,화요일,전라남도 고흥군 과역면,중상사고,0,2,1,0,차대차 - 측면충돌,직진우회전진행방해,건조,맑음,교차로 - 교차로안,화물,여,56세,중상,승용,남,58세,경상
2021040700100014,2021년 4월 7일 02시,수요일,전라남도 여수시 학동,경상사고,0,0,1,0,차대차 - 측면충돌,안전운전불이행,건조,맑음,교차로 - 교차로안,승용,남,38세,상해없음,승용,남,49세,상해없음
2021040700100038,2021년 4월 7일 06시,수요일,전라남도 담양군 담양읍,경상사고,0,0,1,0,차대차 - 기타,신호위반,건조,맑음,교차로 - 교차로안,화물,남,43세,상해없음,화물,남,57세,경상
2021040700100090,2021년 4월 7일 08시,수요일,전라남도 화순군 청풍면,사망사고,1,0,0,0,차량단독 - 도로외이탈 - 추락,안전운전불이행,건조,기타,단일로 - 기타,승용,남,72세,사망,,,,
2021040700100091,2021년 4월 7일 08시,수요일,전라남도 함평군 함평읍,경상사고,0,0,1,0,차대차 - 기타,안전운전불이행,건조,맑음,단일로 - 기타,화물,남,25세,상해없음,건설기계,남,69세,경상
2021040700100092,2021년 4월 7일 08시,수요일,전라남도 무안군 삼향읍,경상사고,0,0,1,0,차대차 - 측면충돌,안전운전불이행,건조,맑음,교차로 - 교차로안,승합,여,53세,상해없음,승용,남,30세,경상
2021040700100129,2021년 4월 7일 09시,수요일,전라남도 순천시 별량면,경상사고,0,0,1,0,차대차 - 추돌,안전거리미확보,건조,맑음,교차로 - 교차로안,승용,여,48세,상해없음,승용,여,64세,경상
2021040700100160,2021년 4월 7일 10시,수요일,전라남도 목포시 상락동2가,경상사고,0,0,1,0,차대사람 - 횡단중,보행자보호의무위반,건조,맑음,교차로 - 교차로횡단보도내,승용,여,64세,상해없음,보행자,남,65세,경상
2021040700100161,2021년 4월 7일 10시,수요일,전라남도 영암군 삼호읍,경상사고,0,0,2,0,차대차 - 측면충돌,안전운전불이행,건조,맑음,단일로 - 기타,건설기계,남,60세,상해없음,승용,여,58세,경상
2021040700100193,2021년 4월 7일 11시,수요일,전라남도 여수시 신기동,경상사고,0,0,3,0,차대차 - 측면충돌,차로위반,건조,맑음,단일로 - 기타,승용,남,51세,상해없음,승합,남,59세,경상
2021040700100252,2021년 4월 7일 13시,수요일,전라남도 고흥군 도양읍,중상사고,0,1,2,0,차대차 - 측면충돌,기타,건조,맑음,교차로 - 교차로안,화물,여,72세,경상,화물,남,62세,경상
2021040700100253,2021년 4월 7일 13시,수요일,전라남도 무안군 현경면,중상사고,0,2,0,0,차대차 - 정면충돌,안전운전불이행,건조,맑음,단일로 - 기타,승용,남,55세,상해없음,승용,남,30세,상해없음
2021040700100287,2021년 4월 7일 14시,수요일,전라남도 여수시 웅천동,경상사고,0,0,1,0,차대차 - 정면충돌,안전운전불이행,건조,맑음,단일로 - 기타,승용,여,52세,상해없음,자전거,남,7세,경상
2021040700100288,2021년 4월 7일 14시,수요일,전라남도 여수시 둔덕동,경상사고,0,0,3,0,차대차 - 측면충돌,안전거리미확보,건조,맑음,단일로 - 기타,승용,남,68세,경상,승용,남,46세,경상
2021040700100289,2021년 4월 7일 14시,수요일,전라남도 순천시 황전면,중상사고,0,1,2,0,차량단독 - 기타,안전운전불이행,건조,맑음,단일로 - 기타,승용,남,76세,경상,,,,
2021040700100328,2021년 4월 7일 15시,수요일,전라남도 강진군 강진읍,부상신고사고,0,0,0,1,차대차 - 추돌,안전운전불이행,건조,맑음,단일로 - 기타,이륜,남,77세,부상신고,화물,남,54세,상해없음
2021040700100375,2021년 4월 7일 16시,수요일,전라남도 목포시 석현동,경상사고,0,0,5,0,차대차 - 기타,안전거리미확보,건조,맑음,단일로 - 기타,승용,여,58세,상해없음,승용,남,30세,경상
2021040700100376,2021년 4월 7일 16시,수요일,전라남도 나주시 금천면,경상사고,0,0,5,0,차대차 - 측면충돌,안전거리미확보,건조,맑음,단일로 - 기타,건설기계,남,48세,상해없음,승용,여,52세,경상
2021040700100421,2021년 4월 7일 17시,수요일,전라남도 목포시 용당동,경상사고,0,0,1,0,차대차 - 기타,안전운전불이행,건조,맑음,교차로 - 교차로부근,이륜,남,27세,경상,승용,남,67세,상해없음
2021040700100422,2021년 4월 7일 17시,수요일,전라남도 목포시 상동,경상사고,0,0,1,0,차대차 - 기타,안전운전불이행,건조,맑음,교차로 - 교차로횡단보도내,자전거,남,72세,경상,승용,여,53세,상해없음
2021040700100423,2021년 4월 7일 17시,수요일,전라남도 여수시 여서동,경상사고,0,0,1,0,차대차 - 측면충돌,안전운전불이행,건조,맑음,단일로 - 기타,승용,남,75세,상해없음,승용,남,28세,경상
2021040700100424,2021년 4월 7일 17시,수요일,전라남도 여수시 신기동,경상사고,0,0,1,0,차대차 - 측면충돌,안전운전불이행,건조,맑음,교차로 - 교차로안,승용,여,35세,상해없음,승용,남,56세,경상
2021040700100475,2021년 4월 7일 18시,수요일,전라남도 목포시 용당동,중상사고,0,1,0,0,차대차 - 측면충돌,교차로운행방법위반,건조,맑음,교차로 - 교차로안,승용,남,69세,기타불명,이륜,남,48세,중상
2021040700100476,2021년 4월 7일 18시,수요일,전라남도 나주시 노안면,경상사고,0,0,1,0,차대차 - 추돌,안전운전불이행,건조,맑음,교차로 - 교차로부근,승용,남,70세,상해없음,승용,남,26세,경상
2021040700100477,2021년 4월 7일 18시,수요일,전라남도 무안군 무안읍,경상사고,0,0,1,0,차대차 - 측면충돌,안전운전불이행,건조,맑음,단일로 - 기타,승용,여,47세,상해없음,승용,여,37세,경상
2021040700100478,2021년 4월 7일 18시,수요일,전라남도 광양시 광양읍,경상사고,0,0,3,0,차대차 - 기타,안전거리미확보,건조,맑음,단일로 - 기타,승용,남,71세,기타불명,승합,남,51세,상해없음
2021040700100533,2021년 4월 7일 19시,수요일,전라남도 순천시 서면,경상사고,0,0,1,0,차대차 - 측면충돌,안전운전불이행,건조,맑음,단일로 - 기타,화물,남,75세,상해없음,승용,여,42세,경상
2021040700100593,2021년 4월 7일 21시,수요일,전라남도 광양시 광양읍,경상사고,0,0,1,0,차대사람 - 기타,기타,건조,기타,단일로 - 기타,승합,남,54세,상해없음,보행자,남,16세,경상
2021040700100642,2021년 4월 7일 23시,수요일,전라남도 나주시 빛가람동,경상사고,0,0,2,0,차대차 - 측면충돌,신호위반,건조,맑음,교차로 - 교차로안,승용,남,28세,경상,승용,남,21세,경상
2021040800100008,2021년 4월 8일 00시,목요일,전라남도 화순군 화순읍,경상사고,0,0,3,0,차대차 - 측면충돌,안전운전불이행,건조,맑음,단일로 - 기타,승용,남,67세,상해없음,승용,남,45세,경상
2021040800100009,2021년 4월 8일 00시,목요일,전라남도 영암군 도포면,경상사고,0,0,1,0,차량단독 - 공작물충돌,안전운전불이행,건조,맑음,단일로 - 기타,승용,남,28세,경상,,,,
2021040800100019,2021년 4월 8일 02시,목요일,전라남도 구례군 광의면,경상사고,0,0,9,0,차대차 - 추돌,안전운전불이행,건조,맑음,교차로 - 교차로안,승용,남,71세,상해없음,승용,남,27세,경상
2021040800100039,2021년 4월 8일 06시,목요일,전라남도 여수시 여서동,경상사고,0,0,2,0,차대차 - 측면충돌,안전운전불이행,건조,맑음,교차로 - 교차로부근,승용,남,49세,상해없음,승용,남,23세,경상
2021040800100103,2021년 4월 8일 08시,목요일,전라남도 장성군 장성읍,경상사고,0,0,2,0,차대차 - 추돌,안전운전불이행,건조,맑음,단일로 - 기타,승용,남,22세,경상,화물,남,51세,상해없음
2021040800100145,2021년 4월 8일 09시,목요일,전라남도 신안군 압해읍,중상사고,0,1,3,0,차대차 - 측면충돌,직진우회전진행방해,건조,맑음,교차로 - 교차로안,이륜,남,77세,중상,화물,남,57세,경상
2021040800100174,2021년 4월 8일 10시,목요일,전라남도 보성군 율어면,사망사고,1,0,3,0,차대차 - 정면충돌,중앙선침범,건조,맑음,단일로 - 기타,화물,남,66세,사망,승합,남,59세,경상
2021040800100215,2021년 4월 8일 11시,목요일,전라남도 나주시 빛가람동,경상사고,0,0,1,0,차대차 - 추돌,안전운전불이행,건조,맑음,단일로 - 기타,이륜,남,33세,상해없음,승용,남,38세,경상
2021040800100243,2021년 4월 8일 12시,목요일,전라남도 담양군 수북면,경상사고,0,0,1,0,차대사람 - 횡단중,안전운전불이행,건조,맑음,기타 - 기타,승용,남,32세,상해없음,보행자,남,62세,경상
2021040800100275,2021년 4월 8일 13시,목요일,전라남도 무안군 삼향읍,경상사고,0,0,1,0,차대차 - 기타,안전운전불이행,건조,맑음,교차로 - 교차로안,승용,여,51세,상해없음,승용,여,33세,경상
2021040800100316,2021년 4월 8일 14시,목요일,전라남도 고흥군 고흥읍,경상사고,0,0,1,0,차대차 - 기타,안전운전불이행,건조,맑음,교차로 - 교차로부근,이륜,여,56세,경상,이륜,남,72세,상해없음
2021040800100346,2021년 4월 8일 15시,목요일,전라남도 여수시 돌산읍,경상사고,0,0,2,0,차대차 - 기타,안전운전불이행,건조,맑음,교차로 - 교차로부근,승용,남,66세,상해없음,승용,여,28세,경상
2021040800100347,2021년 4월 8일 15시,목요일,전라남도 나주시 평산동,중상사고,0,1,0,0,차량단독 - 기타,기타,건조,맑음,단일로 - 기타,승합,남,58세,상해없음,,,,
2021040800100348,2021년 4월 8일 15시,목요일,전라남도 광양시 황길동,경상사고,0,0,2,0,차대차 - 측면충돌,안전거리미확보,건조,맑음,단일로 - 기타,화물,여,58세,경상,승용,여,52세,경상
2021040800100388,2021년 4월 8일 16시,목요일,전라남도 순천시 서면,경상사고,0,0,1,1,차대차 - 추돌,안전운전불이행,건조,맑음,단일로 - 기타,화물,남,51세,부상신고,승용,남,50세,경상