사고번호,사고일시,요일,시군구,사고내용,사망자수,중상자수,경상자수,부상신고자수,사고유형,법규위반,노면상태,기상상태,도로형태,가해운전자 차종,가해운전자 성별,가해운전자 연령,가해운전자 상해정도,피해운전자 차종,피해운전자 성별,피해운전자 연령,피해운전자 상해정도
2021042400100086,2021년 4월 24일 08시,토요일,전라남도 장흥군 장흥읍,경상사고,0,0,1,0,차대차 - 추돌,중앙선침범,건조,맑음,기타 - 기타,승용,남,73세,상해없음,이륜,남,71세,경상
2021042400100099,2021년 4월 24일 09시,토요일,전라남도 목포시 상동,경상사고,0,0,1,0,차대차 - 후진중충돌,안전운전불이행,건조,맑음,단일로 - 기타,승용,남,75세,상해없음,승용,남,38세,경상
2021042400100100,2021년 4월 24일 09시,토요일,전라남도 고흥군 도양읍,경상사고,0,0,1,0,차대사람 - 횡단중,안전운전불이행,젖음/습기,맑음,단일로 - 기타,승용,남,51세,상해없음,보행자,남,27세,경상
2021042400100101,2021년 4월 24일 09시,토요일,전라남도 강진군 강진읍,중상사고,0,1,0,0,차대차 - 측면충돌,교차로운행방법위반,건조,맑음,교차로 - 교차로안,승용,남,45세,상해없음,화물,남,64세,상해없음
2021042400100130,2021년 4월 24일 10시,토요일,전라남도 담양군 대전면,중상사고,0,1,0,0,차대차 - 측면충돌,중앙선침범,건조,맑음,단일로 - 기타,자전거,남,17세,중상,승용,남,74세,상해없음
2021042400100181,2021년 4월 24일 11시,토요일,전라남도 고흥군 도양읍,부상신고사고,0,0,0,1,차대차 - 후진중충돌,안전운전불이행,건조,맑음,기타 - 기타,승용,여,47세,상해없음,승용,남,31세,상해없음
2021042400100182,2021년 4월 24일 11시,토요일,전라남도 무안군 무안읍,경상사고,0,0,1,0,차대차 - 후진중충돌,안전운전불이행,건조,맑음,단일로 - 기타,화물,남,54세,상해없음,승용,남,79세,경상
2021042400100207,2021년 4월 24일 12시,토요일,전라남도 목포시 용당동,경상사고,0,0,1,0,차대차 - 측면충돌,안전운전불이행,건조,맑음,단일로 - 기타,승합,남,67세,상해없음,승용,여,38세,경상
2021042400100208,2021년 4월 24일 12시,토요일,전라남도 여수시 봉산동,중상사고,0,1,0,0,차대차 - 정면충돌,교차로운행방법위반,건조,맑음,교차로 - 교차로안,승용,남,65세,상해없음,이륜,남,29세,중상
2021042400100209,2021년 4월 24일 12시,토요일,전라남도 여수시 화장동,중상사고,0,1,4,0,차대차 - 측면충돌,안전거리미확보,건조,맑음,단일로 - 기타,승용,남,27세,경상,승용,여,65세,경상
2021042400100247,2021년 4월 24일 13시,토요일,전라남도 목포시 용당동,중상사고,0,1,0,0,차대사람 - 횡단중,보행자보호의무위반,건조,맑음,교차로 - 교차로횡단보도내,화물,남,74세,상해없음,보행자,남,78세,중상
2021042400100248,2021년 4월 24일 13시,토요일,전라남도 목포시 달동,중상사고,0,2,1,0,차대차 - 측면충돌,교차로운행방법위반,건조,맑음,교차로 - 교차로안,건설기계,남,54세,중상,화물,남,57세,경상
2021042400100249,2021년 4월 24일 13시,토요일,전라남도 순천시 조곡동,경상사고,0,0,1,0,차대차 - 정면충돌,중앙선침범,건조,맑음,단일로 - 기타,승용,여,74세,상해없음,승용,남,38세,상해없음
2021042400100250,2021년 4월 24일 13시,토요일,전라남도 담양군 고서면,경상사고,0,0,2,0,차대차 - 후진중충돌,안전운전불이행,건조,맑음,단일로 - 기타,화물,남,76세,상해없음,승용,남,31세,경상
2021042400100331,2021년 4월 24일 15시,토요일,전라남도 장흥군 장흥읍,경상사고,0,0,2,0,차대차 - 정면충돌,중앙선침범,건조,맑음,단일로 - 기타,자전거,남,17세,경상,승용,남,55세,경상
2021042400100363,2021년 4월 24일 16시,토요일,전라남도 광양시 광양읍,경상사고,0,0,1,0,차대차 - 추돌,안전거리미확보,건조,맑음,교차로 - 교차로안,승용,남,73세,상해없음,승용,남,50세,경상
2021042400100399,2021년 4월 24일 17시,토요일,전라남도 목포시 축복동1가,경상사고,0,0,1,0,차대차 - 기타,안전운전불이행,건조,맑음,교차로 - 교차로안,기타불명,기타불명,미분류,기타불명,이륜,남,28세,경상
2021042400100400,2021년 4월 24일 17시,토요일,전라남도 장흥군 장흥읍,경상사고,0,0,1,0,차대차 - 기타,기타,건조,맑음,교차로 - 교차로안,이륜,남,56세,경상,승용,남,47세,상해없음
2021042400100401,2021년 4월 24일 17시,토요일,전라남도 함평군 해보면,중상사고,0,1,2,1,차대차 - 측면충돌,안전운전불이행,건조,맑음,교차로 - 교차로부근,승용,남,72세,부상신고,승용,남,49세,경상
2021042400100456,2021년 4월 24일 18시,토요일,전라남도 나주시 왕곡면,중상사고,0,2,2,0,차대차 - 측면충돌,직진우회전진행방해,건조,맑음,교차로 - 교차로안,승용,남,26세,경상,화물,남,57세,중상
2021042400100489,2021년 4월 24일 19시,토요일,전라남도 화순군 화순읍,중상사고,0,1,0,0,차대차 - 측면충돌,직진우회전진행방해,건조,맑음,교차로 - 교차로안,승용,여,49세,상해없음,자전거,남,15세,중상
2021042400100490,2021년 4월 24일 19시,토요일,전라남도 무안군 삼향읍,경상사고,0,0,1,0,차대차 - 측면충돌,안전운전불이행,건조,맑음,교차로 - 교차로안,승용,남,25세,상해없음,승용,여,20세,경상
2021042400100491,2021년 4월 24일 19시,토요일,전라남도 광양시 광양읍,경상사고,0,0,1,0,차대차 - 측면충돌,신호위반,건조,맑음,교차로 - 교차로안,승용,여,49세,상해없음,승용,남,54세,경상
2021042400100529,2021년 4월 24일 20시,토요일,전라남도 순천시 조례동,경상사고,0,0,1,0,차대사람 - 기타,안전운전불이행,건조,맑음,단일로 - 기타,원동기,남,24세,상해없음,보행자,여,25세,경상
2021042500100005,2021년 4월 25일 00시,일요일,전라남도 광양시 중동,경상사고,0,0,1,0,차대차 - 추돌,안전운전불이행,건조,기타,단일로 - 기타,승용,남,41세,상해없음,승용,남,48세,경상
2021042500100056,2021년 4월 25일 08시,일요일,전라남도 담양군 용면,중상사고,0,1,0,0,차대차 - 기타,안전운전불이행,건조,맑음,단일로 - 기타,자전거,여,82세,중상,화물,여,40세,상해없음
2021042500100120,2021년 4월 25일 11시,일요일,전라남도 목포시 산정동,중상사고,0,1,0,0,차량단독 - 기타,안전운전불이행,건조,맑음,단일로 - 기타,승합,남,56세,상해없음,,,,
2021042500100121,2021년 4월 25일 11시,일요일,전라남도 화순군 화순읍,중상사고,0,1,0,0,차대차 - 기타,교차로운행방법위반,건조,맑음,교차로 - 교차로안,화물,남,52세,상해없음,자전거,여,60세,중상
2021042500100154,2021년 4월 25일 12시,일요일,전라남도 여수시 화양면,경상사고,0,0,2,0,차대차 - 추돌,안전운전불이행,건조,맑음,교차로 - 교차로부근,승용,여,50세,상해없음,승용,남,32세,경상
2021042500100155,2021년 4월 25일 12시,일요일,전라남도 순천시 서면,경상사고,0,0,1,0,차대차 - 후진중충돌,안전운전불이행,건조,맑음,교차로 - 교차로부근,승용,여,62세,상해없음,농기계,남,70세,경상
2021042500100156,2021년 4월 25일 12시,일요일,전라남도 무안군 삼향읍,경상사고,0,0,2,0,차대차 - 기타,신호위반,건조,맑음,단일로 - 기타,승용,남,29세,상해없음,승용,남,24세,경상
2021042500100157,2021년 4월 25일 12시,일요일,전라남도 무안군 현경면,경상사고,0,0,2,0,차대차 - 기타,안전운전불이행,건조,맑음,기타 - 기타,화물,남,56세,상해없음,승용,남,36세,경상
2021042500100158,2021년 4월 25일 12시,일요일,전라남도 광양시 광양읍,경상사고,0,0,2,0,차대차 - 기타,직진우회전진행방해,건조,맑음,교차로 - 교차로안,승용,남,73세,경상,승용,여,42세,경상
2021042500100193,2021년 4월 25일 13시,일요일,전라남도 순천시 해룡면,경상사고,0,0,5,0,차대차 - 측면충돌,신호위반,건조,맑음,단일로 - 기타,승용,여,52세,상해없음,승용,남,30세,경상
2021042500100232,2021년 4월 25일 14시,일요일,전라남도 목포시 산정동,경상사고,0,0,1,0,차대사람 - 차도통행중,안전운전불이행,건조,맑음,단일로 - 지하차도(도로)내,승용,남,40세,상해없음,보행자,남,7세,경상
2021042500100276,2021년 4월 25일 15시,일요일,전라남도 목포시 옥암동,경상사고,0,0,2,0,차대차 - 측면충돌,안전거리미확보,건조,맑음,단일로 - 기타,승용,남,60세,상해없음,승용,남,24세,경상
2021042500100351,2021년 4월 25일 17시,일요일,전라남도 목포시 상동,경상사고,0,0,2,0,차대차 - 추돌,안전운전불이행,건조,맑음,교차로 - 교차로부근,화물,남,50세,상해없음,승용,여,20세,경상
2021042500100352,2021년 4월 25일 17시,일요일,전라남도 목포시 산정동,중상사고,0,1,1,0,차대차 - 측면충돌,교차로운행방법위반,건조,맑음,교차로 - 교차로안,이륜,남,33세,중상,이륜,남,23세,경상
2021042500100353,2021년 4월 25일 17시,일요일,전라남도 완도군 소안면,경상사고,0,0,1,0,차량단독 - 도로외이탈 - 추락,안전운전불이행,건조,맑음,교차로 - 교차로부근,승용,남,72세,경상,,,,
2021042500100354,2021년 4월 25일 17시,일요일,전라남도 무안군 현경면,경상사고,0,0,3,0,차대차 - 추돌,안전운전불이행,건조,맑음,기타 - 기타,화물,남,29세,상해없음,화물,남,61세,경상
2021042500100415,2021년 4월 25일 19시,일요일,전라남도 담양군 수북면,경상사고,0,0,1,0,차대차 - 기타,안전운전불이행,건조,맑음,단일로 - 기타,자전거,남,66세,경상,승용,남,30세,기타불명
2021042500100442,2021년 4월 25일 20시,일요일,전라남도 목포시 석현동,경상사고,0,0,4,0,차대차 - 기타,차로위반,건조,맑음,교차로 - 교차로부근,승용,남,66세,상해없음,승용,남,21세,경상
2021042600100024,2021년 4월 26일 05시,월요일,전라남도 무안군 무안읍,중상사고,0,1,0,1,차량단독 - 전도전복 - 전도,안전운전불이행,건조,맑음,단일로 - 기타,원동기,남,19세,부상신고,,,,
2021042600100031,2021년 4월 26일 06시,월요일,전라남도 무안군 일로읍,경상사고,0,0,1,0,차대차 - 측면충돌,신호위반,건조,맑음,교차로 - 교차로안,승용,남,43세,경상,특수,남,42세,상해없음
2021042600100051,2021년 4월 26일 07시,월요일,전라남도 나주시 보산동,중상사고,0,1,0,0,차대차 - 측면충돌,안전운전불이행,건조,맑음,단일로 - 기타,승용,여,61세,상해없음,승용,여,62세,중상
2021042600100052,2021년 4월 26일 07시,월요일,전라남도 광양시 금호동,경상사고,0,0,2,0,차대차 - 기타,안전거리미확보,건조,맑음,교차로 - 교차로부근,건설기계,남,64세,경상,승용,남,33세,경상
2021042600100094,2021년 4월 26일 08시,월요일,전라남도 고흥군 동강면,경상사고,0,0,1,0,차대차 - 정면충돌,중앙선침범,건조,맑음,단일로 - 기타,승용,남,81세,상해없음,승용,남,52세,경상
2021042600100095,2021년 4월 26일 08시,월요일,전라남도 장성군 장성읍,경상사고,0,0,1,0,차대사람 - 차도통행중,안전운전불이행,건조,맑음,단일로 - 기타,승용,여,51세,상해없음,보행자,여,80세,경상
2021042600100096,2021년 4월 26일 08시,월요일,전라남도 진도군 진도읍,경상사고,0,0,1,0,차대차 - 측면충돌,안전운전불이행,건조,맑음,교차로 - 교차로부근,화물,여,61세,상해없음,화물,여,35세,경상
2021042600100178,2021년 4월 26일 10시,월요일,전라남도 해남군 현산면,경상사고,0,0,6,0,차대차 - 기타,안전거리미확보,건조,맑음,기타 - 기타,승용,남,62세,경상,승용,남,59세,경상
2021042600100312,2021년 4월 26일 14시,월요일,전라남도 순천시 왕지동,경상사고,0,0,1,0,차대차 - 측면충돌,직진우회전진행방해,건조,맑음,교차로 - 교차로안,승용,남,48세,상해없음,승용,남,59세,경상
2021042600100313,2021년 4월 26일 14시,월요일,전라남도 장흥군 관산읍,경상사고,0,0,1,0,차대차 - 측면충돌,중앙선침범,건조,맑음,교차로 - 교차로안,승용,남,30세,상해없음,화물,남,81세,경상
2021042600100314,2021년 4월 26일 14시,월요일,전라남도 완도군 완도읍,경상사고,0,0,2,0,차대차 - 추돌,안전거리미확보,건조,맑음,기타 - 기타,건설기계,남,60세,상해없음,승용,여,57세,경상
2021042600100350,2021년 4월 26일 15시,월요일,전라남도 목포시 산정동,경상사고,0,0,2,0,차대차 - 기타,안전운전불이행,건조,맑음,교차로 - 교차로부근,승용,여,62세,경상,승용,남,52세,경상
2021042600100351,2021년 4월 26일 15시,월요일,전라남도 순천시 별량면,경상사고,0,0,1,0,차대차 - 추돌,안전거리미확보,건조,맑음,교차로 - 교차로부근,화물,남,60세,상해없음,화물,남,68세,경상
2021042600100395,2021년 4월 26일 16시,월요일,전라남도 목포시 옥암동,경상사고,0,0,3,0,차대차 - 기타,차로위반,건조,맑음,단일로 - 기타,승용,여,67세,상해없음,승용,여,28세,경상
2021042600100396,2021년 4월 26일 16시,월요일,전라남도 여수시 학동,중상사고,0,1,0,0,차대차 - 추돌,안전운전불이행,건조,맑음,단일로 - 기타,이륜,남,18세,중상,승용,남,42세,상해없음
2021042600100397,2021년 4월 26일 16시,월요일,전라남도 순천시 송광면,사망사고,1,0,0,0,차량단독 - 기타,안전운전불이행,건조,맑음,단일로 - 기타,화물,남,66세,사망,,,,
2021042600100398,2021년 4월 26일 16시,월요일,전라남도 완도군 완도읍,경상사고,0,0,1,2,차대차 - 기타,안전운전불이행,건조,맑음,교차로 - 교차로안,승용,여,35세,부상신고,승용,남,63세,부상신고
2021042600100399,2021년 4월 26일 16시,월요일,전라남도 무안군 무안읍,경상사고,0,0,1,0,차대차 - 기타,안전운전불이행,건조,맑음,기타 - 기타,승용,여,40세,상해없음,승용,여,61세,경상
2021042600100521,2021년 4월 26일 19시,월요일,전라남도 목포시 용당동,경상사고,0,0,2,0,차대차 - 기타,안전운전불이행,건조,맑음,단일로 - 기타,화물,남,67세,경상,승용,남,24세,경상
2021042600100522,2021년 4월 26일 19시,월요일,전라남도 여수시 학동,중상사고,0,1,0,0,차대사람 - 차도통행중,안전운전불이행,건조,맑음,교차로 - 교차로부근,승용,여,36세,상해없음,보행자,남,48세,중상
2021042600100621,2021년 4월 26일 23시,월요일,전라남도 여수시 여서동,경상사고,0,0,2,0,차대차 - 측면충돌,안전거리미확보,건조,맑음,단일로 - 기타,승합,남,56세,상해없음,승용,남,55세,경상
2021042700100007,2021년 4월 27일 00시,화요일,전라남도 해남군 화원면,중상사고,0,1,0,0,차량단독 - 전도전복 - 전도,안전운전불이행,건조,맑음,기타 - 기타,자전거,남,58세,중상,,,,
2021042700100049,2021년 4월 27일 07시,화요일,전라남도 순천시 중앙동,중상사고,0,1,0,0,차대사람 - 기타,안전운전불이행,건조,맑음,단일로 - 기타,자전거,남,14세,상해없음,보행자,여,83세,중상
2021042700100050,2021년 4월 27일 07시,화요일,전라남도 광양시 광영동,경상사고,0,0,1,0,차대차 - 측면충돌,차로위반,건조,맑음,단일로 - 기타,화물,남,47세,상해없음,승용,남,35세,경상
2021042700100119,2021년 4월 27일 09시,화요일,전라남도 여수시 소호동,경상사고,0,0,1,0,차대차 - 추돌,안전운전불이행,건조,맑음,단일로 - 기타,화물,남,79세,상해없음,화물,남,60세,경상
2021042700100120,2021년 4월 27일 09시,화요일,전라남도 광양시 옥곡면,경상사고,0,0,1,0,차대차 - 기타,신호위반,건조,맑음,교차로 - 교차로안,화물,남,60세,상해없음,승용,남,63세,경상
2021042700100141,2021년 4월 27일 10시,화요일,전라남도 목포시 용당동,경상사고,0,0,1,0,차대사람 - 차도통행중,교차로운행방법위반,건조,맑음,교차로 - 교차로부근,승용,여,63세,상해없음,보행자,여,75세,경상
2021042700100142,2021년 4월 27일 10시,화요일,전라남도 순천시 별량면,경상사고,0,0,1,0,차대차 - 추돌,안전운전불이행,건조,맑음,기타 - 기타,승용,남,57세,상해없음,승용,여,58세,경상
2021042700100208,2021년 4월 27일 12시,화요일,전라남도 순천시 서면,중상사고,0,1,0,0,차대차 - 측면충돌,중앙선침범,건조,맑음,단일로 - 기타,승용,남,72세,상해없음,이륜,남,18세,중상
2021042700100209,2021년 4월 27일 12시,화요일,전라남도 순천시 조례동,경상사고,0,0,1,0,차대차 - 기타,안전운전불이행,건조,맑음,교차로 - 교차로안,승용,남,44세,상해없음,승용,여,27세,경상
2021042700100210,2021년 4월 27일 12시,화요일,전라남도 곡성군 입면,중상사고,0,1,0,0,차대차 - 후진중충돌,안전운전불이행,건조,맑음,기타 - 기타,화물,남,62세,상해없음,이륜,남,79세,중상
2021042700100211,2021년 4월 27일 12시,화요일,전라남도 광양시 광영동,중상사고,0,1,0,0,차대차 - 측면충돌,안전운전불이행,건조,맑음,교차로 - 교차로안,승용,남,39세,상해없음,이륜,남,58세,중상
2021042700100246,2021년 4월 27일 13시,화요일,전라남도 영광군 영광읍,중상사고,0,1,0,0,차대차 - 기타,안전운전불이행,건조,맑음,주차장 - 주차장,승용,남,37세,상해없음,이륜,여,33세,중상
2021042700100274,2021년 4월 27일 14시,화요일,전라남도 목포시 용해동,경상사고,0,0,1,0,차대차 - 측면충돌,안전운전불이행,건조,맑음,단일로 - 기타,승용,여,19세,상해없음,자전거,남,61세,경상
2021042700100275,2021년 4월 27일 14시,화요일,전라남도 목포시 산정동,중상사고,0,1,0,0,차량단독 - 기타,안전운전불이행,건조,맑음,단일로 - 기타,이륜,남,64세,중상,,,,
2021042700100336,2021년 4월 27일 16시,화요일,전라남도 장흥군 장흥읍,경상사고,0,0,2,0,차대차 - 측면충돌,직진우회전진행방해,건조,맑음,교차로 - 교차로안,이륜,남,19세,경상,승용,여,24세,경상
2021042700100431,2021년 4월 27일 18시,화요일,전라남도 여수시 여천동,경상사고,0,0,2,0,차대차 - 측면충돌,교차로운행방법위반,건조,맑음,교차로 - 교차로안,농기계,여,72세,경상,승용,남,45세,경상
2021042700100432,2021년 4월 27일 18시,화요일,전라남도 화순군 화순읍,경상사고,0,0,1,0,차대사람 - 기타,안전운전불이행,건조,맑음,단일로 - 기타,승용,여,30세,상해없음,보행자,남,11세,경상
2021042700100505,2021년 4월 27일 20시,화요일,전라남도 광양시 광양읍,중상사고,0,1,0,0,차대사람 - 횡단중,보행자보호의무위반,건조,기타,교차로 - 교차로횡단보도내,승용,남,27세,상해없음,보행자,여,15세,중상
2021042700100506,2021년 4월 27일 20시,화요일,전라남도 광양시 광양읍,중상사고,0,1,0,0,차대차 - 기타,안전운전불이행,건조,맑음,단일로 - 기타,승용,여,52세,상해없음,이륜,남,21세,중상
2021042700100507,2021년 4월 27일 20시,화요일,전라남도 광양시 광양읍,경상사고,0,0,1,0,차대차 - 추돌,안전운전불이행,건조,맑음,단일로 - 기타,승합,남,58세,상해없음,승용,남,54세,경상
2021042700100542,2021년 4월 27일 21시,화요일,전라남도 광양시 광양읍,사망사고,1,0,0,0,차대사람 - 횡단중,안전운전불이행,건조,기타,단일로 - 기타,승용,남,56세,상해없음,보행자,남,44세,사망
2021042800100008,2021년 4월 28일 00시,수요일,전라남도 순천시 조례동,경상사고,0,0,1,0,차대차 - 정면충돌,중앙선침범,건조,맑음,단일로 - 기타,승용,남,64세,상해없음,이륜,남,17세,경상
2021042800100017,2021년 4월 28일 01시,수요일,전라남도 순천시 서면,중상사고,0,1,0,0,차대차 - 추돌,교차로운행방법위반,건조,맑음,교차로 - 교차로안,승용,여,37세,중상,화물,남,48세,상해없음
2021042800100022,2021년 4월 28일 02시,수요일,전라남도 해남군 황산면,중상사고,0,1,0,0,차량단독 - 공작물충돌,안전운전불이행,건조,맑음,단일로 - 기타,승용,남,35세,상해없음,,,,
2021042800100035,2021년 4월 28일 05시,수요일,전라남도 보성군 벌교읍,경상사고,0,0,3,0,차대차 - 측면충돌,직진우회전진행방해,건조,맑음,교차로 - 교차로안,화물,남,67세,경상,승용,남,36세,경상
2021042800100064,2021년 4월 28일 07시,수요일,전라남도 순천시 연향동,경상사고,0,0,2,1,차대차 - 측면충돌,교차로운행방법위반,건조,맑음,교차로 - 교차로안,승용,남,28세,부상신고,승용,여,57세,경상
2021042800100065,2021년 4월 28일 07시,수요일,전라남도 나주시 공산면,경상사고,0,0,1,0,차대차 - 측면충돌,안전운전불이행,건조,맑음,교차로 - 교차로안,승용,남,54세,상해없음,승용,여,41세,경상
2021042800100066,2021년 4월 28일 07시,수요일,전라남도 보성군 보성읍,사망사고,1,0,0,0,차대사람 - 기타,중앙선침범,건조,맑음,교차로 - 교차로부근,화물,남,69세,상해없음,보행자,여,76세,사망
2021042800100067,2021년 4월 28일 07시,수요일,전라남도 함평군 월야면,중상사고,0,1,1,0,차대차 - 추돌,안전운전불이행,건조,맑음,단일로 - 기타,승용,남,31세,중상,승용,여,27세,경상
2021042800100102,2021년 4월 28일 08시,수요일,전라남도 여수시 소라면,경상사고,0,0,2,0,차대차 - 측면충돌,안전운전불이행,건조,맑음,교차로 - 교차로안,승용,여,38세,상해없음,화물,남,46세,경상
2021042800100103,2021년 4월 28일 08시,수요일,전라남도 순천시 풍덕동,경상사고,0,0,3,0,차대차 - 기타,교차로운행방법위반,건조,맑음,교차로 - 교차로안,승용,여,52세,경상,승용,남,70세,경상
2021042800100138,2021년 4월 28일 09시,수요일,전라남도 순천시 덕월동,경상사고,0,0,3,0,차대차 - 기타,안전운전불이행,건조,맑음,단일로 - 기타,특수,남,26세,상해없음,승용,남,22세,경상
2021042800100164,2021년 4월 28일 10시,수요일,전라남도 여수시 선원동,경상사고,0,0,1,0,차대차 - 기타,안전운전불이행,건조,맑음,기타 - 기타,승용,남,75세,상해없음,자전거,여,51세,경상
2021042800100186,2021년 4월 28일 11시,수요일,전라남도 목포시 산정동,경상사고,0,0,1,0,차대차 - 기타,안전운전불이행,건조,맑음,단일로 - 기타,승용,여,60세,경상,화물,남,57세,기타불명
2021042800100187,2021년 4월 28일 11시,수요일,전라남도 무안군 해제면,경상사고,0,0,3,0,차대차 - 측면충돌,안전운전불이행,건조,맑음,교차로 - 교차로안,화물,남,73세,경상,화물,남,64세,경상
2021042800100250,2021년 4월 28일 13시,수요일,전라남도 목포시 산정동,경상사고,0,0,2,0,차대차 - 기타,안전거리미확보,건조,맑음,교차로 - 교차로안,승용,남,58세,상해없음,승용,남,74세,경상
2021042800100279,2021년 4월 28일 14시,수요일,전라남도 강진군 병영면,경상사고,0,0,1,0,차량단독 - 기타,안전운전불이행,건조,맑음,단일로 - 기타,농기계,남,72세,경상,,,,
2021042800100280,2021년 4월 28일 14시,수요일,전라남도 담양군 담양읍,중상사고,0,1,0,0,차대차 - 기타,안전운전불이행,건조,맑음,단일로 - 기타,승용,여,78세,중상,승합,남,57세,상해없음
2021042800100281,2021년 4월 28일 14시,수요일,전라남도 무안군 삼향읍,경상사고,0,0,2,0,차대차 - 추돌,안전운전불이행,건조,맑음,교차로 - 교차로부근,승용,남,59세,상해없음,승용,남,59세,경상
2021042800100376,2021년 4월 28일 17시,수요일,전라남도 순천시 가곡동,경상사고,0,0,1,0,차대사람 - 기타,보행자보호의무위반,건조,맑음,교차로 - 교차로안,승용,남,37세,상해없음,보행자,남,70세,경상
2021042800100377,2021년 4월 28일 17시,수요일,전라남도 담양군 대전면,경상사고,0,0,1,0,차대차 - 기타,안전운전불이행,건조,맑음,교차로 - 교차로부근,이륜,남,67세,상해없음,화물,남,58세,경상
2021042800100378,2021년 4월 28일 17시,수요일,전라남도 곡성군 오산면,경상사고,0,0,2,0,차대차 - 측면충돌,안전거리미확보,건조,맑음,교차로 - 교차로안,승용,여,46세,경상,화물,여,41세,경상
2021042800100420,2021년 4월 28일 18시,수요일,전라남도 목포시 용해동,경상사고,0,0,1,0,차대차 - 기타,안전운전불이행,건조,흐림,단일로 - 기타,승용,남,23세,상해없음,승용,여,27세,경상
2021042800100519,2021년 4월 28일 21시,수요일,전라남도 여수시 학동,경상사고,0,0,1,0,차대차 - 기타,교차로운행방법위반,건조,맑음,교차로 - 교차로안,승용,여,24세,상해없음,이륜,남,49세,경상
2021042800100520,2021년 4월 28일 21시,수요일,전라남도 담양군 담양읍,중상사고,0,1,0,0,차대차 - 기타,안전운전불이행,건조,맑음,단일로 - 기타,승용,남,51세,중상,화물,남,65세,상해없음
2021042800100552,2021년 4월 28일 22시,수요일,전라남도 나주시 금천면,중상사고,0,1,2,0,차대차 - 정면충돌,중앙선침범,건조,맑음,단일로 - 기타,승용,남,77세,중상,승용,남,54세,경상
2021042800100553,2021년 4월 28일 22시,수요일,전라남도 고흥군 남양면,중상사고,0,2,0,0,차대차 - 기타,안전운전불이행,건조,맑음,단일로 - 기타,승용,남,28세,중상,승용,여,40세,중상
2021042900100010,2021년 4월 29일 00시,목요일,전라남도 여수시 고소동,중상사고,0,1,0,0,차대사람 - 기타,안전운전불이행,건조,맑음,교차로 - 교차로안,승용,남,56세,상해없음,보행자,여,71세,중상
2021042900100019,2021년 4월 29일 01시,목요일,전라남도 목포시 연산동,경상사고,0,0,1,0,차량단독 - 공작물충돌,안전운전불이행,건조,맑음,단일로 - 고가도로위,화물,남,23세,경상,,,,
2021042900100020,2021년 4월 29일 01시,목요일,전라남도 나주시 빛가람동,경상사고,0,0,1,0,차대차 - 추돌,안전운전불이행,건조,맑음,기타 - 기타,승용,기타불명,미분류,기타불명,승용,남,29세,경상
2021042900100045,2021년 4월 29일 06시,목요일,전라남도 화순군 사평면,경상사고,0,0,1,0,차대차 - 측면충돌,교차로운행방법위반,건조,맑음,단일로 - 기타,승용,여,27세,기타불명,화물,남,65세,경상
2021042900100046,2021년 4월 29일 06시,목요일,전라남도 강진군 도암면,중상사고,0,1,0,0,차대사람 - 기타,안전운전불이행,기타,맑음,기타 - 기타,승용,남,70세,상해없음,보행자,남,86세,중상
2021042900100060,2021년 4월 29일 07시,목요일,전라남도 화순군 화순읍,경상사고,0,0,1,0,차대차 - 후진중충돌,안전운전불이행,건조,맑음,교차로 - 교차로부근,화물,남,80세,상해없음,승용,여,40세,경상
2021042900100099,2021년 4월 29일 08시,목요일,전라남도 여수시 남산동,경상사고,0,0,1,0,차대차 - 측면충돌,교차로운행방법위반,건조,맑음,교차로 - 교차로안,승용,여,61세,상해없음,화물,남,60세,상해없음
2021042900100100,2021년 4월 29일 08시,목요일,전라남도 순천시 별량면,중상사고,0,1,1,0,차대차 - 측면충돌,중앙선침범,건조,맑음,단일로 - 기타,승용,여,42세,상해없음,승합,남,42세,경상
2021042900100101,2021년 4월 29일 08시,목요일,전라남도 순천시 조례동,경상사고,0,0,2,0,차대차 - 측면충돌,안전거리미확보,건조,맑음,단일로 - 기타,승용,여,41세,경상,승용,여,45세,경상
2021042900100102,2021년 4월 29일 08시,목요일,전라남도 무안군 현경면,경상사고,0,0,2,0,차대차 - 기타,신호위반,건조,맑음,교차로 - 교차로안,승합,여,60세,경상,화물,남,36세,경상
2021042900100124,2021년 4월 29일 09시,목요일,전라남도 순천시 황전면,중상사고,0,1,0,0,차대차 - 기타,안전운전불이행,건조,맑음,교차로 - 교차로안,승용,여,41세,중상,건설기계,남,53세,상해없음
2021042900100125,2021년 4월 29일 09시,목요일,전라남도 진도군 진도읍,중상사고,0,1,1,0,차량단독 - 전도전복 - 전도,안전운전불이행,건조,맑음,단일로 - 기타,승용,남,76세,경상,,,,
2021042900100126,2021년 4월 29일 09시,목요일,전라남도 광양시 성황동,경상사고,0,0,2,0,차대차 - 추돌,안전거리미확보,건조,맑음,교차로 - 교차로부근,건설기계,남,60세,상해없음,승합,여,35세,경상
2021042900100184,2021년 4월 29일 11시,목요일,전라남도 목포시 상동,경상사고,0,0,1,0,차대차 - 기타,안전운전불이행,건조,맑음,단일로 - 기타,승용,남,20세,상해없음,승용,여,61세,경상
2021042900100185,2021년 4월 29일 11시,목요일,전라남도 무안군 해제면,중상사고,0,1,0,0,차대사람 - 기타,안전운전불이행,건조,맑음,교차로 - 교차로부근,화물,여,51세,상해없음,보행자,남,60세,중상