사고번호,사고일시,요일,시군구,사고내용,사망자수,중상자수,경상자수,부상신고자수,사고유형,법규위반,노면상태,기상상태,도로형태,가해운전자 차종,가해운전자 성별,가해운전자 연령,가해운전자 상해정도,피해운전자 차종,피해운전자 성별,피해운전자 연령,피해운전자 상해정도
2021051000100163,2021년 5월 10일 11시,월요일,전라남도 목포시 호남동,경상사고,0,0,2,0,차대차 - 측면충돌,안전거리미확보,건조,맑음,교차로 - 교차로부근,화물,남,80세,상해없음,승용,남,58세,경상
2021051000100164,2021년 5월 10일 11시,월요일,전라남도 장흥군 장흥읍,경상사고,0,0,1,0,차대차 - 측면충돌,안전운전불이행,건조,맑음,교차로 - 교차로안,승용,여,66세,상해없음,승용,남,30세,경상
2021051000100192,2021년 5월 10일 12시,월요일,전라남도 여수시 학동,경상사고,0,0,1,0,차대차 - 추돌,안전운전불이행,건조,맑음,단일로 - 기타,승용,남,75세,상해없음,이륜,남,29세,경상
2021051000100225,2021년 5월 10일 13시,월요일,전라남도 목포시 상동,경상사고,0,0,2,0,차대차 - 기타,교차로운행방법위반,건조,맑음,교차로 - 교차로안,승용,여,43세,상해없음,승용,여,47세,경상
2021051000100258,2021년 5월 10일 14시,월요일,전라남도 나주시 이창동,경상사고,0,0,1,0,차대사람 - 기타,안전운전불이행,건조,맑음,단일로 - 기타,승합,남,77세,상해없음,보행자,남,58세,경상
2021051000100259,2021년 5월 10일 14시,월요일,전라남도 나주시 산포면,중상사고,0,1,0,0,차대사람 - 기타,안전운전불이행,건조,맑음,주차장 - 주차장,승용,여,26세,상해없음,보행자,남,56세,중상
2021051000100260,2021년 5월 10일 14시,월요일,전라남도 해남군 해남읍,경상사고,0,0,1,0,차대사람 - 기타,안전운전불이행,건조,맑음,교차로 - 교차로안,승용,여,52세,상해없음,보행자,여,82세,경상
2021051000100302,2021년 5월 10일 15시,월요일,전라남도 영암군 영암읍,경상사고,0,0,3,0,차대차 - 측면충돌,안전운전불이행,건조,맑음,교차로 - 교차로안,승용,남,74세,상해없음,승용,여,43세,경상
2021051000100406,2021년 5월 10일 18시,월요일,전라남도 목포시 연산동,경상사고,0,0,2,0,차대차 - 기타,안전운전불이행,건조,맑음,단일로 - 기타,승용,남,62세,경상,승용,남,36세,경상
2021051000100407,2021년 5월 10일 18시,월요일,전라남도 순천시 조례동,경상사고,0,0,2,0,차대차 - 기타,신호위반,건조,맑음,단일로 - 기타,승합,남,58세,상해없음,승용,남,30세,경상
2021051000100408,2021년 5월 10일 18시,월요일,전라남도 나주시 중앙동,경상사고,0,0,5,0,차대차 - 기타,안전거리미확보,건조,맑음,단일로 - 기타,화물,남,71세,경상,승합,남,39세,경상
2021051000100444,2021년 5월 10일 19시,월요일,전라남도 목포시 용당동,경상사고,0,0,3,0,차대차 - 측면충돌,신호위반,건조,맑음,교차로 - 교차로안,이륜,남,30세,경상,승용,남,21세,경상
2021051000100445,2021년 5월 10일 19시,월요일,전라남도 여수시 오림동,사망사고,1,0,0,0,차대사람 - 횡단중,신호위반,건조,맑음,교차로 - 교차로안,승용,남,58세,상해없음,보행자,남,91세,사망
2021051000100446,2021년 5월 10일 19시,월요일,전라남도 화순군 화순읍,경상사고,0,0,1,0,차대차 - 기타,안전운전불이행,건조,맑음,교차로 - 교차로부근,승용,여,25세,상해없음,승용,여,58세,경상
2021051000100486,2021년 5월 10일 20시,월요일,전라남도 목포시 상동,경상사고,0,0,1,0,차대차 - 기타,신호위반,건조,맑음,기타 - 기타,승용,남,71세,상해없음,승용,남,40세,경상
2021051000100487,2021년 5월 10일 20시,월요일,전라남도 여수시 신기동,경상사고,0,0,1,0,차대차 - 정면충돌,신호위반,건조,맑음,교차로 - 교차로안,화물,남,56세,상해없음,원동기,남,37세,경상
2021051000100488,2021년 5월 10일 20시,월요일,전라남도 순천시 서면,경상사고,0,0,2,0,차대차 - 추돌,안전운전불이행,건조,맑음,단일로 - 기타,승용,여,52세,경상,승용,남,59세,경상
2021051000100521,2021년 5월 10일 21시,월요일,전라남도 목포시 옥암동,경상사고,0,0,2,0,차대차 - 측면충돌,안전운전불이행,건조,맑음,단일로 - 기타,승합,남,35세,상해없음,승용,남,26세,경상
2021051000100522,2021년 5월 10일 21시,월요일,전라남도 순천시 조례동,중상사고,0,1,2,0,차대차 - 기타,신호위반,건조,맑음,교차로 - 교차로안,승용,여,47세,상해없음,승용,남,29세,경상
2021051000100568,2021년 5월 10일 23시,월요일,전라남도 목포시 상동,경상사고,0,0,3,0,차대차 - 기타,직진우회전진행방해,건조,맑음,교차로 - 교차로안,원동기,남,20세,경상,승용,여,19세,경상
2021051000100569,2021년 5월 10일 23시,월요일,전라남도 목포시 상동,경상사고,0,0,5,0,차대차 - 기타,직진우회전진행방해,건조,맑음,교차로 - 교차로안,승용,남,19세,경상,승용,남,41세,경상
2021051100100040,2021년 5월 11일 05시,화요일,전라남도 곡성군 옥과면,경상사고,0,0,1,0,차대차 - 측면충돌,안전운전불이행,건조,맑음,단일로 - 기타,건설기계,남,52세,상해없음,승용,여,49세,경상
2021051100100056,2021년 5월 11일 06시,화요일,전라남도 화순군 화순읍,경상사고,0,0,1,0,차대차 - 측면충돌,신호위반,건조,맑음,교차로 - 교차로안,화물,남,51세,상해없음,승용,남,55세,경상
2021051100100079,2021년 5월 11일 07시,화요일,전라남도 해남군 해남읍,경상사고,0,0,1,0,차대차 - 측면충돌,직진우회전진행방해,건조,맑음,교차로 - 교차로안,화물,남,54세,상해없음,승용,여,57세,경상
2021051100100120,2021년 5월 11일 08시,화요일,전라남도 여수시 소라면,중상사고,0,1,1,0,차대차 - 측면충돌,안전거리미확보,건조,맑음,교차로 - 교차로부근,원동기,남,61세,중상,승용,여,63세,경상
2021051100100121,2021년 5월 11일 08시,화요일,전라남도 보성군 벌교읍,경상사고,0,0,2,0,차대차 - 기타,기타,건조,맑음,교차로 - 교차로안,화물,남,52세,상해없음,원동기,남,82세,경상
2021051100100122,2021년 5월 11일 08시,화요일,전라남도 완도군 보길면,중상사고,0,1,0,0,차대사람 - 기타,안전운전불이행,건조,맑음,단일로 - 기타,화물,남,65세,상해없음,보행자,남,68세,중상
2021051100100160,2021년 5월 11일 09시,화요일,전라남도 강진군 강진읍,경상사고,0,0,1,0,차대차 - 추돌,안전운전불이행,건조,맑음,기타 - 기타,건설기계,남,35세,상해없음,이륜,남,62세,경상
2021051100100194,2021년 5월 11일 10시,화요일,전라남도 여수시 여서동,경상사고,0,0,2,0,차대차 - 정면충돌,안전운전불이행,건조,맑음,교차로 - 교차로안,개인형이동수단(PM),남,20세,기타불명,승용,남,29세,경상
2021051100100228,2021년 5월 11일 11시,화요일,전라남도 목포시 산정동,경상사고,0,0,3,0,차대차 - 측면충돌,안전운전불이행,건조,맑음,교차로 - 교차로부근,승용,여,62세,경상,승용,남,53세,경상
2021051100100229,2021년 5월 11일 11시,화요일,전라남도 광양시 광양읍,경상사고,0,0,2,0,차대차 - 측면충돌,교차로운행방법위반,건조,맑음,교차로 - 교차로안,승용,남,86세,상해없음,승용,남,29세,경상
2021051100100303,2021년 5월 11일 13시,화요일,전라남도 여수시 중앙동,경상사고,0,0,1,0,차대사람 - 횡단중,안전운전불이행,건조,맑음,단일로 - 기타,승용,남,52세,상해없음,보행자,남,59세,경상
2021051100100304,2021년 5월 11일 13시,화요일,전라남도 여수시 신기동,경상사고,0,0,1,0,차대차 - 측면충돌,안전운전불이행,건조,맑음,교차로 - 교차로부근,승용,남,40세,상해없음,승용,남,43세,경상
2021051100100305,2021년 5월 11일 13시,화요일,전라남도 해남군 문내면,사망사고,1,1,0,0,차대차 - 측면충돌,신호위반,건조,맑음,교차로 - 교차로안,화물,남,68세,기타불명,화물,남,62세,중상
2021051100100381,2021년 5월 11일 15시,화요일,전라남도 장흥군 장흥읍,경상사고,0,0,2,0,차대사람 - 횡단중,안전운전불이행,건조,맑음,기타 - 기타,자전거,남,51세,경상,보행자,남,57세,경상
2021051100100382,2021년 5월 11일 15시,화요일,전라남도 보성군 벌교읍,중상사고,0,1,0,0,차량단독 - 전도전복 - 전도,안전운전불이행,건조,맑음,교차로 - 교차로안,원동기,남,78세,중상,,,,
2021051100100383,2021년 5월 11일 15시,화요일,전라남도 구례군 광의면,사망사고,1,0,0,0,차량단독 - 기타,안전운전불이행,건조,흐림,기타 - 기타,사륜오토바이(ATV),여,84세,사망,,,,
2021051100100424,2021년 5월 11일 16시,화요일,전라남도 영암군 신북면,경상사고,0,0,2,0,차대차 - 기타,기타,건조,맑음,단일로 - 기타,화물,남,57세,경상,승용,여,46세,경상
2021051100100463,2021년 5월 11일 17시,화요일,전라남도 목포시 산정동,경상사고,0,0,3,0,차대차 - 기타,안전운전불이행,건조,맑음,단일로 - 기타,화물,남,60세,경상,승용,여,32세,경상
2021051100100505,2021년 5월 11일 18시,화요일,전라남도 목포시 용당동,경상사고,0,0,1,0,차대차 - 기타,안전운전불이행,건조,맑음,단일로 - 기타,승용,남,46세,상해없음,승용,남,57세,경상
2021051100100506,2021년 5월 11일 18시,화요일,전라남도 목포시 상동,경상사고,0,0,1,0,차대차 - 기타,신호위반,건조,맑음,교차로 - 교차로안,이륜,남,17세,상해없음,승용,남,62세,경상
2021051100100542,2021년 5월 11일 19시,화요일,전라남도 목포시 상동,경상사고,0,0,1,0,차대차 - 기타,안전운전불이행,건조,맑음,교차로 - 교차로안,승용,남,34세,상해없음,승용,남,61세,상해없음
2021051100100583,2021년 5월 11일 20시,화요일,전라남도 목포시 옥암동,경상사고,0,0,1,0,차대차 - 기타,안전거리미확보,건조,맑음,단일로 - 기타,승합,남,57세,상해없음,승용,남,67세,경상
2021051100100584,2021년 5월 11일 20시,화요일,전라남도 나주시 대호동,경상사고,0,0,2,0,차대차 - 추돌,안전운전불이행,건조,맑음,교차로 - 교차로부근,승용,남,45세,상해없음,승용,여,29세,경상
2021051100100633,2021년 5월 11일 22시,화요일,전라남도 영광군 법성면,경상사고,0,0,3,0,차대차 - 추돌,기타,건조,맑음,단일로 - 기타,승용,여,62세,경상,승용,남,22세,경상
2021051100100654,2021년 5월 11일 23시,화요일,전라남도 목포시 산정동,경상사고,0,0,1,0,차대차 - 측면충돌,중앙선침범,건조,맑음,교차로 - 교차로부근,승용,여,26세,상해없음,승용,남,52세,경상
2021051100100655,2021년 5월 11일 23시,화요일,전라남도 장흥군 장흥읍,중상사고,0,1,0,0,차대사람 - 차도통행중,안전운전불이행,건조,맑음,교차로 - 교차로안,승용,남,34세,상해없음,보행자,남,42세,중상
2021051100100656,2021년 5월 11일 23시,화요일,전라남도 완도군 금일읍,경상사고,0,0,1,0,차대차 - 기타,안전운전불이행,건조,맑음,단일로 - 기타,화물,남,53세,상해없음,화물,남,21세,경상
2021051200100038,2021년 5월 12일 06시,수요일,전라남도 순천시 해룡면,경상사고,0,0,1,0,차대차 - 측면충돌,신호위반,건조,맑음,교차로 - 교차로안,승용,남,71세,상해없음,승용,여,45세,상해없음
2021051200100052,2021년 5월 12일 07시,수요일,전라남도 목포시 상동,경상사고,0,0,1,0,차대차 - 추돌,안전운전불이행,건조,맑음,교차로 - 교차로부근,승용,남,39세,상해없음,승용,남,65세,경상
2021051200100082,2021년 5월 12일 08시,수요일,전라남도 순천시 연향동,경상사고,0,0,1,0,차대차 - 측면충돌,안전운전불이행,건조,맑음,교차로 - 교차로부근,승용,여,26세,상해없음,승용,여,56세,상해없음
2021051200100157,2021년 5월 12일 10시,수요일,전라남도 순천시 해룡면,경상사고,0,0,1,0,차대차 - 측면충돌,직진우회전진행방해,건조,맑음,교차로 - 교차로안,승용,여,57세,상해없음,승용,여,51세,경상
2021051200100158,2021년 5월 12일 10시,수요일,전라남도 영광군 불갑면,중상사고,0,1,0,0,차대차 - 측면충돌,교차로운행방법위반,건조,맑음,교차로 - 교차로안,화물,남,59세,상해없음,이륜,남,64세,중상
2021051200100187,2021년 5월 12일 11시,수요일,전라남도 목포시 호남동,경상사고,0,0,4,0,차대차 - 측면충돌,안전운전불이행,건조,맑음,교차로 - 교차로안,승용,여,45세,경상,승용,남,37세,경상
2021051200100218,2021년 5월 12일 12시,수요일,전라남도 함평군 신광면,사망사고,1,0,0,0,차대차 - 추돌,기타,건조,맑음,교차로 - 교차로안,승용,여,58세,상해없음,사륜오토바이(ATV),남,78세,사망
2021051200100288,2021년 5월 12일 14시,수요일,전라남도 순천시 해룡면,경상사고,0,0,2,0,차대차 - 측면충돌,안전거리미확보,건조,맑음,단일로 - 기타,승용,남,32세,상해없음,승용,남,38세,경상
2021051200100324,2021년 5월 12일 15시,수요일,전라남도 신안군 비금면,중상사고,0,1,1,0,차대차 - 기타,중앙선침범,건조,맑음,단일로 - 기타,화물,남,73세,중상,승용,여,38세,경상
2021051200100374,2021년 5월 12일 16시,수요일,전라남도 목포시 옥암동,경상사고,0,0,1,0,차대차 - 추돌,교차로운행방법위반,건조,맑음,교차로 - 교차로안,승용,여,52세,상해없음,승용,여,64세,경상
2021051200100375,2021년 5월 12일 16시,수요일,전라남도 담양군 담양읍,경상사고,0,0,1,0,차대차 - 추돌,안전운전불이행,건조,맑음,교차로 - 교차로부근,이륜,남,64세,상해없음,승용,여,30세,경상
2021051200100376,2021년 5월 12일 16시,수요일,전라남도 광양시 광양읍,경상사고,0,0,1,0,차대사람 - 횡단중,보행자보호의무위반,건조,맑음,단일로 - 기타,승용,여,64세,상해없음,보행자,남,6세,경상
2021051200100482,2021년 5월 12일 18시,수요일,전라남도 무안군 삼향읍,경상사고,0,0,2,0,차대차 - 측면충돌,신호위반,건조,맑음,교차로 - 교차로안,이륜,남,51세,경상,승용,남,38세,경상
2021051200100522,2021년 5월 12일 19시,수요일,전라남도 목포시 용해동,경상사고,0,0,1,0,차대차 - 기타,안전운전불이행,건조,맑음,교차로 - 교차로안,승용,남,50세,상해없음,승용,남,69세,경상
2021051200100551,2021년 5월 12일 20시,수요일,전라남도 여수시 안산동,경상사고,0,0,2,0,차대차 - 측면충돌,신호위반,건조,맑음,교차로 - 교차로안,이륜,남,17세,경상,승용,여,53세,경상
2021051200100615,2021년 5월 12일 23시,수요일,전라남도 여수시 신월동,중상사고,0,1,0,0,차대사람 - 기타,안전운전불이행,건조,맑음,단일로 - 기타,승합,남,65세,상해없음,보행자,남,44세,중상
2021051300100028,2021년 5월 13일 05시,목요일,전라남도 나주시 빛가람동,중상사고,0,1,1,0,차량단독 - 전도전복 - 전도,안전운전불이행,건조,맑음,단일로 - 기타,이륜,남,23세,중상,,,,
2021051300100041,2021년 5월 13일 06시,목요일,전라남도 영광군 법성면,중상사고,0,1,0,0,차대차 - 기타,기타,건조,맑음,교차로 - 교차로안,승용,남,52세,중상,승용,여,56세,상해없음
2021051300100056,2021년 5월 13일 07시,목요일,전라남도 순천시 왕지동,경상사고,0,0,1,0,차대차 - 기타,차로위반,건조,맑음,단일로 - 기타,승용,남,59세,상해없음,승용,남,26세,경상
2021051300100098,2021년 5월 13일 08시,목요일,전라남도 목포시 산정동,중상사고,0,1,1,0,차대차 - 추돌,안전운전불이행,건조,맑음,단일로 - 기타,승용,여,28세,경상,승용,여,34세,중상
2021051300100099,2021년 5월 13일 08시,목요일,전라남도 여수시 웅천동,경상사고,0,0,4,0,차대차 - 측면충돌,안전운전불이행,건조,맑음,주차장 - 주차장,화물,남,46세,상해없음,승용,남,38세,경상
2021051300100100,2021년 5월 13일 08시,목요일,전라남도 화순군 화순읍,중상사고,0,1,0,0,차대차 - 추돌,안전거리미확보,건조,맑음,단일로 - 기타,승용,남,57세,상해없음,자전거,남,69세,중상
2021051300100101,2021년 5월 13일 08시,목요일,전라남도 강진군 강진읍,중상사고,0,1,0,0,차대사람 - 기타,안전운전불이행,건조,맑음,단일로 - 기타,승용,여,57세,상해없음,보행자,남,50세,중상
2021051300100135,2021년 5월 13일 09시,목요일,전라남도 목포시 옥암동,경상사고,0,0,1,0,차대차 - 기타,중앙선침범,건조,맑음,교차로 - 교차로부근,자전거,남,6세,경상,승용,여,55세,상해없음
2021051300100136,2021년 5월 13일 09시,목요일,전라남도 순천시 서면,경상사고,0,0,1,0,차대차 - 기타,안전운전불이행,건조,맑음,교차로 - 교차로안,승용,여,65세,상해없음,화물,남,49세,경상
2021051300100137,2021년 5월 13일 09시,목요일,전라남도 나주시 금천면,경상사고,0,0,1,1,차대차 - 추돌,안전거리미확보,건조,맑음,단일로 - 기타,승용,여,25세,부상신고,농기계,남,59세,경상
2021051300100138,2021년 5월 13일 09시,목요일,전라남도 해남군 현산면,중상사고,0,1,2,0,차대차 - 기타,안전거리미확보,건조,맑음,단일로 - 기타,승용,남,65세,경상,승용,여,58세,경상
2021051300100170,2021년 5월 13일 10시,목요일,전라남도 목포시 상동,경상사고,0,0,1,0,차대차 - 기타,안전운전불이행,건조,맑음,주차장 - 주차장,승용,남,60세,상해없음,승용,남,19세,경상
2021051300100201,2021년 5월 13일 11시,목요일,전라남도 여수시 신기동,경상사고,0,0,1,0,차대차 - 측면충돌,기타,건조,맑음,단일로 - 기타,승용,여,38세,경상,승용,여,54세,상해없음
2021051300100202,2021년 5월 13일 11시,목요일,전라남도 영암군 삼호읍,경상사고,0,0,1,0,차대차 - 측면충돌,안전운전불이행,건조,맑음,교차로 - 교차로안,승용,여,40세,상해없음,승용,남,45세,경상
2021051300100230,2021년 5월 13일 12시,목요일,전라남도 순천시 조곡동,중상사고,0,1,0,0,차대사람 - 기타,안전운전불이행,건조,맑음,단일로 - 기타,승합,남,40세,상해없음,보행자,여,87세,중상
2021051300100309,2021년 5월 13일 14시,목요일,전라남도 신안군 지도읍,경상사고,0,0,2,0,차대차 - 측면충돌,기타,건조,맑음,교차로 - 교차로안,화물,남,55세,상해없음,승용,여,67세,경상
2021051300100310,2021년 5월 13일 14시,목요일,전라남도 여수시 남산동,중상사고,0,1,0,0,차대사람 - 길가장자리구역통행중,안전운전불이행,건조,맑음,교차로 - 교차로부근,승용,여,44세,상해없음,보행자,남,81세,중상
2021051300100311,2021년 5월 13일 14시,목요일,전라남도 순천시 왕지동,경상사고,0,0,1,0,차대차 - 기타,교차로운행방법위반,건조,맑음,교차로 - 교차로안,승용,남,55세,상해없음,승용,여,36세,경상
2021051300100312,2021년 5월 13일 14시,목요일,전라남도 무안군 삼향읍,경상사고,0,0,3,0,차대차 - 추돌,안전운전불이행,건조,맑음,교차로 - 교차로부근,승용,여,62세,경상,승용,여,61세,경상
2021051300100350,2021년 5월 13일 15시,목요일,전라남도 여수시 돌산읍,경상사고,0,0,5,0,차대차 - 정면충돌,안전운전불이행,건조,맑음,교차로 - 교차로안,승용,여,61세,경상,승용,남,46세,경상
2021051300100389,2021년 5월 13일 16시,목요일,전라남도 여수시 화치동,경상사고,0,0,1,0,차대차 - 측면충돌,교차로운행방법위반,건조,맑음,교차로 - 교차로부근,승용,남,69세,경상,특수,남,67세,상해없음
2021051300100435,2021년 5월 13일 17시,목요일,전라남도 여수시 공화동,중상사고,0,1,2,0,차대차 - 측면충돌,교차로운행방법위반,건조,맑음,교차로 - 교차로안,이륜,남,74세,중상,승용,여,53세,경상
2021051300100489,2021년 5월 13일 18시,목요일,전라남도 순천시 연향동,경상사고,0,0,1,0,차대차 - 측면충돌,안전운전불이행,건조,맑음,단일로 - 기타,원동기,남,40세,경상,승용,여,61세,상해없음
2021051300100590,2021년 5월 13일 21시,목요일,전라남도 여수시 덕충동,경상사고,0,0,2,0,차대차 - 정면충돌,중앙선침범,건조,맑음,단일로 - 기타,이륜,남,30세,경상,승용,여,42세,경상
2021051300100591,2021년 5월 13일 21시,목요일,전라남도 여수시 신기동,경상사고,0,0,1,0,차대차 - 측면충돌,교차로운행방법위반,건조,맑음,교차로 - 교차로안,이륜,남,22세,기타불명,승용,여,54세,경상
2021051300100592,2021년 5월 13일 21시,목요일,전라남도 영암군 신북면,사망사고,1,0,0,0,차대차 - 측면충돌,신호위반,건조,기타,교차로 - 교차로안,이륜,남,71세,사망,승합,남,51세,상해없음
2021051300100630,2021년 5월 13일 23시,목요일,전라남도 나주시 대기동,경상사고,0,0,1,0,차대차 - 추돌,안전운전불이행,건조,맑음,단일로 - 기타,승용,남,48세,상해없음,승용,남,42세,경상
2021051400100017,2021년 5월 14일 01시,금요일,전라남도 목포시 죽교동,경상사고,0,0,2,0,차대차 - 측면충돌,안전운전불이행,건조,맑음,교차로 - 교차로안,승용,남,54세,경상,승용,여,26세,상해없음
2021051400100026,2021년 5월 14일 03시,금요일,전라남도 강진군 성전면,경상사고,0,0,2,0,차대차 - 측면충돌,직진우회전진행방해,건조,맑음,교차로 - 교차로안,건설기계,남,48세,경상,승용,여,69세,경상
2021051400100039,2021년 5월 14일 05시,금요일,전라남도 영암군 삼호읍,경상사고,0,0,1,0,차대차 - 추돌,안전운전불이행,건조,맑음,단일로 - 기타,승용,여,37세,경상,승용,남,49세,기타불명
2021051400100069,2021년 5월 14일 07시,금요일,전라남도 광양시 광양읍,경상사고,0,0,2,0,차대차 - 추돌,안전거리미확보,건조,맑음,기타 - 기타,승용,남,55세,상해없음,승용,남,36세,경상
2021051400100100,2021년 5월 14일 08시,금요일,전라남도 순천시 가곡동,경상사고,0,0,1,0,차대차 - 측면충돌,안전운전불이행,건조,맑음,교차로 - 교차로부근,화물,남,52세,상해없음,승용,여,41세,경상
2021051400100101,2021년 5월 14일 08시,금요일,전라남도 나주시 공산면,경상사고,0,0,1,0,차대차 - 측면충돌,직진우회전진행방해,건조,맑음,교차로 - 교차로안,사륜오토바이(ATV),여,78세,경상,화물,남,26세,상해없음
2021051400100155,2021년 5월 14일 09시,금요일,전라남도 여수시 학동,경상사고,0,0,2,0,차대차 - 측면충돌,안전운전불이행,건조,맑음,단일로 - 기타,승용,여,57세,상해없음,승용,여,46세,경상
2021051400100156,2021년 5월 14일 09시,금요일,전라남도 순천시 연향동,경상사고,0,0,1,0,차대차 - 기타,교차로운행방법위반,건조,맑음,교차로 - 교차로안,승용,여,28세,상해없음,승용,남,33세,경상
2021051400100319,2021년 5월 14일 14시,금요일,전라남도 목포시 석현동,경상사고,0,0,1,0,차대차 - 기타,신호위반,건조,맑음,기타 - 기타,승합,남,42세,상해없음,자전거,여,36세,경상
2021051400100321,2021년 5월 14일 14시,금요일,전라남도 여수시 학동,경상사고,0,0,2,0,차대차 - 측면충돌,안전거리미확보,건조,흐림,교차로 - 교차로안,승용,남,49세,상해없음,승용,남,36세,경상
2021051400100365,2021년 5월 14일 15시,금요일,전라남도 목포시 옥암동,경상사고,0,0,4,0,차대차 - 추돌,안전운전불이행,건조,맑음,단일로 - 교량,승용,여,29세,상해없음,승용,남,34세,경상
2021051400100366,2021년 5월 14일 15시,금요일,전라남도 목포시 용당동,경상사고,0,0,1,0,차대차 - 후진중충돌,안전운전불이행,건조,맑음,단일로 - 기타,승용,여,67세,상해없음,승용,남,48세,경상
2021051400100367,2021년 5월 14일 15시,금요일,전라남도 여수시 오림동,경상사고,0,0,1,0,차대차 - 기타,교차로운행방법위반,건조,맑음,교차로 - 교차로안,건설기계,남,59세,상해없음,화물,남,70세,경상
2021051400100368,2021년 5월 14일 15시,금요일,전라남도 보성군 벌교읍,중상사고,0,1,0,0,차대차 - 측면충돌,직진우회전진행방해,건조,맑음,교차로 - 교차로부근,농기계,남,69세,상해없음,승용,여,58세,중상
2021051400100369,2021년 5월 14일 15시,금요일,전라남도 함평군 함평읍,경상사고,0,0,3,0,차대차 - 기타,안전운전불이행,건조,맑음,교차로 - 교차로안,승용,여,60세,상해없음,승용,여,37세,경상
2021051400100426,2021년 5월 14일 16시,금요일,전라남도 광양시 광양읍,경상사고,0,0,1,0,차대차 - 측면충돌,교차로운행방법위반,건조,맑음,교차로 - 교차로안,승용,남,45세,기타불명,승용,남,58세,경상
2021051400100484,2021년 5월 14일 17시,금요일,전라남도 나주시 세지면,경상사고,0,0,4,0,차대차 - 추돌,안전거리미확보,건조,맑음,단일로 - 기타,승합,남,48세,상해없음,승용,남,50세,경상
2021051400100485,2021년 5월 14일 17시,금요일,전라남도 화순군 화순읍,경상사고,0,0,1,0,차대사람 - 기타,안전운전불이행,건조,맑음,단일로 - 기타,건설기계,남,44세,상해없음,보행자,여,45세,경상
2021051400100486,2021년 5월 14일 17시,금요일,전라남도 장성군 진원면,중상사고,0,1,0,0,차대차 - 기타,안전운전불이행,건조,맑음,교차로 - 교차로안,승용,남,59세,상해없음,자전거,남,44세,중상
2021051400100540,2021년 5월 14일 18시,금요일,전라남도 목포시 호남동,경상사고,0,0,1,0,차대차 - 측면충돌,안전운전불이행,건조,맑음,교차로 - 교차로부근,승용,여,50세,경상,승용,남,63세,기타불명
2021051400100541,2021년 5월 14일 18시,금요일,전라남도 여수시 신월동,경상사고,0,0,1,0,차대차 - 측면충돌,안전운전불이행,건조,맑음,단일로 - 기타,승용,남,68세,상해없음,승용,남,35세,경상
2021051400100542,2021년 5월 14일 18시,금요일,전라남도 순천시 장천동,경상사고,0,0,1,0,차대차 - 기타,안전운전불이행,건조,맑음,단일로 - 기타,승용,남,16세,상해없음,승합,남,46세,경상
2021051400100543,2021년 5월 14일 18시,금요일,전라남도 장흥군 부산면,중상사고,0,1,1,0,차대차 - 정면충돌,안전운전불이행,건조,맑음,단일로 - 기타,승용,남,67세,경상,승용,여,75세,중상
2021051400100544,2021년 5월 14일 18시,금요일,전라남도 고흥군 고흥읍,중상사고,0,1,0,0,차대사람 - 횡단중,보행자보호의무위반,건조,맑음,단일로 - 기타,승용,남,29세,상해없음,보행자,여,80세,중상
2021051400100545,2021년 5월 14일 18시,금요일,전라남도 해남군 해남읍,중상사고,0,1,0,0,차대사람 - 기타,중앙선침범,건조,맑음,단일로 - 기타,화물,남,19세,상해없음,보행자,여,13세,중상
2021051400100546,2021년 5월 14일 18시,금요일,전라남도 영광군 영광읍,중상사고,0,1,0,0,차대사람 - 횡단중,안전운전불이행,건조,맑음,단일로 - 기타,승합,여,44세,상해없음,보행자,남,11세,중상
2021051400100630,2021년 5월 14일 20시,금요일,전라남도 해남군 송지면,경상사고,0,0,1,0,차량단독 - 기타,안전운전불이행,건조,맑음,단일로 - 기타,승용,남,46세,경상,,,,
2021051400100692,2021년 5월 14일 22시,금요일,전라남도 무안군 청계면,경상사고,0,0,1,0,차대차 - 추돌,안전운전불이행,건조,흐림,교차로 - 교차로부근,화물,남,50세,상해없음,승용,여,49세,경상
2021051500100054,2021년 5월 15일 05시,토요일,전라남도 신안군 압해읍,경상사고,0,0,1,0,차량단독 - 공작물충돌,안전운전불이행,젖음/습기,맑음,단일로 - 기타,화물,남,48세,경상,,,,
2021051500100074,2021년 5월 15일 07시,토요일,전라남도 광양시 중동,중상사고,0,1,0,0,차대사람 - 횡단중,신호위반,젖음/습기,비,단일로 - 기타,승용,남,51세,기타불명,보행자,여,49세,중상
2021051500100089,2021년 5월 15일 08시,토요일,전라남도 목포시 산정동,경상사고,0,0,4,0,차대차 - 기타,안전운전불이행,젖음/습기,비,교차로 - 교차로안,승용,남,50세,상해없음,승용,남,33세,경상
2021051500100090,2021년 5월 15일 08시,토요일,전라남도 영암군 삼호읍,경상사고,0,0,1,0,차대차 - 측면충돌,신호위반,젖음/습기,비,교차로 - 교차로안,승용,남,41세,기타불명,승용,남,51세,경상
2021051500100140,2021년 5월 15일 10시,토요일,전라남도 여수시 주삼동,경상사고,0,0,2,0,차대차 - 추돌,안전운전불이행,젖음/습기,비,단일로 - 교량,화물,남,58세,상해없음,승용,남,38세,경상