사고번호,사고일시,요일,시군구,사고내용,사망자수,중상자수,경상자수,부상신고자수,사고유형,법규위반,노면상태,기상상태,도로형태,가해운전자 차종,가해운전자 성별,가해운전자 연령,가해운전자 상해정도,피해운전자 차종,피해운전자 성별,피해운전자 연령,피해운전자 상해정도
2021052500100269,2021년 5월 25일 13시,화요일,전라남도 여수시 공화동,경상사고,0,0,2,0,차대차 - 기타,안전운전불이행,건조,맑음,단일로 - 기타,승용,여,51세,상해없음,승용,남,52세,경상
2021052500100298,2021년 5월 25일 14시,화요일,전라남도 고흥군 풍양면,중상사고,0,1,0,0,차대차 - 추돌,안전운전불이행,건조,맑음,단일로 - 기타,화물,남,27세,상해없음,승용,여,57세,중상
2021052500100383,2021년 5월 25일 16시,화요일,전라남도 고흥군 점암면,경상사고,0,0,2,0,차대차 - 기타,안전운전불이행,건조,맑음,단일로 - 기타,농기계,남,81세,경상,농기계,남,72세,경상
2021052500100384,2021년 5월 25일 16시,화요일,전라남도 보성군 웅치면,경상사고,0,0,1,0,차량단독 - 기타,안전운전불이행,건조,맑음,교차로 - 교차로부근,승합,남,52세,상해없음,,,,
2021052500100430,2021년 5월 25일 17시,화요일,전라남도 광양시 중동,경상사고,0,0,1,0,차대차 - 기타,교차로운행방법위반,건조,맑음,교차로 - 교차로안,승용,남,64세,상해없음,승용,남,28세,경상
2021052500100474,2021년 5월 25일 18시,화요일,전라남도 목포시 연산동,중상사고,0,1,0,0,차대사람 - 기타,안전운전불이행,건조,맑음,교차로 - 교차로부근,승용,여,45세,상해없음,보행자,여,54세,중상
2021052500100475,2021년 5월 25일 18시,화요일,전라남도 목포시 산정동,경상사고,0,0,1,0,차대차 - 기타,교차로운행방법위반,건조,맑음,교차로 - 교차로안,화물,남,58세,상해없음,승합,남,54세,경상
2021052500100476,2021년 5월 25일 18시,화요일,전라남도 나주시 빛가람동,경상사고,0,0,2,0,차대차 - 기타,안전운전불이행,건조,맑음,교차로 - 교차로부근,승용,남,49세,상해없음,승용,남,67세,경상
2021052500100477,2021년 5월 25일 18시,화요일,전라남도 광양시 중동,경상사고,0,0,1,0,차대차 - 기타,신호위반,건조,맑음,교차로 - 교차로횡단보도내,승용,남,48세,상해없음,자전거,남,11세,경상
2021052500100536,2021년 5월 25일 20시,화요일,전라남도 곡성군 오산면,경상사고,0,0,1,0,차대차 - 기타,직진우회전진행방해,건조,맑음,교차로 - 교차로안,승용,남,71세,상해없음,승용,남,26세,경상
2021052600100003,2021년 5월 26일 00시,수요일,전라남도 목포시 산정동,경상사고,0,0,2,0,차대차 - 측면충돌,안전운전불이행,건조,맑음,단일로 - 기타,승용,여,50세,경상,승용,남,24세,경상
2021052600100058,2021년 5월 26일 07시,수요일,전라남도 여수시 주삼동,경상사고,0,0,1,0,차대차 - 측면충돌,안전운전불이행,건조,맑음,단일로 - 기타,건설기계,남,43세,기타불명,승합,남,41세,경상
2021052600100059,2021년 5월 26일 07시,수요일,전라남도 영암군 삼호읍,경상사고,0,0,1,0,차대차 - 정면충돌,안전운전불이행,건조,맑음,교차로 - 교차로안,승용,남,54세,상해없음,승용,남,38세,경상
2021052600100060,2021년 5월 26일 07시,수요일,전라남도 광양시 광양읍,중상사고,0,2,0,0,차대차 - 추돌,안전운전불이행,건조,맑음,단일로 - 기타,승용,여,36세,상해없음,원동기,남,80세,중상
2021052600100093,2021년 5월 26일 08시,수요일,전라남도 영광군 묘량면,경상사고,0,0,1,0,차대차 - 기타,기타,건조,맑음,단일로 - 기타,화물,남,38세,상해없음,화물,남,23세,경상
2021052600100094,2021년 5월 26일 08시,수요일,전라남도 장성군 장성읍,경상사고,0,0,1,0,차대차 - 측면충돌,직진우회전진행방해,건조,맑음,교차로 - 교차로안,화물,남,53세,상해없음,농기계,남,67세,경상
2021052600100095,2021년 5월 26일 08시,수요일,전라남도 담양군 담양읍,사망사고,1,0,0,0,차대차 - 측면충돌,안전운전불이행,건조,맑음,교차로 - 교차로부근,승용,여,37세,상해없음,이륜,남,82세,사망
2021052600100155,2021년 5월 26일 10시,수요일,전라남도 완도군 완도읍,경상사고,0,0,1,0,차대차 - 추돌,안전운전불이행,건조,맑음,단일로 - 기타,화물,남,52세,상해없음,승용,남,54세,경상
2021052600100156,2021년 5월 26일 10시,수요일,전라남도 구례군 마산면,중상사고,0,1,0,1,차대차 - 측면충돌,안전운전불이행,건조,맑음,단일로 - 기타,승용,여,58세,부상신고,건설기계,남,57세,중상
2021052600100236,2021년 5월 26일 13시,수요일,전라남도 여수시 미평동,경상사고,0,0,2,0,차대차 - 측면충돌,안전운전불이행,건조,맑음,교차로 - 교차로부근,승용,여,53세,경상,화물,남,52세,경상
2021052600100237,2021년 5월 26일 13시,수요일,전라남도 영광군 군서면,중상사고,0,2,3,0,차대차 - 기타,신호위반,건조,맑음,단일로 - 기타,화물,남,60세,상해없음,승용,남,61세,경상
2021052600100269,2021년 5월 26일 14시,수요일,전라남도 무안군 현경면,경상사고,0,0,2,0,차대차 - 측면충돌,안전운전불이행,건조,맑음,교차로 - 교차로안,화물,남,73세,상해없음,화물,남,63세,경상
2021052600100300,2021년 5월 26일 15시,수요일,전라남도 강진군 군동면,경상사고,0,0,1,0,차대차 - 측면충돌,기타,건조,맑음,단일로 - 기타,승용,여,55세,상해없음,승용,남,26세,경상
2021052600100332,2021년 5월 26일 16시,수요일,전라남도 순천시 조곡동,중상사고,0,1,0,0,차대차 - 기타,안전운전불이행,건조,맑음,교차로 - 교차로안,승용,남,25세,상해없음,이륜,여,28세,중상
2021052600100376,2021년 5월 26일 17시,수요일,전라남도 목포시 연산동,중상사고,0,1,0,0,차대사람 - 횡단중,보행자보호의무위반,건조,맑음,단일로 - 기타,승합,여,21세,상해없음,보행자,남,8세,중상
2021052600100377,2021년 5월 26일 17시,수요일,전라남도 여수시 선원동,중상사고,0,1,0,0,차대차 - 측면충돌,교차로운행방법위반,건조,맑음,교차로 - 교차로안,승용,남,50세,상해없음,이륜,남,61세,중상
2021052600100378,2021년 5월 26일 17시,수요일,전라남도 순천시 조곡동,경상사고,0,0,1,0,차대사람 - 기타,안전운전불이행,건조,맑음,단일로 - 기타,화물,남,23세,상해없음,보행자,남,84세,경상
2021052600100379,2021년 5월 26일 17시,수요일,전라남도 무안군 삼향읍,경상사고,0,0,1,0,차대차 - 측면충돌,신호위반,건조,맑음,교차로 - 교차로안,승용,남,26세,기타불명,승용,여,31세,경상
2021052600100423,2021년 5월 26일 18시,수요일,전라남도 여수시 소라면,경상사고,0,0,2,0,차대차 - 측면충돌,안전운전불이행,건조,맑음,교차로 - 교차로안,승용,남,22세,상해없음,승용,여,36세,경상
2021052600100424,2021년 5월 26일 18시,수요일,전라남도 순천시 주암면,경상사고,0,0,1,0,차량단독 - 기타,안전운전불이행,건조,맑음,단일로 - 기타,농기계,남,75세,경상,,,,
2021052600100425,2021년 5월 26일 18시,수요일,전라남도 순천시 해룡면,경상사고,0,0,2,0,차대차 - 기타,신호위반,건조,맑음,교차로 - 교차로부근,승용,여,24세,경상,승용,남,47세,경상
2021052600100426,2021년 5월 26일 18시,수요일,전라남도 나주시 빛가람동,경상사고,0,0,1,0,차대사람 - 횡단중,보행자보호의무위반,건조,맑음,교차로 - 교차로안,승용,남,43세,상해없음,보행자,남,30세,경상
2021052600100427,2021년 5월 26일 18시,수요일,전라남도 나주시 산포면,경상사고,0,0,1,0,차대차 - 기타,차로위반,건조,맑음,단일로 - 기타,승용,남,35세,상해없음,승용,여,29세,경상
2021052600100457,2021년 5월 26일 19시,수요일,전라남도 영광군 영광읍,중상사고,0,1,0,0,차대사람 - 기타,안전운전불이행,건조,맑음,단일로 - 기타,승합,남,50세,상해없음,보행자,여,86세,중상
2021052600100479,2021년 5월 26일 20시,수요일,전라남도 목포시 상동,경상사고,0,0,1,0,차대차 - 기타,안전운전불이행,건조,맑음,교차로 - 교차로부근,승용,여,49세,경상,승용,남,58세,상해없음
2021052600100480,2021년 5월 26일 20시,수요일,전라남도 여수시 학동,경상사고,0,0,1,0,차대차 - 기타,안전운전불이행,젖음/습기,비,교차로 - 교차로부근,승용,남,33세,상해없음,이륜,남,26세,경상
2021052600100481,2021년 5월 26일 20시,수요일,전라남도 장성군 남면,경상사고,0,0,1,0,차대차 - 추돌,안전운전불이행,건조,맑음,교차로 - 교차로부근,승용,남,63세,상해없음,승용,여,48세,경상
2021052600100482,2021년 5월 26일 20시,수요일,전라남도 광양시 광양읍,중상사고,0,1,0,0,차대차 - 측면충돌,신호위반,건조,맑음,교차로 - 교차로안,승용,남,33세,기타불명,승용,여,24세,중상
2021052600100541,2021년 5월 26일 22시,수요일,전라남도 여수시 국동,경상사고,0,0,1,0,차대사람 - 횡단중,신호위반,젖음/습기,비,교차로 - 교차로횡단보도내,승용,남,48세,상해없음,보행자,여,30세,경상
2021052600100542,2021년 5월 26일 22시,수요일,전라남도 나주시 대호동,중상사고,0,1,1,0,차대차 - 측면충돌,차로위반,건조,맑음,교차로 - 교차로부근,승용,남,19세,경상,이륜,남,47세,중상
2021052600100543,2021년 5월 26일 22시,수요일,전라남도 무안군 청계면,경상사고,0,0,1,0,차량단독 - 공작물충돌,안전운전불이행,건조,맑음,단일로 - 기타,승용,남,63세,경상,,,,
2021052700100021,2021년 5월 27일 03시,목요일,전라남도 여수시 율촌면,경상사고,0,0,1,0,차대차 - 측면충돌,신호위반,젖음/습기,비,단일로 - 터널,승용,남,28세,상해없음,승용,남,65세,경상
2021052700100089,2021년 5월 27일 08시,목요일,전라남도 여수시 서교동,경상사고,0,0,2,0,차대차 - 기타,차로위반,건조,맑음,교차로 - 교차로부근,승용,여,50세,상해없음,승용,여,43세,경상
2021052700100126,2021년 5월 27일 09시,목요일,전라남도 완도군 완도읍,중상사고,0,2,1,0,차대차 - 측면충돌,신호위반,건조,맑음,교차로 - 교차로안,이륜,남,73세,중상,승용,여,52세,경상
2021052700100158,2021년 5월 27일 10시,목요일,전라남도 장성군 황룡면,경상사고,0,0,3,0,차대차 - 기타,직진우회전진행방해,건조,맑음,교차로 - 교차로안,승용,여,61세,경상,승용,여,46세,경상
2021052700100216,2021년 5월 27일 12시,목요일,전라남도 목포시 용당동,경상사고,0,0,3,0,차대차 - 측면충돌,안전운전불이행,건조,맑음,교차로 - 교차로안,승용,여,46세,경상,승용,남,65세,경상
2021052700100217,2021년 5월 27일 12시,목요일,전라남도 순천시 해룡면,경상사고,0,0,3,0,차대차 - 측면충돌,안전운전불이행,건조,맑음,교차로 - 교차로안,승합,여,48세,상해없음,승용,여,36세,경상
2021052700100218,2021년 5월 27일 12시,목요일,전라남도 광양시 광양읍,경상사고,0,0,1,0,차대차 - 기타,안전운전불이행,건조,맑음,기타 - 기타,화물,남,66세,상해없음,특수,남,36세,경상
2021052700100250,2021년 5월 27일 13시,목요일,전라남도 여수시 중앙동,경상사고,0,0,2,0,차대차 - 측면충돌,안전운전불이행,건조,맑음,단일로 - 기타,승용,남,70세,상해없음,화물,남,27세,경상
2021052700100251,2021년 5월 27일 13시,목요일,전라남도 순천시 승주읍,사망사고,1,0,1,0,차대차 - 추돌,안전운전불이행,건조,맑음,교차로 - 교차로안,화물,남,73세,사망,화물,남,31세,경상
2021052700100252,2021년 5월 27일 13시,목요일,전라남도 나주시 남평읍,경상사고,0,0,1,0,차대차 - 기타,중앙선침범,건조,맑음,단일로 - 기타,승용,남,74세,상해없음,승용,남,18세,경상
2021052700100285,2021년 5월 27일 14시,목요일,전라남도 여수시 율촌면,경상사고,0,0,1,0,차대차 - 측면충돌,신호위반,건조,맑음,교차로 - 교차로안,승용,남,42세,상해없음,승용,남,58세,경상
2021052700100318,2021년 5월 27일 15시,목요일,전라남도 순천시 가곡동,경상사고,0,0,1,0,차대차 - 측면충돌,직진우회전진행방해,건조,맑음,교차로 - 교차로안,승용,남,30세,상해없음,화물,남,30세,경상
2021052700100355,2021년 5월 27일 16시,목요일,전라남도 순천시 연향동,경상사고,0,0,1,0,차대차 - 기타,안전운전불이행,건조,맑음,교차로 - 교차로안,승용,남,19세,상해없음,승용,여,37세,경상
2021052700100356,2021년 5월 27일 16시,목요일,전라남도 구례군 광의면,경상사고,0,0,5,0,차대차 - 정면충돌,교차로운행방법위반,건조,맑음,교차로 - 교차로부근,승용,여,64세,경상,승용,남,57세,상해없음
2021052700100389,2021년 5월 27일 17시,목요일,전라남도 목포시 옥암동,경상사고,0,0,2,0,차대차 - 기타,안전운전불이행,건조,맑음,단일로 - 기타,승용,여,57세,경상,특수,남,49세,경상
2021052700100429,2021년 5월 27일 18시,목요일,전라남도 영암군 학산면,경상사고,0,0,2,0,차대차 - 측면충돌,신호위반,건조,맑음,교차로 - 교차로안,승용,남,78세,상해없음,승용,여,19세,경상
2021052700100471,2021년 5월 27일 19시,목요일,전라남도 목포시 대안동,경상사고,0,0,1,0,차대사람 - 차도통행중,안전운전불이행,건조,맑음,단일로 - 지하차도(도로)내,승용,남,60세,상해없음,보행자,남,22세,경상
2021052700100472,2021년 5월 27일 19시,목요일,전라남도 순천시 오천동,경상사고,0,0,1,0,차대차 - 기타,안전운전불이행,건조,맑음,교차로 - 교차로안,화물,남,76세,상해없음,자전거,남,80세,경상
2021052700100473,2021년 5월 27일 19시,목요일,전라남도 무안군 삼향읍,경상사고,0,0,2,0,차대차 - 기타,안전운전불이행,건조,맑음,기타 - 기타,이륜,남,23세,경상,승용,여,29세,경상
2021052700100508,2021년 5월 27일 20시,목요일,전라남도 목포시 상동,경상사고,0,0,1,0,차대차 - 기타,신호위반,건조,맑음,교차로 - 교차로안,승용,여,49세,상해없음,승용,남,48세,경상
2021052700100510,2021년 5월 27일 20시,목요일,전라남도 광양시 광양읍,중상사고,0,1,0,0,차대차 - 기타,안전운전불이행,건조,맑음,단일로 - 기타,승용,남,28세,상해없음,이륜,남,38세,중상
2021052700100560,2021년 5월 27일 22시,목요일,전라남도 순천시 조례동,경상사고,0,0,1,0,차대차 - 추돌,기타,건조,맑음,단일로 - 터널,승용,남,25세,상해없음,승합,남,47세,경상
2021052800100013,2021년 5월 28일 01시,금요일,전라남도 여수시 둔덕동,경상사고,0,0,2,0,차대차 - 추돌,안전운전불이행,건조,맑음,단일로 - 기타,승용,여,52세,상해없음,승용,남,62세,경상
2021052800100022,2021년 5월 28일 02시,금요일,전라남도 목포시 옥암동,경상사고,0,0,6,0,차대차 - 기타,신호위반,건조,맑음,교차로 - 교차로안,승용,남,58세,경상,승용,남,24세,경상
2021052800100063,2021년 5월 28일 07시,금요일,전라남도 장성군 북이면,부상신고사고,0,0,0,1,차대차 - 추돌,안전운전불이행,건조,맑음,교차로 - 교차로부근,화물,남,26세,상해없음,화물,남,26세,부상신고
2021052800100064,2021년 5월 28일 07시,금요일,전라남도 광양시 광양읍,경상사고,0,0,1,0,차대차 - 후진중충돌,안전운전불이행,건조,맑음,단일로 - 기타,화물,남,72세,상해없음,승용,여,30세,경상
2021052800100100,2021년 5월 28일 08시,금요일,전라남도 여수시 학동,경상사고,0,0,1,0,차대차 - 추돌,안전거리미확보,건조,맑음,교차로 - 교차로부근,승용,여,59세,상해없음,승용,남,21세,경상
2021052800100102,2021년 5월 28일 08시,금요일,전라남도 무안군 삼향읍,경상사고,0,0,1,0,차대차 - 기타,안전운전불이행,건조,맑음,교차로 - 교차로안,승용,남,42세,상해없음,화물,남,41세,경상
2021052800100103,2021년 5월 28일 08시,금요일,전라남도 광양시 광양읍,중상사고,0,1,0,0,차대차 - 기타,중앙선침범,건조,맑음,단일로 - 기타,자전거,남,82세,중상,승용,여,49세,상해없음
2021052800100104,2021년 5월 28일 08시,금요일,전라남도 곡성군 겸면,중상사고,0,1,0,0,차대차 - 추돌,안전운전불이행,건조,맑음,단일로 - 기타,승용,여,30세,중상,화물,남,38세,기타불명
2021052800100139,2021년 5월 28일 09시,금요일,전라남도 나주시 남평읍,경상사고,0,0,2,0,차대차 - 측면충돌,교차로운행방법위반,건조,맑음,교차로 - 교차로안,승용,남,40세,상해없음,승합,남,57세,경상
2021052800100140,2021년 5월 28일 09시,금요일,전라남도 함평군 해보면,중상사고,0,2,2,0,차대차 - 측면충돌,교차로운행방법위반,건조,맑음,교차로 - 교차로안,화물,남,70세,경상,승용,남,85세,중상
2021052800100141,2021년 5월 28일 09시,금요일,전라남도 장성군 삼계면,중상사고,0,1,2,0,차대차 - 정면충돌,안전운전불이행,건조,맑음,기타 - 기타,승용,여,26세,상해없음,승합,남,58세,경상
2021052800100195,2021년 5월 28일 11시,금요일,전라남도 나주시 삼영동,경상사고,0,0,1,0,차대차 - 측면충돌,안전거리미확보,건조,맑음,단일로 - 교량,승용,남,51세,상해없음,승용,남,38세,경상
2021052800100221,2021년 5월 28일 12시,금요일,전라남도 순천시 조례동,경상사고,0,0,1,0,차대차 - 측면충돌,안전운전불이행,건조,맑음,교차로 - 교차로안,승용,여,49세,상해없음,승용,남,36세,상해없음
2021052800100263,2021년 5월 28일 13시,금요일,전라남도 순천시 해룡면,경상사고,0,0,1,0,차대차 - 측면충돌,안전운전불이행,건조,맑음,단일로 - 기타,승용,남,50세,상해없음,승용,여,63세,경상
2021052800100264,2021년 5월 28일 13시,금요일,전라남도 나주시 빛가람동,경상사고,0,0,1,0,차대차 - 측면충돌,신호위반,젖음/습기,비,교차로 - 교차로횡단보도내,이륜,남,51세,상해없음,자전거,남,9세,경상
2021052800100265,2021년 5월 28일 13시,금요일,전라남도 해남군 현산면,중상사고,0,1,0,0,차대차 - 측면충돌,안전운전불이행,건조,맑음,교차로 - 교차로안,이륜,여,67세,중상,화물,남,65세,상해없음
2021052800100302,2021년 5월 28일 14시,금요일,전라남도 나주시 이창동,중상사고,0,1,0,0,차대차 - 정면충돌,직진우회전진행방해,젖음/습기,맑음,교차로 - 교차로안,승용,남,22세,상해없음,원동기,남,72세,중상
2021052800100303,2021년 5월 28일 14시,금요일,전라남도 화순군 화순읍,경상사고,0,0,3,0,차대차 - 추돌,안전운전불이행,젖음/습기,비,교차로 - 교차로부근,승합,남,61세,상해없음,화물,남,36세,경상
2021052800100304,2021년 5월 28일 14시,금요일,전라남도 영암군 삼호읍,사망사고,1,0,0,0,차량단독 - 공작물충돌,안전운전불이행,젖음/습기,비,단일로 - 기타,승용,남,67세,기타불명,,,,
2021052800100305,2021년 5월 28일 14시,금요일,전라남도 담양군 대전면,중상사고,0,1,1,0,차대차 - 기타,직진우회전진행방해,젖음/습기,흐림,교차로 - 교차로안,승용,남,55세,상해없음,승용,여,53세,경상
2021052800100334,2021년 5월 28일 15시,금요일,전라남도 광양시 중동,경상사고,0,0,1,0,차대차 - 추돌,안전운전불이행,젖음/습기,흐림,교차로 - 교차로부근,승용,남,38세,상해없음,승용,남,44세,경상
2021052800100373,2021년 5월 28일 16시,금요일,전라남도 나주시 남평읍,중상사고,0,2,2,0,차대차 - 추돌,안전거리미확보,건조,맑음,단일로 - 기타,화물,남,53세,상해없음,승용,남,73세,경상
2021052800100423,2021년 5월 28일 17시,금요일,전라남도 여수시 선원동,중상사고,0,1,0,0,차대차 - 기타,신호위반,건조,맑음,교차로 - 교차로안,승용,남,62세,상해없음,이륜,남,31세,중상
2021052800100424,2021년 5월 28일 17시,금요일,전라남도 순천시 풍덕동,경상사고,0,0,2,0,차대차 - 추돌,안전운전불이행,건조,맑음,교차로 - 교차로부근,승용,남,65세,상해없음,승용,여,47세,경상
2021052800100425,2021년 5월 28일 17시,금요일,전라남도 나주시 금천면,경상사고,0,0,1,0,차대차 - 추돌,안전거리미확보,건조,맑음,단일로 - 기타,화물,남,45세,상해없음,승용,여,29세,경상
2021052800100426,2021년 5월 28일 17시,금요일,전라남도 고흥군 과역면,경상사고,0,0,1,0,차대사람 - 기타,안전운전불이행,건조,맑음,기타 - 기타,화물,남,58세,상해없음,보행자,남,29세,경상
2021052800100427,2021년 5월 28일 17시,금요일,전라남도 무안군 삼향읍,경상사고,0,0,2,0,차대차 - 기타,중앙선침범,건조,맑음,기타 - 기타,승용,여,60세,상해없음,화물,남,68세,상해없음
2021052800100468,2021년 5월 28일 18시,금요일,전라남도 여수시 화장동,경상사고,0,0,2,0,차대차 - 측면충돌,교차로운행방법위반,건조,맑음,교차로 - 교차로안,승용,남,61세,상해없음,승용,여,36세,경상
2021052800100469,2021년 5월 28일 18시,금요일,전라남도 보성군 보성읍,중상사고,0,1,1,0,차대차 - 측면충돌,중앙선침범,건조,맑음,단일로 - 기타,승용,남,30세,중상,승용,여,39세,경상
2021052800100470,2021년 5월 28일 18시,금요일,전라남도 무안군 삼향읍,경상사고,0,0,2,0,차대차 - 기타,안전운전불이행,건조,맑음,단일로 - 기타,승용,남,40세,경상,승용,남,34세,경상
2021052800100517,2021년 5월 28일 19시,금요일,전라남도 순천시 남내동,경상사고,0,0,2,0,차대차 - 추돌,안전운전불이행,건조,맑음,단일로 - 기타,승용,남,40세,상해없음,승용,남,44세,경상
2021052800100518,2021년 5월 28일 19시,금요일,전라남도 광양시 중동,경상사고,0,0,2,0,차대차 - 측면충돌,안전운전불이행,건조,맑음,주차장 - 주차장,승용,남,36세,경상,승용,여,43세,경상
2021052800100552,2021년 5월 28일 20시,금요일,전라남도 순천시 연향동,경상사고,0,0,1,0,차대차 - 측면충돌,안전운전불이행,건조,맑음,교차로 - 교차로안,승용,남,51세,상해없음,승용,남,37세,경상
2021052800100599,2021년 5월 28일 22시,금요일,전라남도 목포시 옥암동,중상사고,0,1,0,0,차대차 - 기타,신호위반,건조,맑음,교차로 - 교차로안,승용,남,60세,상해없음,이륜,남,40세,중상
2021052900100003,2021년 5월 29일 00시,토요일,전라남도 나주시 빛가람동,경상사고,0,0,1,0,차대차 - 측면충돌,직진우회전진행방해,건조,맑음,교차로 - 교차로안,승용,여,29세,경상,승용,여,34세,상해없음
2021052900100022,2021년 5월 29일 02시,토요일,전라남도 함평군 함평읍,경상사고,0,0,3,0,차량단독 - 공작물충돌,안전운전불이행,건조,맑음,단일로 - 기타,승용,남,25세,경상,,,,
2021052900100040,2021년 5월 29일 04시,토요일,전라남도 화순군 화순읍,경상사고,0,0,4,0,차대차 - 추돌,안전운전불이행,건조,맑음,교차로 - 교차로안,승합,남,13세,상해없음,승용,남,19세,상해없음
2021052900100041,2021년 5월 29일 04시,토요일,전라남도 진도군 진도읍,경상사고,0,0,1,0,차대차 - 측면충돌,안전운전불이행,건조,맑음,단일로 - 기타,화물,여,58세,상해없음,화물,남,23세,경상
2021052900100111,2021년 5월 29일 09시,토요일,전라남도 해남군 해남읍,경상사고,0,0,1,0,차대차 - 측면충돌,교차로운행방법위반,건조,맑음,단일로 - 고가도로위,승용,여,51세,상해없음,승용,여,47세,경상
2021052900100112,2021년 5월 29일 09시,토요일,전라남도 곡성군 삼기면,중상사고,0,2,2,0,차대차 - 측면충돌,직진우회전진행방해,건조,맑음,교차로 - 교차로안,농기계,남,71세,중상,승용,여,39세,중상
2021052900100113,2021년 5월 29일 09시,토요일,전라남도 무안군 무안읍,경상사고,0,0,1,0,차대차 - 기타,교차로운행방법위반,건조,맑음,교차로 - 교차로안,화물,남,44세,상해없음,자전거,남,11세,경상
2021052900100167,2021년 5월 29일 11시,토요일,전라남도 여수시 학동,부상신고사고,0,0,0,1,차대사람 - 횡단중,보행자보호의무위반,건조,맑음,교차로 - 교차로안,개인형이동수단(PM),기타불명,미분류,기타불명,보행자,남,27세,부상신고
2021052900100168,2021년 5월 29일 11시,토요일,전라남도 강진군 옴천면,사망사고,1,0,0,0,차량단독 - 기타,안전운전불이행,건조,맑음,단일로 - 기타,농기계,남,82세,사망,,,,
2021052900100169,2021년 5월 29일 11시,토요일,전라남도 광양시 광양읍,중상사고,0,1,2,0,차대차 - 추돌,안전운전불이행,건조,맑음,단일로 - 교량,화물,남,63세,경상,승용,여,43세,경상
2021052900100212,2021년 5월 29일 12시,토요일,전라남도 여수시 웅천동,경상사고,0,0,1,0,차대차 - 기타,안전운전불이행,건조,맑음,교차로 - 교차로부근,승용,남,33세,상해없음,자전거,남,9세,경상
2021052900100213,2021년 5월 29일 12시,토요일,전라남도 순천시 서면,경상사고,0,0,1,0,차대차 - 측면충돌,안전운전불이행,건조,맑음,교차로 - 교차로부근,승용,남,69세,상해없음,사륜오토바이(ATV),남,38세,경상
2021052900100214,2021년 5월 29일 12시,토요일,전라남도 순천시 서면,중상사고,0,1,0,0,차대차 - 후진중충돌,안전운전불이행,건조,맑음,교차로 - 교차로부근,승용,여,61세,상해없음,승용,남,45세,중상
2021052900100215,2021년 5월 29일 12시,토요일,전라남도 화순군 화순읍,중상사고,0,2,1,0,차량단독 - 공작물충돌,안전운전불이행,건조,맑음,단일로 - 기타,승용,여,32세,경상,,,,
2021052900100252,2021년 5월 29일 13시,토요일,전라남도 장흥군 관산읍,경상사고,0,0,1,0,차대차 - 측면충돌,안전운전불이행,건조,맑음,단일로 - 기타,승용,남,31세,상해없음,이륜,남,58세,경상
2021052900100293,2021년 5월 29일 14시,토요일,전라남도 영암군 삼호읍,경상사고,0,0,1,0,차대차 - 측면충돌,안전거리미확보,건조,맑음,교차로 - 교차로부근,건설기계,남,44세,상해없음,화물,여,63세,경상
2021052900100323,2021년 5월 29일 15시,토요일,전라남도 담양군 담양읍,경상사고,0,0,1,0,차대차 - 측면충돌,안전운전불이행,건조,맑음,단일로 - 기타,승용,남,63세,상해없음,이륜,남,21세,경상
2021052900100324,2021년 5월 29일 15시,토요일,전라남도 완도군 약산면,경상사고,0,0,1,0,차대차 - 기타,안전운전불이행,건조,맑음,단일로 - 기타,화물,남,53세,상해없음,이륜,남,46세,경상
2021052900100398,2021년 5월 29일 17시,토요일,전라남도 여수시 화치동,경상사고,0,0,2,0,차대차 - 추돌,안전운전불이행,건조,맑음,단일로 - 기타,승용,남,33세,경상,화물,남,60세,상해없음
2021052900100399,2021년 5월 29일 17시,토요일,전라남도 고흥군 포두면,경상사고,0,0,2,0,차대차 - 측면충돌,안전운전불이행,건조,맑음,교차로 - 교차로안,승용,남,32세,경상,화물,여,56세,경상
2021052900100400,2021년 5월 29일 17시,토요일,전라남도 무안군 망운면,경상사고,0,0,4,0,차대차 - 기타,안전운전불이행,건조,맑음,교차로 - 교차로안,승용,남,23세,경상,승용,남,70세,경상
2021052900100401,2021년 5월 29일 17시,토요일,전라남도 진도군 지산면,경상사고,0,0,2,0,차대차 - 추돌,안전운전불이행,건조,맑음,단일로 - 기타,화물,남,47세,상해없음,개인형이동수단(PM),남,82세,경상
2021052900100435,2021년 5월 29일 18시,토요일,전라남도 순천시 주암면,경상사고,0,0,1,0,차대차 - 기타,안전운전불이행,기타,맑음,기타 - 기타,승용,여,20세,상해없음,이륜,남,70세,경상
2021052900100472,2021년 5월 29일 19시,토요일,전라남도 담양군 담양읍,부상신고사고,0,0,0,1,차량단독 - 전도전복 - 전도,안전운전불이행,건조,맑음,단일로 - 기타,이륜,남,64세,부상신고,,,,
2021052900100498,2021년 5월 29일 20시,토요일,전라남도 영암군 삼호읍,경상사고,0,0,1,0,차대차 - 측면충돌,안전운전불이행,건조,맑음,교차로 - 교차로부근,이륜,기타불명,미분류,기타불명,이륜,남,23세,경상
2021052900100578,2021년 5월 29일 23시,토요일,전라남도 목포시 상동,경상사고,0,0,1,0,차대차 - 측면충돌,교차로운행방법위반,건조,맑음,교차로 - 교차로안,이륜,남,52세,경상,승용,남,40세,기타불명
2021052900100579,2021년 5월 29일 23시,토요일,전라남도 목포시 상동,경상사고,0,0,3,0,차대차 - 기타,기타,건조,맑음,교차로 - 교차로안,승용,남,41세,경상,승용,여,23세,경상