사고번호,사고일시,요일,시군구,사고내용,사망자수,중상자수,경상자수,부상신고자수,사고유형,법규위반,노면상태,기상상태,도로형태,가해운전자 차종,가해운전자 성별,가해운전자 연령,가해운전자 상해정도,피해운전자 차종,피해운전자 성별,피해운전자 연령,피해운전자 상해정도
2021053000100015,2021년 5월 30일 02시,일요일,전라남도 순천시 조례동,경상사고,0,0,1,0,차대차 - 기타,안전운전불이행,건조,맑음,교차로 - 교차로부근,승용,남,18세,경상,승용,남,51세,기타불명
2021053000100022,2021년 5월 30일 03시,일요일,전라남도 목포시 옥암동,경상사고,0,0,2,0,차대차 - 추돌,안전운전불이행,건조,맑음,단일로 - 기타,승합,남,39세,상해없음,화물,남,72세,경상
2021053000100033,2021년 5월 30일 06시,일요일,전라남도 광양시 광양읍,경상사고,0,0,1,0,차대차 - 측면충돌,신호위반,건조,맑음,교차로 - 교차로안,자전거,남,70세,경상,승용,남,52세,상해없음
2021053000100046,2021년 5월 30일 07시,일요일,전라남도 여수시 미평동,경상사고,0,0,2,0,차대차 - 추돌,안전운전불이행,건조,맑음,단일로 - 기타,화물,남,58세,상해없음,승용,남,52세,경상
2021053000100063,2021년 5월 30일 09시,일요일,전라남도 여수시 여서동,경상사고,0,0,5,0,차대차 - 측면충돌,차로위반,건조,맑음,교차로 - 교차로안,화물,남,68세,상해없음,승용,남,20세,경상
2021053000100089,2021년 5월 30일 10시,일요일,전라남도 여수시 남면,경상사고,0,0,1,0,차대차 - 기타,안전운전불이행,건조,맑음,교차로 - 교차로안,이륜,남,78세,경상,승용,남,53세,상해없음
2021053000100113,2021년 5월 30일 11시,일요일,전라남도 무안군 현경면,중상사고,0,1,0,0,차대사람 - 횡단중,안전운전불이행,건조,맑음,단일로 - 기타,화물,남,55세,상해없음,보행자,남,82세,중상
2021053000100142,2021년 5월 30일 12시,일요일,전라남도 여수시 신기동,경상사고,0,0,4,0,차대차 - 기타,안전거리미확보,건조,맑음,단일로 - 기타,승용,남,29세,상해없음,승용,남,20세,경상
2021053000100176,2021년 5월 30일 13시,일요일,전라남도 고흥군 도양읍,경상사고,0,0,1,0,차대차 - 측면충돌,직진우회전진행방해,건조,맑음,교차로 - 교차로부근,자전거,남,79세,경상,화물,남,62세,상해없음
2021053000100177,2021년 5월 30일 13시,일요일,전라남도 곡성군 오곡면,경상사고,0,0,3,0,차대차 - 기타,안전운전불이행,건조,맑음,기타 - 기타,승용,남,39세,상해없음,승용,기타불명,미분류,기타불명
2021053000100249,2021년 5월 30일 15시,일요일,전라남도 목포시 용해동,경상사고,0,0,2,0,차대차 - 추돌,안전운전불이행,건조,맑음,교차로 - 교차로부근,승용,남,39세,상해없음,승용,여,36세,경상
2021053000100250,2021년 5월 30일 15시,일요일,전라남도 여수시 돌산읍,경상사고,0,0,5,0,차대차 - 측면충돌,교차로운행방법위반,건조,맑음,교차로 - 교차로안,승용,남,64세,상해없음,승용,남,31세,경상
2021053000100251,2021년 5월 30일 15시,일요일,전라남도 광양시 광양읍,경상사고,0,0,1,0,차대차 - 기타,안전운전불이행,건조,맑음,교차로 - 교차로부근,승용,남,34세,상해없음,승용,남,29세,경상
2021053000100323,2021년 5월 30일 17시,일요일,전라남도 고흥군 도양읍,경상사고,0,0,1,0,차대차 - 측면충돌,신호위반,건조,맑음,교차로 - 교차로안,승용,여,54세,상해없음,특수,남,57세,경상
2021053000100358,2021년 5월 30일 18시,일요일,전라남도 순천시 해룡면,경상사고,0,0,2,0,차대차 - 기타,안전운전불이행,건조,맑음,교차로 - 교차로부근,승용,여,43세,경상,이륜,남,25세,경상
2021053000100359,2021년 5월 30일 18시,일요일,전라남도 영암군 영암읍,경상사고,0,0,1,0,차량단독 - 공작물충돌,안전운전불이행,건조,맑음,단일로 - 기타,승용,남,44세,경상,,,,
2021053000100392,2021년 5월 30일 19시,일요일,전라남도 영암군 영암읍,경상사고,0,0,1,0,차대차 - 측면충돌,신호위반,건조,맑음,교차로 - 교차로안,이륜,남,62세,경상,승용,남,67세,상해없음
2021053000100393,2021년 5월 30일 19시,일요일,전라남도 광양시 진상면,중상사고,0,3,2,0,차대차 - 정면충돌,중앙선침범,건조,맑음,단일로 - 기타,화물,남,56세,경상,승용,남,30세,중상
2021053000100420,2021년 5월 30일 20시,일요일,전라남도 순천시 왕지동,경상사고,0,0,1,0,차대차 - 기타,안전운전불이행,건조,맑음,단일로 - 기타,승용,남,19세,상해없음,이륜,남,42세,경상
2021053100100021,2021년 5월 31일 05시,월요일,전라남도 해남군 문내면,경상사고,0,0,1,0,차대차 - 기타,중앙선침범,건조,맑음,단일로 - 기타,승합,여,73세,상해없음,이륜,남,78세,경상
2021053100100073,2021년 5월 31일 08시,월요일,전라남도 순천시 풍덕동,중상사고,0,1,0,0,차대사람 - 횡단중,보행자보호의무위반,건조,맑음,교차로 - 교차로안,화물,남,51세,상해없음,보행자,남,7세,중상
2021053100100107,2021년 5월 31일 09시,월요일,전라남도 장흥군 장평면,경상사고,0,0,1,0,차대차 - 정면충돌,안전운전불이행,건조,맑음,단일로 - 기타,이륜,남,85세,경상,화물,남,58세,상해없음
2021053100100138,2021년 5월 31일 10시,월요일,전라남도 목포시 상동,경상사고,0,0,2,0,차대차 - 기타,신호위반,건조,맑음,단일로 - 기타,승용,남,39세,상해없음,화물,남,61세,상해없음
2021053100100139,2021년 5월 31일 10시,월요일,전라남도 해남군 북평면,중상사고,0,1,0,0,차대사람 - 기타,안전운전불이행,건조,맑음,단일로 - 기타,승용,남,66세,상해없음,보행자,여,47세,중상
2021053100100163,2021년 5월 31일 11시,월요일,전라남도 고흥군 고흥읍,경상사고,0,0,2,0,차대차 - 측면충돌,교차로운행방법위반,건조,맑음,교차로 - 교차로안,승용,남,23세,상해없음,승용,남,52세,경상
2021053100100193,2021년 5월 31일 12시,월요일,전라남도 광양시 광영동,경상사고,0,0,2,0,차대차 - 측면충돌,교차로운행방법위반,건조,맑음,교차로 - 교차로안,승용,남,37세,경상,승용,여,65세,경상
2021053100100256,2021년 5월 31일 14시,월요일,전라남도 목포시 상동,경상사고,0,0,2,0,차대차 - 기타,안전운전불이행,건조,맑음,교차로 - 교차로안,승용,여,35세,상해없음,승용,남,29세,경상
2021053100100257,2021년 5월 31일 14시,월요일,전라남도 여수시 소호동,중상사고,0,1,0,0,차대차 - 측면충돌,안전운전불이행,건조,맑음,단일로 - 기타,화물,남,34세,상해없음,이륜,남,46세,중상
2021053100100258,2021년 5월 31일 14시,월요일,전라남도 광양시 광양읍,중상사고,0,1,0,0,차대차 - 측면충돌,직진우회전진행방해,건조,맑음,교차로 - 교차로안,승용,남,50세,상해없음,이륜,남,58세,중상
2021053100100259,2021년 5월 31일 14시,월요일,전라남도 구례군 구례읍,중상사고,0,1,0,0,차대차 - 기타,직진우회전진행방해,건조,맑음,교차로 - 교차로안,승용,남,60세,상해없음,승용,남,66세,상해없음
2021053100100298,2021년 5월 31일 15시,월요일,전라남도 여수시 충무동,경상사고,0,0,1,0,차대사람 - 횡단중,안전운전불이행,건조,맑음,단일로 - 기타,승용,여,38세,상해없음,보행자,여,56세,경상
2021053100100378,2021년 5월 31일 17시,월요일,전라남도 나주시 보산동,중상사고,0,1,1,0,차대차 - 측면충돌,안전운전불이행,건조,맑음,단일로 - 기타,화물,여,56세,경상,승용,여,50세,중상
2021053100100379,2021년 5월 31일 17시,월요일,전라남도 고흥군 동강면,경상사고,0,0,2,0,차대차 - 측면충돌,교차로운행방법위반,건조,맑음,교차로 - 교차로안,승용,남,34세,경상,승용,여,54세,경상
2021053100100420,2021년 5월 31일 18시,월요일,전라남도 목포시 상동,경상사고,0,0,2,0,차대차 - 기타,안전운전불이행,건조,맑음,단일로 - 기타,승용,남,41세,상해없음,이륜,남,31세,경상
2021053100100421,2021년 5월 31일 18시,월요일,전라남도 무안군 일로읍,경상사고,0,0,2,0,차대차 - 측면충돌,안전운전불이행,건조,맑음,교차로 - 교차로안,승용,여,54세,상해없음,승용,여,54세,경상
2021053100100455,2021년 5월 31일 19시,월요일,전라남도 목포시 연산동,경상사고,0,0,1,0,차대차 - 기타,직진우회전진행방해,건조,맑음,교차로 - 교차로안,승용,남,58세,상해없음,승용,남,42세,상해없음
2021053100100456,2021년 5월 31일 19시,월요일,전라남도 영암군 시종면,경상사고,0,0,1,0,차대차 - 측면충돌,안전운전불이행,건조,맑음,교차로 - 교차로안,사륜오토바이(ATV),여,71세,경상,승용,남,44세,상해없음
2021053100100457,2021년 5월 31일 19시,월요일,전라남도 무안군 삼향읍,중상사고,0,1,0,0,차대차 - 기타,안전운전불이행,건조,기타,기타 - 기타,승용,여,28세,상해없음,이륜,남,45세,중상
2021053100100480,2021년 5월 31일 20시,월요일,전라남도 여수시 국동,경상사고,0,0,1,0,차대차 - 측면충돌,안전거리미확보,건조,흐림,교차로 - 교차로안,화물,남,56세,상해없음,승용,남,46세,경상
2021053100100527,2021년 5월 31일 22시,월요일,전라남도 여수시 선원동,경상사고,0,0,1,0,차대차 - 후진중충돌,안전운전불이행,건조,맑음,교차로 - 교차로안,승용,여,50세,상해없음,승용,여,41세,경상
2021053100100543,2021년 5월 31일 23시,월요일,전라남도 담양군 금성면,중상사고,0,2,0,0,차대차 - 추돌,안전운전불이행,건조,맑음,단일로 - 기타,이륜,남,16세,중상,이륜,남,16세,상해없음
2021060100100026,2021년 6월 1일 02시,화요일,전라남도 순천시 낙안면,중상사고,0,2,2,0,차량단독 - 도로외이탈 - 기타,안전운전불이행,건조,맑음,단일로 - 기타,승용,남,18세,중상,,,,
2021060100100036,2021년 6월 1일 05시,화요일,전라남도 순천시 송광면,경상사고,0,0,1,0,차량단독 - 공작물충돌,안전운전불이행,건조,맑음,교차로 - 교차로안,화물,남,59세,경상,,,,
2021060100100044,2021년 6월 1일 06시,화요일,전라남도 무안군 삼향읍,사망사고,1,0,0,0,차대차 - 기타,안전운전불이행,건조,맑음,교차로 - 교차로안,화물,남,56세,상해없음,사륜오토바이(ATV),여,73세,사망
2021060100100068,2021년 6월 1일 07시,화요일,전라남도 담양군 수북면,경상사고,0,0,1,0,차대차 - 측면충돌,중앙선침범,건조,맑음,단일로 - 기타,건설기계,남,56세,상해없음,승용,남,54세,경상
2021060100100100,2021년 6월 1일 08시,화요일,전라남도 목포시 산정동,경상사고,0,0,1,0,차대차 - 추돌,안전운전불이행,건조,맑음,교차로 - 교차로안,승용,남,28세,상해없음,승용,여,63세,상해없음
2021060100100101,2021년 6월 1일 08시,화요일,전라남도 고흥군 도양읍,경상사고,0,0,1,0,차대사람 - 횡단중,안전운전불이행,건조,맑음,단일로 - 기타,승합,남,63세,상해없음,보행자,여,81세,경상
2021060100100102,2021년 6월 1일 08시,화요일,전라남도 담양군 담양읍,경상사고,0,0,1,0,차대사람 - 횡단중,안전운전불이행,건조,맑음,단일로 - 기타,승용,남,74세,상해없음,보행자,남,88세,경상
2021060100100103,2021년 6월 1일 08시,화요일,전라남도 무안군 무안읍,경상사고,0,0,1,0,차대차 - 측면충돌,안전운전불이행,건조,맑음,기타 - 기타,승용,여,27세,상해없음,승용,여,34세,경상
2021060100100104,2021년 6월 1일 08시,화요일,전라남도 무안군 일로읍,경상사고,0,0,1,0,차대차 - 기타,안전운전불이행,건조,맑음,교차로 - 교차로부근,승용,여,69세,상해없음,승용,남,31세,경상
2021060100100135,2021년 6월 1일 09시,화요일,전라남도 목포시 산정동,중상사고,0,1,0,0,차대차 - 기타,안전운전불이행,건조,맑음,단일로 - 기타,자전거,남,76세,중상,승용,여,45세,상해없음
2021060100100169,2021년 6월 1일 10시,화요일,전라남도 장흥군 장흥읍,경상사고,0,0,1,0,차대차 - 측면충돌,신호위반,건조,맑음,교차로 - 교차로안,승용,남,64세,상해없음,승합,남,51세,경상
2021060100100170,2021년 6월 1일 10시,화요일,전라남도 광양시 광영동,중상사고,0,1,0,0,차대차 - 추돌,불법유턴,건조,맑음,단일로 - 기타,화물,남,49세,상해없음,이륜,여,42세,중상
2021060100100228,2021년 6월 1일 12시,화요일,전라남도 나주시 세지면,중상사고,0,2,1,0,차대차 - 기타,안전운전불이행,건조,맑음,단일로 - 기타,농기계,남,73세,상해없음,승용,남,57세,경상
2021060100100267,2021년 6월 1일 13시,화요일,전라남도 강진군 작천면,중상사고,0,1,0,0,차량단독 - 공작물충돌,안전운전불이행,건조,맑음,단일로 - 기타,승용,남,67세,중상,,,,
2021060100100268,2021년 6월 1일 13시,화요일,전라남도 순천시 승주읍,경상사고,0,0,1,0,차대차 - 추돌,안전운전불이행,건조,맑음,단일로 - 기타,화물,남,35세,상해없음,승용,여,38세,경상
2021060100100341,2021년 6월 1일 15시,화요일,전라남도 보성군 보성읍,경상사고,0,0,2,0,차대차 - 정면충돌,중앙선침범,건조,맑음,단일로 - 기타,자전거,여,50세,경상,이륜,남,77세,경상
2021060100100342,2021년 6월 1일 15시,화요일,전라남도 무안군 일로읍,경상사고,0,0,1,0,차대사람 - 차도통행중,안전운전불이행,건조,맑음,교차로 - 교차로안,이륜,남,71세,상해없음,보행자,남,62세,경상
2021060100100343,2021년 6월 1일 15시,화요일,전라남도 무안군 현경면,경상사고,0,0,1,0,차대차 - 후진중충돌,안전운전불이행,건조,맑음,단일로 - 기타,승용,여,57세,상해없음,승합,남,29세,경상
2021060100100386,2021년 6월 1일 16시,화요일,전라남도 목포시 산정동,경상사고,0,0,3,0,차대차 - 측면충돌,안전운전불이행,건조,맑음,교차로 - 교차로안,승용,여,67세,경상,승용,여,61세,경상
2021060100100387,2021년 6월 1일 16시,화요일,전라남도 여수시 신기동,경상사고,0,0,1,0,차대차 - 기타,안전운전불이행,건조,맑음,교차로 - 교차로안,승용,여,33세,상해없음,승용,남,51세,경상
2021060100100388,2021년 6월 1일 16시,화요일,전라남도 화순군 화순읍,경상사고,0,0,1,0,차대차 - 기타,안전운전불이행,건조,맑음,교차로 - 교차로부근,화물,남,50세,상해없음,승용,남,76세,경상
2021060100100430,2021년 6월 1일 17시,화요일,전라남도 신안군 증도면,중상사고,0,1,0,0,차대차 - 기타,안전운전불이행,건조,맑음,단일로 - 기타,승용,남,69세,상해없음,농기계,남,84세,중상
2021060100100431,2021년 6월 1일 17시,화요일,전라남도 목포시 용당동,경상사고,0,0,1,0,차대사람 - 횡단중,보행자보호의무위반,건조,맑음,교차로 - 교차로횡단보도내,승용,남,70세,상해없음,보행자,여,77세,경상
2021060100100432,2021년 6월 1일 17시,화요일,전라남도 여수시 오림동,경상사고,0,0,3,0,차대차 - 측면충돌,안전거리미확보,건조,맑음,단일로 - 기타,승용,여,33세,경상,승용,여,21세,경상
2021060100100433,2021년 6월 1일 17시,화요일,전라남도 영광군 영광읍,중상사고,0,1,0,0,차대사람 - 횡단중,보행자보호의무위반,건조,맑음,단일로 - 기타,승용,여,60세,상해없음,보행자,남,61세,중상
2021060100100435,2021년 6월 1일 17시,화요일,전라남도 무안군 삼향읍,경상사고,0,0,1,0,차대차 - 기타,안전운전불이행,건조,맑음,교차로 - 교차로안,승용,여,29세,상해없음,승용,남,36세,경상
2021060100100436,2021년 6월 1일 17시,화요일,전라남도 광양시 마동,중상사고,0,1,0,0,차대차 - 측면충돌,안전운전불이행,건조,맑음,교차로 - 교차로부근,승용,남,56세,상해없음,이륜,남,34세,중상
2021060100100437,2021년 6월 1일 17시,화요일,전라남도 광양시 중동,경상사고,0,0,1,0,차대차 - 추돌,중앙선침범,건조,맑음,교차로 - 교차로안,개인형이동수단(PM),여,23세,경상,승용,남,55세,상해없음
2021060100100482,2021년 6월 1일 18시,화요일,전라남도 순천시 인제동,경상사고,0,0,1,0,차대차 - 추돌,안전거리미확보,건조,맑음,단일로 - 기타,화물,남,67세,상해없음,승용,여,43세,경상
2021060100100549,2021년 6월 1일 20시,화요일,전라남도 목포시 산정동,중상사고,0,1,0,0,차대차 - 기타,안전운전불이행,건조,맑음,단일로 - 기타,자전거,남,58세,상해없음,이륜,남,47세,중상
2021060100100550,2021년 6월 1일 20시,화요일,전라남도 목포시 석현동,경상사고,0,0,2,0,차대사람 - 기타,안전운전불이행,건조,맑음,단일로 - 기타,승용,여,21세,기타불명,보행자,여,24세,경상
2021060100100551,2021년 6월 1일 20시,화요일,전라남도 여수시 여서동,경상사고,0,0,2,0,차대차 - 후진중충돌,안전운전불이행,건조,맑음,단일로 - 기타,승용,여,42세,상해없음,승용,남,29세,경상
2021060100100552,2021년 6월 1일 20시,화요일,전라남도 여수시 신기동,경상사고,0,0,1,0,차대차 - 측면충돌,교차로운행방법위반,건조,맑음,교차로 - 교차로안,승용,남,65세,상해없음,원동기,남,41세,경상
2021060100100604,2021년 6월 1일 22시,화요일,전라남도 여수시 문수동,중상사고,0,1,0,0,차대사람 - 횡단중,보행자보호의무위반,건조,맑음,단일로 - 기타,이륜,남,18세,상해없음,보행자,남,53세,중상
2021060100100605,2021년 6월 1일 22시,화요일,전라남도 함평군 함평읍,중상사고,0,1,1,0,차대차 - 기타,교차로운행방법위반,건조,맑음,교차로 - 교차로안,승용,남,26세,경상,화물,남,75세,상해없음
2021060100100606,2021년 6월 1일 22시,화요일,전라남도 담양군 봉산면,경상사고,0,0,1,0,차대사람 - 기타,안전운전불이행,건조,맑음,단일로 - 기타,화물,남,66세,상해없음,보행자,남,47세,경상
2021060200100010,2021년 6월 2일 00시,수요일,전라남도 광양시 광양읍,경상사고,0,0,1,0,차대차 - 측면충돌,교차로운행방법위반,건조,기타,교차로 - 교차로부근,승용,여,40세,상해없음,승용,남,37세,경상
2021060200100017,2021년 6월 2일 01시,수요일,전라남도 순천시 연향동,중상사고,0,1,2,0,차대차 - 측면충돌,신호위반,건조,맑음,교차로 - 교차로안,이륜,남,20세,경상,이륜,남,41세,중상
2021060200100018,2021년 6월 2일 01시,수요일,전라남도 광양시 황길동,경상사고,0,0,1,0,차대차 - 추돌,안전운전불이행,건조,맑음,단일로 - 기타,승용,남,32세,상해없음,승용,남,69세,경상
2021060200100055,2021년 6월 2일 07시,수요일,전라남도 광양시 마동,경상사고,0,0,2,0,차대차 - 측면충돌,신호위반,건조,맑음,교차로 - 교차로안,화물,남,47세,경상,승용,남,31세,경상
2021060200100122,2021년 6월 2일 09시,수요일,전라남도 목포시 용해동,경상사고,0,0,1,0,차대차 - 기타,안전운전불이행,건조,맑음,기타 - 기타,승용,남,72세,경상,승용,남,74세,상해없음
2021060200100123,2021년 6월 2일 09시,수요일,전라남도 순천시 서면,경상사고,0,0,1,0,차대차 - 기타,안전운전불이행,건조,맑음,단일로 - 기타,화물,남,78세,상해없음,화물,남,47세,상해없음
2021060200100124,2021년 6월 2일 09시,수요일,전라남도 무안군 일로읍,경상사고,0,0,1,0,차대차 - 측면충돌,신호위반,건조,맑음,교차로 - 교차로안,승용,여,54세,상해없음,승용,남,43세,경상
2021060200100189,2021년 6월 2일 11시,수요일,전라남도 무안군 운남면,중상사고,0,1,0,0,차대차 - 측면충돌,안전운전불이행,건조,맑음,교차로 - 교차로안,화물,남,49세,상해없음,이륜,여,56세,중상
2021060200100226,2021년 6월 2일 12시,수요일,전라남도 여수시 신기동,경상사고,0,0,2,0,차대차 - 측면충돌,안전운전불이행,건조,맑음,단일로 - 기타,승용,남,48세,상해없음,승용,남,73세,상해없음
2021060200100227,2021년 6월 2일 12시,수요일,전라남도 여수시 학동,경상사고,0,0,1,0,차대차 - 측면충돌,안전운전불이행,건조,맑음,단일로 - 기타,건설기계,남,61세,상해없음,승용,남,65세,경상
2021060200100228,2021년 6월 2일 12시,수요일,전라남도 순천시 조례동,경상사고,0,0,2,1,차대차 - 후진중충돌,안전운전불이행,건조,맑음,교차로 - 교차로안,승용,남,36세,상해없음,승용,여,31세,경상
2021060200100295,2021년 6월 2일 14시,수요일,전라남도 나주시 다시면,중상사고,0,1,0,0,차대차 - 후진중충돌,안전운전불이행,건조,맑음,단일로 - 기타,농기계,남,38세,상해없음,사륜오토바이(ATV),남,65세,중상
2021060200100296,2021년 6월 2일 14시,수요일,전라남도 장흥군 장흥읍,경상사고,0,0,1,0,차대차 - 측면충돌,교차로운행방법위반,건조,맑음,교차로 - 교차로안,승용,여,47세,상해없음,이륜,남,24세,경상
2021060200100297,2021년 6월 2일 14시,수요일,전라남도 강진군 대구면,경상사고,0,0,1,1,차대차 - 측면충돌,중앙선침범,건조,맑음,단일로 - 기타,승용,남,69세,부상신고,승용,남,56세,경상
2021060200100298,2021년 6월 2일 14시,수요일,전라남도 담양군 봉산면,중상사고,0,1,0,0,차대차 - 측면충돌,안전운전불이행,건조,맑음,교차로 - 교차로안,승용,여,38세,상해없음,원동기,남,79세,중상
2021060200100299,2021년 6월 2일 14시,수요일,전라남도 곡성군 곡성읍,중상사고,0,2,0,0,차량단독 - 전도전복 - 전도,안전운전불이행,건조,맑음,단일로 - 기타,화물,남,55세,중상,,,,
2021060200100332,2021년 6월 2일 15시,수요일,전라남도 여수시 신기동,경상사고,0,0,1,0,차대차 - 추돌,안전운전불이행,건조,맑음,단일로 - 터널,승용,여,66세,상해없음,승용,남,53세,경상
2021060200100333,2021년 6월 2일 15시,수요일,전라남도 나주시 남평읍,경상사고,0,0,1,0,차대차 - 추돌,안전거리미확보,건조,맑음,단일로 - 기타,건설기계,남,46세,상해없음,화물,남,40세,상해없음
2021060200100372,2021년 6월 2일 16시,수요일,전라남도 목포시 옥암동,경상사고,0,0,1,0,차대차 - 후진중충돌,안전운전불이행,건조,맑음,단일로 - 기타,화물,남,68세,상해없음,이륜,남,34세,경상
2021060200100373,2021년 6월 2일 16시,수요일,전라남도 광양시 광영동,경상사고,0,0,1,0,차대차 - 추돌,안전운전불이행,건조,맑음,주차장 - 주차장,승용,남,35세,상해없음,화물,남,47세,기타불명
2021060200100414,2021년 6월 2일 17시,수요일,전라남도 순천시 조례동,중상사고,0,1,0,0,차대차 - 기타,안전운전불이행,건조,맑음,단일로 - 기타,승용,여,27세,상해없음,자전거,남,76세,중상
2021060200100415,2021년 6월 2일 17시,수요일,전라남도 장흥군 장흥읍,경상사고,0,0,1,0,차대차 - 측면충돌,교차로운행방법위반,건조,맑음,교차로 - 교차로안,승용,여,22세,기타불명,승용,여,35세,경상
2021060200100476,2021년 6월 2일 18시,수요일,전라남도 신안군 압해읍,경상사고,0,0,1,0,차대차 - 측면충돌,안전운전불이행,건조,맑음,기타 - 기타,화물,남,83세,기타불명,승용,여,49세,경상
2021060200100477,2021년 6월 2일 18시,수요일,전라남도 곡성군 겸면,경상사고,0,0,4,0,차대차 - 측면충돌,신호위반,건조,맑음,교차로 - 교차로안,승용,남,37세,경상,화물,남,36세,경상
2021060200100478,2021년 6월 2일 18시,수요일,전라남도 무안군 삼향읍,경상사고,0,0,1,0,차대차 - 후진중충돌,안전운전불이행,건조,맑음,교차로 - 교차로부근,화물,남,59세,상해없음,승용,남,37세,경상
2021060200100572,2021년 6월 2일 21시,수요일,전라남도 여수시 신기동,경상사고,0,0,2,0,차대차 - 기타,안전운전불이행,건조,맑음,교차로 - 교차로부근,승합,남,60세,상해없음,승용,남,63세,경상
2021060200100573,2021년 6월 2일 21시,수요일,전라남도 여수시 돌산읍,경상사고,0,0,2,0,차대차 - 추돌,안전운전불이행,건조,맑음,교차로 - 교차로안,화물,남,61세,상해없음,승용,남,24세,경상
2021060300100044,2021년 6월 3일 06시,목요일,전라남도 화순군 도곡면,경상사고,0,0,1,0,차량단독 - 기타,안전운전불이행,젖음/습기,비,단일로 - 기타,특수,남,69세,경상,,,,
2021060300100045,2021년 6월 3일 06시,목요일,전라남도 화순군 화순읍,경상사고,0,0,2,0,차대차 - 측면충돌,기타,젖음/습기,비,교차로 - 교차로안,화물,남,66세,경상,승용,여,57세,경상
2021060300100046,2021년 6월 3일 06시,목요일,전라남도 영암군 삼호읍,경상사고,0,0,2,0,차대차 - 측면충돌,신호위반,젖음/습기,비,교차로 - 교차로안,승용,남,40세,경상,승용,남,52세,경상
2021060300100071,2021년 6월 3일 07시,목요일,전라남도 신안군 압해읍,중상사고,0,1,0,0,차대사람 - 기타,안전운전불이행,젖음/습기,비,교차로 - 교차로부근,승용,남,70세,상해없음,보행자,여,77세,중상
2021060300100072,2021년 6월 3일 07시,목요일,전라남도 광양시 중동,경상사고,0,0,1,0,차대차 - 기타,안전거리미확보,젖음/습기,비,단일로 - 기타,승용,남,38세,기타불명,화물,남,46세,경상
2021060300100102,2021년 6월 3일 08시,목요일,전라남도 여수시 화장동,경상사고,0,0,1,0,차대차 - 기타,교차로운행방법위반,건조,맑음,교차로 - 교차로안,승용,남,73세,상해없음,승용,남,29세,경상
2021060300100103,2021년 6월 3일 08시,목요일,전라남도 나주시 빛가람동,경상사고,0,0,1,0,차대차 - 측면충돌,신호위반,젖음/습기,비,교차로 - 교차로안,승합,남,69세,상해없음,승용,남,29세,경상
2021060300100125,2021년 6월 3일 09시,목요일,전라남도 보성군 벌교읍,중상사고,0,1,1,0,차대차 - 측면충돌,교차로운행방법위반,젖음/습기,비,교차로 - 교차로안,화물,남,73세,상해없음,승용,남,57세,경상
2021060300100158,2021년 6월 3일 10시,목요일,전라남도 여수시 국동,경상사고,0,0,2,0,차대차 - 측면충돌,안전운전불이행,젖음/습기,비,교차로 - 교차로부근,승용,남,67세,상해없음,승용,여,54세,경상
2021060300100159,2021년 6월 3일 10시,목요일,전라남도 고흥군 풍양면,중상사고,0,1,0,0,차대차 - 후진중충돌,안전운전불이행,젖음/습기,흐림,교차로 - 교차로안,화물,여,61세,상해없음,자전거,남,70세,중상
2021060300100180,2021년 6월 3일 11시,목요일,전라남도 보성군 벌교읍,경상사고,0,0,2,0,차대차 - 추돌,안전운전불이행,젖음/습기,비,교차로 - 교차로부근,화물,남,74세,상해없음,승용,남,48세,경상
2021060300100214,2021년 6월 3일 12시,목요일,전라남도 순천시 덕월동,경상사고,0,0,3,0,차대차 - 기타,중앙선침범,젖음/습기,비,단일로 - 기타,승용,남,61세,상해없음,승용,여,53세,경상
2021060300100215,2021년 6월 3일 12시,목요일,전라남도 나주시 빛가람동,경상사고,0,0,1,0,차대차 - 기타,직진우회전진행방해,젖음/습기,흐림,교차로 - 교차로안,승용,여,41세,상해없음,원동기,남,54세,경상
2021060300100216,2021년 6월 3일 12시,목요일,전라남도 해남군 해남읍,부상신고사고,0,0,0,1,차대차 - 기타,안전운전불이행,젖음/습기,비,단일로 - 기타,이륜,남,26세,부상신고,승용,남,56세,상해없음
2021060300100217,2021년 6월 3일 12시,목요일,전라남도 완도군 고금면,경상사고,0,0,2,0,차대차 - 기타,중앙선침범,건조,맑음,단일로 - 기타,화물,남,48세,상해없음,승용,남,74세,경상
2021060300100218,2021년 6월 3일 12시,목요일,전라남도 무안군 삼향읍,경상사고,0,0,1,0,차대차 - 기타,중앙선침범,젖음/습기,비,기타 - 기타,승합,남,22세,상해없음,이륜,남,21세,경상
2021060300100278,2021년 6월 3일 14시,목요일,전라남도 진도군 군내면,경상사고,0,0,2,0,차대차 - 측면충돌,신호위반,건조,맑음,교차로 - 교차로안,승용,남,74세,상해없음,승용,남,59세,경상
2021060300100304,2021년 6월 3일 15시,목요일,전라남도 목포시 산정동,부상신고사고,0,0,0,1,차대사람 - 기타,안전운전불이행,건조,맑음,기타 - 기타,화물,남,63세,상해없음,보행자,남,46세,부상신고
2021060300100333,2021년 6월 3일 16시,목요일,전라남도 구례군 토지면,경상사고,0,0,1,0,차대차 - 측면충돌,안전운전불이행,젖음/습기,흐림,단일로 - 기타,화물,남,58세,상해없음,화물,남,55세,상해없음
2021060300100368,2021년 6월 3일 17시,목요일,전라남도 순천시 영동,경상사고,0,0,1,0,차대차 - 후진중충돌,안전운전불이행,젖음/습기,비,단일로 - 기타,승합,여,45세,상해없음,승용,여,51세,경상
2021060300100412,2021년 6월 3일 18시,목요일,전라남도 순천시 연향동,부상신고사고,0,0,0,1,차대차 - 측면충돌,안전운전불이행,젖음/습기,비,단일로 - 기타,이륜,남,30세,부상신고,화물,남,59세,상해없음