사고번호,사고일시,요일,시군구,사고내용,사망자수,중상자수,경상자수,부상신고자수,사고유형,법규위반,노면상태,기상상태,도로형태,가해운전자 차종,가해운전자 성별,가해운전자 연령,가해운전자 상해정도,피해운전자 차종,피해운전자 성별,피해운전자 연령,피해운전자 상해정도
2021060300100413,2021년 6월 3일 18시,목요일,전라남도 함평군 나산면,경상사고,0,0,1,1,차대차 - 정면충돌,중앙선침범,젖음/습기,비,단일로 - 기타,승용,여,65세,부상신고,승용,남,59세,경상
2021060300100461,2021년 6월 3일 19시,목요일,전라남도 담양군 대전면,중상사고,0,1,0,0,차량단독 - 전도전복 - 전도,안전운전불이행,젖음/습기,비,단일로 - 기타,원동기,남,66세,중상,,,,
2021060300100507,2021년 6월 3일 20시,목요일,전라남도 광양시 광영동,경상사고,0,0,3,0,차대차 - 기타,안전운전불이행,젖음/습기,흐림,단일로 - 기타,승용,남,17세,경상,승용,여,40세,기타불명
2021060300100549,2021년 6월 3일 21시,목요일,전라남도 순천시 연향동,경상사고,0,0,1,0,차대사람 - 횡단중,보행자보호의무위반,젖음/습기,비,교차로 - 교차로횡단보도내,이륜,남,31세,상해없음,보행자,남,31세,경상
2021060300100550,2021년 6월 3일 21시,목요일,전라남도 순천시 조곡동,경상사고,0,0,1,0,차대차 - 추돌,안전운전불이행,건조,맑음,단일로 - 기타,승용,남,62세,상해없음,승용,남,63세,경상
2021060300100551,2021년 6월 3일 21시,목요일,전라남도 나주시 빛가람동,경상사고,0,0,2,0,차대차 - 기타,안전운전불이행,젖음/습기,비,교차로 - 교차로부근,승용,남,26세,상해없음,승용,남,42세,경상
2021060300100609,2021년 6월 3일 22시,목요일,전라남도 여수시 신기동,경상사고,0,0,1,0,차대차 - 측면충돌,교차로운행방법위반,젖음/습기,비,교차로 - 교차로안,승용,남,55세,상해없음,승용,남,63세,경상
2021060300100610,2021년 6월 3일 22시,목요일,전라남도 광양시 중동,경상사고,0,0,1,0,차대사람 - 차도통행중,안전운전불이행,젖음/습기,비,교차로 - 교차로부근,승용,남,48세,상해없음,보행자,여,26세,경상
2021060400100018,2021년 6월 4일 01시,금요일,전라남도 여수시 학동,경상사고,0,0,1,0,차대차 - 측면충돌,안전운전불이행,젖음/습기,흐림,단일로 - 기타,승용,남,24세,상해없음,승용,남,36세,경상
2021060400100048,2021년 6월 4일 06시,금요일,전라남도 광양시 옥룡면,중상사고,0,1,1,0,차량단독 - 기타,안전운전불이행,건조,맑음,단일로 - 기타,원동기,남,78세,경상,,,,
2021060400100063,2021년 6월 4일 07시,금요일,전라남도 담양군 담양읍,경상사고,0,0,2,0,차대차 - 기타,교차로운행방법위반,건조,맑음,교차로 - 교차로안,승용,여,60세,경상,승용,남,74세,경상
2021060400100099,2021년 6월 4일 08시,금요일,전라남도 여수시 여서동,경상사고,0,0,1,0,차대차 - 기타,안전거리미확보,건조,맑음,교차로 - 교차로안,승용,여,34세,상해없음,승용,여,42세,경상
2021060400100100,2021년 6월 4일 08시,금요일,전라남도 무안군 운남면,중상사고,0,1,0,0,차대차 - 기타,신호위반,건조,맑음,교차로 - 교차로안,건설기계,남,57세,상해없음,이륜,남,81세,중상
2021060400100101,2021년 6월 4일 08시,금요일,전라남도 광양시 광영동,경상사고,0,0,1,0,차대차 - 측면충돌,안전거리미확보,건조,맑음,단일로 - 기타,화물,남,39세,상해없음,승용,여,67세,경상
2021060400100135,2021년 6월 4일 09시,금요일,전라남도 담양군 대덕면,경상사고,0,0,1,0,차대차 - 추돌,안전운전불이행,건조,맑음,단일로 - 기타,화물,남,66세,경상,건설기계,남,43세,상해없음
2021060400100169,2021년 6월 4일 10시,금요일,전라남도 장성군 북일면,경상사고,0,0,4,0,차대차 - 측면충돌,중앙선침범,건조,맑음,단일로 - 기타,승용,여,46세,경상,승용,여,56세,경상
2021060400100202,2021년 6월 4일 11시,금요일,전라남도 광양시 광영동,경상사고,0,0,1,0,차대차 - 측면충돌,안전거리미확보,건조,맑음,교차로 - 교차로부근,승용,여,52세,상해없음,승용,여,46세,경상
2021060400100228,2021년 6월 4일 12시,금요일,전라남도 순천시 해룡면,경상사고,0,0,1,0,차대차 - 측면충돌,안전운전불이행,건조,맑음,단일로 - 기타,승용,남,49세,상해없음,이륜,남,33세,경상
2021060400100229,2021년 6월 4일 12시,금요일,전라남도 고흥군 고흥읍,중상사고,0,2,2,0,차대차 - 측면충돌,직진우회전진행방해,건조,맑음,교차로 - 교차로안,화물,남,41세,경상,승용,남,55세,중상
2021060400100230,2021년 6월 4일 12시,금요일,전라남도 보성군 보성읍,경상사고,0,0,2,0,차대차 - 정면충돌,중앙선침범,건조,맑음,기타 - 기타,화물,남,57세,상해없음,승용,여,68세,경상
2021060400100266,2021년 6월 4일 13시,금요일,전라남도 목포시 옥암동,경상사고,0,0,10,0,차대차 - 추돌,안전운전불이행,건조,맑음,단일로 - 기타,승용,남,63세,상해없음,승합,여,49세,경상
2021060400100267,2021년 6월 4일 13시,금요일,전라남도 장흥군 대덕읍,중상사고,0,1,0,0,차대차 - 측면충돌,교차로운행방법위반,건조,맑음,교차로 - 교차로안,화물,남,46세,상해없음,이륜,남,83세,중상
2021060400100268,2021년 6월 4일 13시,금요일,전라남도 광양시 광양읍,경상사고,0,0,1,0,차대사람 - 횡단중,안전운전불이행,건조,맑음,교차로 - 교차로안,승용,여,45세,상해없음,보행자,여,63세,경상
2021060400100308,2021년 6월 4일 14시,금요일,전라남도 순천시 해룡면,중상사고,0,1,0,0,차대차 - 기타,안전운전불이행,건조,맑음,교차로 - 교차로횡단보도내,승용,남,41세,상해없음,자전거,남,9세,중상
2021060400100309,2021년 6월 4일 14시,금요일,전라남도 순천시 조례동,경상사고,0,0,1,0,차대차 - 기타,안전거리미확보,건조,맑음,단일로 - 기타,이륜,남,28세,경상,승합,남,56세,상해없음
2021060400100310,2021년 6월 4일 14시,금요일,전라남도 무안군 일로읍,경상사고,0,0,1,0,차대사람 - 기타,교차로운행방법위반,건조,맑음,교차로 - 교차로부근,승용,여,37세,상해없음,보행자,여,10세,경상
2021060400100358,2021년 6월 4일 15시,금요일,전라남도 완도군 완도읍,중상사고,0,1,1,0,차대차 - 기타,직진우회전진행방해,건조,맑음,교차로 - 교차로안,건설기계,남,60세,경상,승용,여,68세,중상
2021060400100406,2021년 6월 4일 16시,금요일,전라남도 목포시 용해동,경상사고,0,0,3,0,차대차 - 기타,신호위반,건조,맑음,교차로 - 교차로안,승용,여,39세,상해없음,승합,남,56세,경상
2021060400100407,2021년 6월 4일 16시,금요일,전라남도 여수시 신기동,경상사고,0,0,1,0,차대사람 - 기타,안전운전불이행,건조,맑음,단일로 - 기타,승합,남,69세,상해없음,보행자,여,34세,경상
2021060400100408,2021년 6월 4일 16시,금요일,전라남도 담양군 담양읍,경상사고,0,0,2,0,차대차 - 측면충돌,직진우회전진행방해,건조,맑음,교차로 - 교차로안,승용,남,53세,상해없음,승용,남,45세,경상
2021060400100410,2021년 6월 4일 16시,금요일,전라남도 곡성군 겸면,경상사고,0,0,2,0,차대차 - 추돌,안전운전불이행,건조,맑음,단일로 - 기타,승용,남,52세,상해없음,승용,남,44세,경상
2021060400100465,2021년 6월 4일 17시,금요일,전라남도 목포시 용당동,경상사고,0,0,2,0,차대차 - 측면충돌,신호위반,건조,맑음,교차로 - 교차로안,승용,여,52세,경상,이륜,남,18세,경상
2021060400100466,2021년 6월 4일 17시,금요일,전라남도 여수시 문수동,중상사고,0,1,0,0,차대사람 - 차도통행중,보행자보호의무위반,건조,맑음,교차로 - 교차로안,개인형이동수단(PM),남,15세,상해없음,보행자,남,83세,중상
2021060400100467,2021년 6월 4일 17시,금요일,전라남도 장흥군 장흥읍,경상사고,0,0,1,0,차대사람 - 기타,보행자보호의무위반,건조,맑음,단일로 - 기타,화물,남,66세,상해없음,보행자,여,58세,경상
2021060400100574,2021년 6월 4일 19시,금요일,전라남도 영암군 금정면,경상사고,0,0,1,0,차대차 - 정면충돌,중앙선침범,건조,맑음,단일로 - 기타,화물,남,37세,상해없음,화물,남,61세,경상
2021060400100600,2021년 6월 4일 20시,금요일,전라남도 순천시 연향동,경상사고,0,0,1,0,차대차 - 추돌,안전거리미확보,건조,맑음,교차로 - 교차로안,화물,남,44세,상해없음,승용,남,50세,경상
2021060400100681,2021년 6월 4일 23시,금요일,전라남도 영암군 학산면,경상사고,0,0,6,0,차대차 - 추돌,안전운전불이행,건조,맑음,단일로 - 기타,승용,남,23세,경상,승용,여,40세,경상
2021060500100024,2021년 6월 5일 01시,토요일,전라남도 강진군 대구면,경상사고,0,0,2,2,차대차 - 측면충돌,기타,건조,맑음,교차로 - 교차로안,승용,남,43세,상해없음,승용,여,49세,경상
2021060500100041,2021년 6월 5일 03시,토요일,전라남도 나주시 남평읍,중상사고,0,2,2,0,차대차 - 측면충돌,신호위반,건조,맑음,교차로 - 교차로안,화물,여,46세,경상,화물,남,51세,경상
2021060500100140,2021년 6월 5일 10시,토요일,전라남도 순천시 연향동,경상사고,0,0,4,0,차대차 - 측면충돌,직진우회전진행방해,건조,맑음,교차로 - 교차로안,승용,여,67세,경상,승용,여,53세,경상
2021060500100187,2021년 6월 5일 11시,토요일,전라남도 곡성군 석곡면,중상사고,0,1,2,0,차대차 - 기타,안전운전불이행,건조,맑음,단일로 - 기타,화물,남,22세,상해없음,농기계,남,60세,경상
2021060500100236,2021년 6월 5일 12시,토요일,전라남도 화순군 화순읍,경상사고,0,0,1,0,차대차 - 추돌,안전운전불이행,건조,맑음,단일로 - 기타,승용,남,63세,상해없음,승용,남,53세,경상
2021060500100294,2021년 6월 5일 13시,토요일,전라남도 여수시 오림동,경상사고,0,0,1,0,차대사람 - 기타,안전운전불이행,건조,맑음,주차장 - 주차장,승합,남,29세,상해없음,보행자,남,29세,경상
2021060500100295,2021년 6월 5일 13시,토요일,전라남도 담양군 월산면,경상사고,0,0,1,0,차대차 - 측면충돌,직진우회전진행방해,건조,맑음,교차로 - 교차로안,승용,남,70세,상해없음,이륜,남,75세,경상
2021060500100296,2021년 6월 5일 13시,토요일,전라남도 광양시 광양읍,경상사고,0,0,2,0,차대차 - 측면충돌,신호위반,건조,맑음,단일로 - 기타,승용,남,57세,상해없음,승용,남,32세,경상
2021060500100342,2021년 6월 5일 14시,토요일,전라남도 나주시 남평읍,경상사고,0,0,3,0,차대차 - 측면충돌,안전운전불이행,건조,맑음,교차로 - 교차로안,이륜,남,78세,경상,승용,남,59세,경상
2021060500100384,2021년 6월 5일 15시,토요일,전라남도 여수시 율촌면,경상사고,0,0,1,0,차대차 - 추돌,안전거리미확보,건조,맑음,단일로 - 터널,승용,여,40세,상해없음,승용,남,28세,경상
2021060500100430,2021년 6월 5일 16시,토요일,전라남도 화순군 화순읍,경상사고,0,0,2,0,차대차 - 기타,안전운전불이행,건조,맑음,단일로 - 기타,건설기계,남,53세,상해없음,승용,남,62세,경상
2021060500100431,2021년 6월 5일 16시,토요일,전라남도 담양군 담양읍,경상사고,0,0,1,0,차대차 - 측면충돌,중앙선침범,건조,맑음,단일로 - 기타,화물,남,62세,상해없음,화물,남,28세,경상
2021060500100459,2021년 6월 5일 17시,토요일,전라남도 여수시 광무동,중상사고,0,1,0,0,차대차 - 측면충돌,신호위반,건조,맑음,교차로 - 교차로안,승용,여,55세,상해없음,이륜,남,50세,중상
2021060500100522,2021년 6월 5일 19시,토요일,전라남도 목포시 상동,경상사고,0,0,3,0,차대차 - 기타,안전운전불이행,건조,맑음,단일로 - 기타,승용,남,24세,상해없음,승용,남,45세,경상
2021060500100523,2021년 6월 5일 19시,토요일,전라남도 담양군 봉산면,경상사고,0,0,1,0,차대차 - 측면충돌,직진우회전진행방해,건조,맑음,교차로 - 교차로안,승용,남,67세,상해없음,자전거,남,41세,경상
2021060500100545,2021년 6월 5일 20시,토요일,전라남도 목포시 산정동,경상사고,0,0,2,0,차대차 - 추돌,안전운전불이행,건조,맑음,교차로 - 교차로부근,승합,남,72세,상해없음,승용,남,70세,경상
2021060600100004,2021년 6월 6일 00시,일요일,전라남도 함평군 엄다면,경상사고,0,0,1,0,차량단독 - 공작물충돌,안전운전불이행,건조,맑음,단일로 - 기타,승용,남,26세,경상,,,,
2021060600100039,2021년 6월 6일 04시,일요일,전라남도 순천시 해룡면,사망사고,1,0,0,1,차대차 - 측면충돌,기타,건조,맑음,교차로 - 교차로부근,승용,남,29세,부상신고,승용,여,23세,사망
2021060600100042,2021년 6월 6일 05시,일요일,전라남도 장성군 삼계면,중상사고,0,1,0,0,차량단독 - 전도전복 - 전도,안전운전불이행,건조,맑음,단일로 - 기타,이륜,남,62세,중상,,,,
2021060600100057,2021년 6월 6일 07시,일요일,전라남도 고흥군 대서면,중상사고,0,1,2,0,차대차 - 측면충돌,직진우회전진행방해,건조,맑음,교차로 - 교차로안,사륜오토바이(ATV),여,81세,중상,승용,남,75세,경상
2021060600100065,2021년 6월 6일 08시,일요일,전라남도 여수시 봉강동,경상사고,0,0,1,0,차대차 - 정면충돌,신호위반,건조,맑음,교차로 - 교차로안,승용,남,56세,상해없음,승용,남,69세,경상
2021060600100070,2021년 6월 6일 09시,일요일,전라남도 목포시 옥암동,중상사고,0,1,0,0,차대사람 - 기타,안전운전불이행,건조,맑음,교차로 - 교차로안,승용,남,63세,상해없음,보행자,여,80세,중상
2021060600100071,2021년 6월 6일 09시,일요일,전라남도 순천시 남정동,중상사고,0,1,0,0,차대사람 - 기타,안전운전불이행,건조,맑음,교차로 - 교차로안,승용,여,60세,상해없음,보행자,남,83세,중상
2021060600100073,2021년 6월 6일 09시,일요일,전라남도 강진군 칠량면,경상사고,0,0,1,0,차대차 - 측면충돌,안전운전불이행,건조,맑음,교차로 - 교차로안,이륜,남,74세,경상,승용,여,58세,상해없음
2021060600100109,2021년 6월 6일 11시,일요일,전라남도 목포시 죽교동,경상사고,0,0,2,0,차대차 - 기타,안전운전불이행,건조,맑음,교차로 - 교차로부근,승용,남,27세,기타불명,승용,여,25세,경상
2021060600100134,2021년 6월 6일 12시,일요일,전라남도 여수시 덕충동,중상사고,0,1,0,0,차대차 - 기타,안전운전불이행,건조,맑음,기타 - 기타,승용,남,34세,상해없음,자전거,남,67세,중상
2021060600100135,2021년 6월 6일 12시,일요일,전라남도 순천시 홍내동,경상사고,0,0,4,1,차대차 - 측면충돌,교차로운행방법위반,건조,맑음,교차로 - 교차로안,승용,남,57세,부상신고,승용,남,40세,경상
2021060600100166,2021년 6월 6일 13시,일요일,전라남도 여수시 광무동,경상사고,0,0,1,0,차대차 - 정면충돌,중앙선침범,건조,맑음,단일로 - 기타,승용,여,41세,상해없음,이륜,남,44세,경상
2021060600100167,2021년 6월 6일 13시,일요일,전라남도 보성군 벌교읍,중상사고,0,1,0,0,차대차 - 측면충돌,안전거리미확보,건조,맑음,교차로 - 교차로부근,자전거,남,37세,중상,승용,남,46세,상해없음
2021060600100203,2021년 6월 6일 14시,일요일,전라남도 영암군 삼호읍,경상사고,0,0,4,0,차대차 - 측면충돌,안전운전불이행,건조,맑음,단일로 - 기타,승용,남,61세,상해없음,승용,여,36세,경상
2021060600100204,2021년 6월 6일 14시,일요일,전라남도 담양군 담양읍,경상사고,0,0,4,0,차대차 - 기타,직진우회전진행방해,건조,맑음,교차로 - 교차로안,화물,남,59세,경상,승용,여,51세,경상
2021060600100229,2021년 6월 6일 15시,일요일,전라남도 여수시 웅천동,경상사고,0,0,3,0,차대차 - 측면충돌,신호위반,건조,맑음,교차로 - 교차로안,이륜,남,66세,상해없음,승용,여,22세,경상
2021060600100230,2021년 6월 6일 15시,일요일,전라남도 광양시 진상면,중상사고,0,3,0,0,차대차 - 정면충돌,중앙선침범,건조,맑음,단일로 - 기타,화물,남,74세,중상,화물,남,63세,중상
2021060600100267,2021년 6월 6일 16시,일요일,전라남도 나주시 성북동,경상사고,0,0,1,0,차대사람 - 차도통행중,안전운전불이행,건조,맑음,단일로 - 기타,승용,남,39세,상해없음,보행자,여,53세,경상
2021060600100268,2021년 6월 6일 16시,일요일,전라남도 담양군 담양읍,경상사고,0,0,1,0,차대차 - 기타,안전운전불이행,건조,맑음,교차로 - 교차로안,승용,남,41세,상해없음,자전거,남,62세,경상
2021060600100309,2021년 6월 6일 17시,일요일,전라남도 목포시 용당동,경상사고,0,0,1,0,차대사람 - 기타,안전운전불이행,건조,맑음,교차로 - 교차로안,승용,여,53세,상해없음,보행자,남,3세,경상
2021060600100310,2021년 6월 6일 17시,일요일,전라남도 담양군 대덕면,중상사고,0,1,1,0,차량단독 - 전도전복 - 전복,안전운전불이행,건조,맑음,단일로 - 기타,승용,남,78세,경상,,,,
2021060600100311,2021년 6월 6일 17시,일요일,전라남도 광양시 광양읍,중상사고,0,1,0,0,차대차 - 측면충돌,안전거리미확보,건조,맑음,단일로 - 기타,화물,남,59세,상해없음,이륜,남,64세,중상
2021060600100338,2021년 6월 6일 18시,일요일,전라남도 해남군 마산면,경상사고,0,0,2,0,차대차 - 기타,신호위반,건조,맑음,교차로 - 교차로안,승용,남,39세,상해없음,승용,남,69세,경상
2021060600100339,2021년 6월 6일 18시,일요일,전라남도 해남군 해남읍,경상사고,0,0,19,0,차대차 - 기타,교차로운행방법위반,건조,맑음,교차로 - 교차로안,승합,남,41세,경상,승용,남,36세,경상
2021060600100390,2021년 6월 6일 20시,일요일,전라남도 목포시 산정동,중상사고,0,1,0,0,차대사람 - 기타,안전운전불이행,건조,맑음,단일로 - 기타,이륜,여,53세,상해없음,보행자,남,78세,중상
2021060600100391,2021년 6월 6일 20시,일요일,전라남도 나주시 노안면,중상사고,0,1,0,0,차대사람 - 횡단중,안전운전불이행,건조,맑음,단일로 - 기타,승용,여,67세,상해없음,보행자,여,78세,중상
2021060700100004,2021년 6월 7일 00시,월요일,전라남도 목포시 상동,경상사고,0,0,1,0,차대차 - 측면충돌,기타,건조,맑음,교차로 - 교차로안,승용,남,31세,경상,승용,남,25세,상해없음
2021060700100008,2021년 6월 7일 02시,월요일,전라남도 무안군 삼향읍,경상사고,0,0,3,0,차대차 - 측면충돌,신호위반,건조,기타,교차로 - 교차로안,승용,남,21세,상해없음,승용,남,26세,경상
2021060700100024,2021년 6월 7일 06시,월요일,전라남도 목포시 대양동,경상사고,0,0,2,0,차대차 - 측면충돌,안전거리미확보,건조,맑음,단일로 - 기타,화물,남,42세,경상,화물,남,48세,경상
2021060700100036,2021년 6월 7일 07시,월요일,전라남도 여수시 소라면,경상사고,0,0,2,0,차대차 - 측면충돌,안전운전불이행,건조,맑음,단일로 - 기타,승용,남,72세,경상,승합,남,53세,경상
2021060700100071,2021년 6월 7일 08시,월요일,전라남도 신안군 압해읍,사망사고,1,0,0,0,차대사람 - 횡단중,안전운전불이행,건조,맑음,교차로 - 교차로부근,건설기계,남,58세,상해없음,보행자,여,81세,사망
2021060700100072,2021년 6월 7일 08시,월요일,전라남도 목포시 석현동,경상사고,0,0,1,0,차대차 - 기타,안전거리미확보,건조,맑음,단일로 - 기타,건설기계,남,58세,상해없음,승용,여,40세,경상
2021060700100106,2021년 6월 7일 09시,월요일,전라남도 광양시 광양읍,경상사고,0,0,1,0,차대차 - 측면충돌,안전운전불이행,건조,맑음,기타 - 기타,승용,남,72세,상해없음,승용,여,33세,경상
2021060700100136,2021년 6월 7일 10시,월요일,전라남도 순천시 해룡면,경상사고,0,0,1,0,차대차 - 측면충돌,안전운전불이행,건조,맑음,교차로 - 교차로안,승용,여,68세,상해없음,승용,여,49세,경상
2021060700100175,2021년 6월 7일 11시,월요일,전라남도 목포시 산정동,중상사고,0,1,0,0,차대사람 - 차도통행중,안전운전불이행,건조,맑음,단일로 - 기타,화물,남,64세,상해없음,보행자,여,77세,중상
2021060700100176,2021년 6월 7일 11시,월요일,전라남도 목포시 산정동,경상사고,0,0,3,0,차대차 - 기타,안전거리미확보,건조,맑음,단일로 - 기타,화물,남,68세,경상,승용,여,46세,경상
2021060700100212,2021년 6월 7일 12시,월요일,전라남도 신안군 압해읍,경상사고,0,0,1,0,차대차 - 측면충돌,중앙선침범,건조,맑음,단일로 - 기타,승용,남,57세,상해없음,건설기계,남,65세,경상
2021060700100213,2021년 6월 7일 12시,월요일,전라남도 여수시 신기동,중상사고,0,1,2,0,차대차 - 측면충돌,교차로운행방법위반,건조,맑음,교차로 - 교차로안,승용,남,28세,상해없음,이륜,남,43세,중상
2021060700100215,2021년 6월 7일 12시,월요일,전라남도 장흥군 회진면,경상사고,0,0,2,0,차대차 - 측면충돌,안전운전불이행,건조,맑음,교차로 - 교차로안,화물,남,72세,경상,건설기계,남,60세,상해없음
2021060700100319,2021년 6월 7일 15시,월요일,전라남도 여수시 주삼동,경상사고,0,0,2,0,차대차 - 추돌,안전운전불이행,건조,맑음,교차로 - 교차로안,승용,여,55세,경상,화물,남,53세,경상
2021060700100320,2021년 6월 7일 15시,월요일,전라남도 무안군 무안읍,경상사고,0,0,1,0,차대차 - 정면충돌,교차로운행방법위반,건조,맑음,교차로 - 교차로안,화물,남,60세,상해없음,자전거,남,10세,경상
2021060700100368,2021년 6월 7일 16시,월요일,전라남도 신안군 증도면,경상사고,0,0,2,0,차대차 - 기타,직진우회전진행방해,건조,맑음,교차로 - 교차로안,화물,남,56세,상해없음,승용,여,25세,경상
2021060700100369,2021년 6월 7일 16시,월요일,전라남도 여수시 문수동,경상사고,0,0,1,0,차대사람 - 기타,안전운전불이행,건조,맑음,교차로 - 교차로부근,승합,남,66세,상해없음,보행자,남,49세,경상
2021060700100370,2021년 6월 7일 16시,월요일,전라남도 영광군 홍농읍,경상사고,0,0,1,0,차대차 - 기타,직진우회전진행방해,건조,맑음,교차로 - 교차로안,이륜,남,84세,경상,이륜,남,80세,상해없음
2021060700100371,2021년 6월 7일 16시,월요일,전라남도 담양군 담양읍,경상사고,0,0,2,0,차대차 - 추돌,안전운전불이행,건조,맑음,단일로 - 기타,승용,여,26세,상해없음,승합,남,35세,경상
2021060700100372,2021년 6월 7일 16시,월요일,전라남도 무안군 일로읍,경상사고,0,0,1,0,차대차 - 기타,안전운전불이행,건조,맑음,교차로 - 교차로안,기타불명,기타불명,미분류,기타불명,이륜,남,60세,경상
2021060700100418,2021년 6월 7일 17시,월요일,전라남도 여수시 적량동,경상사고,0,0,4,0,차대차 - 추돌,안전운전불이행,건조,맑음,단일로 - 기타,화물,남,61세,상해없음,승합,남,31세,경상
2021060700100468,2021년 6월 7일 18시,월요일,전라남도 목포시 산정동,경상사고,0,0,2,0,차대차 - 기타,신호위반,건조,맑음,교차로 - 교차로안,승용,남,45세,경상,승용,남,26세,경상
2021060700100469,2021년 6월 7일 18시,월요일,전라남도 장흥군 유치면,경상사고,0,0,2,0,차대차 - 측면충돌,직진우회전진행방해,건조,맑음,교차로 - 교차로안,승합,남,63세,경상,화물,여,51세,경상
2021060700100470,2021년 6월 7일 18시,월요일,전라남도 광양시 진월면,중상사고,0,1,0,0,차대차 - 기타,안전운전불이행,건조,맑음,단일로 - 기타,농기계,남,75세,중상,사륜오토바이(ATV),여,80세,기타불명
2021060700100512,2021년 6월 7일 19시,월요일,전라남도 완도군 완도읍,중상사고,0,2,0,0,차대차 - 측면충돌,안전운전불이행,건조,맑음,교차로 - 교차로부근,승용,남,28세,기타불명,화물,남,54세,중상
2021060700100537,2021년 6월 7일 20시,월요일,전라남도 광양시 황금동,중상사고,0,1,0,0,차대차 - 측면충돌,신호위반,건조,맑음,교차로 - 교차로안,승용,남,38세,상해없음,승용,여,46세,중상
2021060800100002,2021년 6월 8일 00시,화요일,전라남도 목포시 옥암동,중상사고,0,1,0,0,차대사람 - 기타,기타,건조,맑음,교차로 - 교차로부근,승합,남,58세,상해없음,보행자,여,15세,중상
2021060800100050,2021년 6월 8일 07시,화요일,전라남도 장성군 동화면,중상사고,0,1,0,0,차대차 - 기타,안전운전불이행,건조,맑음,단일로 - 기타,승용,남,51세,상해없음,승합,남,59세,중상
2021060800100085,2021년 6월 8일 08시,화요일,전라남도 목포시 상동,경상사고,0,0,1,0,차대차 - 측면충돌,안전운전불이행,건조,맑음,단일로 - 기타,승용,남,59세,상해없음,승용,남,29세,경상
2021060800100086,2021년 6월 8일 08시,화요일,전라남도 여수시 오림동,경상사고,0,0,1,0,차대차 - 기타,교차로운행방법위반,건조,맑음,단일로 - 기타,승용,남,44세,상해없음,승합,남,59세,상해없음
2021060800100087,2021년 6월 8일 08시,화요일,전라남도 보성군 보성읍,경상사고,0,0,3,0,차대차 - 측면충돌,기타,건조,맑음,교차로 - 교차로안,승합,남,45세,상해없음,화물,남,45세,상해없음
2021060800100120,2021년 6월 8일 09시,화요일,전라남도 보성군 보성읍,경상사고,0,0,1,0,차대차 - 추돌,안전운전불이행,건조,맑음,단일로 - 터널,승용,남,21세,상해없음,화물,남,44세,경상
2021060800100155,2021년 6월 8일 10시,화요일,전라남도 목포시 대성동,경상사고,0,0,1,0,차대사람 - 기타,안전운전불이행,건조,맑음,단일로 - 기타,건설기계,남,67세,상해없음,보행자,여,62세,경상
2021060800100156,2021년 6월 8일 10시,화요일,전라남도 여수시 미평동,경상사고,0,0,1,0,차대차 - 측면충돌,신호위반,건조,맑음,교차로 - 교차로안,화물,남,70세,상해없음,승용,남,40세,경상
2021060800100157,2021년 6월 8일 10시,화요일,전라남도 여수시 화양면,경상사고,0,0,1,0,차대차 - 측면충돌,교차로운행방법위반,건조,맑음,교차로 - 교차로안,화물,남,60세,상해없음,승용,여,51세,경상
2021060800100158,2021년 6월 8일 10시,화요일,전라남도 나주시 이창동,사망사고,1,0,0,0,차대차 - 측면충돌,직진우회전진행방해,건조,맑음,교차로 - 교차로안,승용,여,60세,기타불명,이륜,남,80세,사망
2021060800100159,2021년 6월 8일 10시,화요일,전라남도 장흥군 장흥읍,경상사고,0,0,2,0,차대차 - 측면충돌,신호위반,건조,맑음,교차로 - 교차로안,승용,남,78세,상해없음,승용,남,32세,경상
2021060800100232,2021년 6월 8일 12시,화요일,전라남도 영암군 삼호읍,경상사고,0,0,2,0,차대차 - 후진중충돌,안전운전불이행,건조,맑음,교차로 - 교차로부근,특수,남,49세,경상,승용,여,37세,경상
2021060800100291,2021년 6월 8일 14시,화요일,전라남도 담양군 담양읍,중상사고,0,1,0,0,차대사람 - 기타,안전운전불이행,건조,맑음,단일로 - 기타,특수,남,38세,상해없음,보행자,여,83세,중상
2021060800100331,2021년 6월 8일 15시,화요일,전라남도 여수시 오림동,중상사고,0,1,0,0,차대사람 - 차도통행중,안전운전불이행,건조,맑음,단일로 - 기타,화물,남,22세,상해없음,보행자,남,48세,중상
2021060800100332,2021년 6월 8일 15시,화요일,전라남도 여수시 돌산읍,중상사고,0,1,5,0,차대차 - 측면충돌,안전운전불이행,건조,맑음,단일로 - 기타,승용,여,68세,상해없음,화물,남,74세,경상
2021060800100333,2021년 6월 8일 15시,화요일,전라남도 진도군 진도읍,경상사고,0,0,2,0,차대차 - 추돌,안전운전불이행,건조,맑음,교차로 - 교차로부근,승용,남,64세,상해없음,승용,여,28세,경상
2021060800100371,2021년 6월 8일 16시,화요일,전라남도 여수시 신기동,경상사고,0,0,1,0,차대차 - 측면충돌,교차로운행방법위반,건조,맑음,교차로 - 교차로안,승용,남,62세,상해없음,승용,여,44세,경상
2021060800100372,2021년 6월 8일 16시,화요일,전라남도 순천시 상사면,중상사고,0,1,0,0,차대사람 - 차도통행중,안전운전불이행,건조,맑음,교차로 - 교차로부근,화물,남,52세,상해없음,보행자,남,11세,중상
2021060800100404,2021년 6월 8일 17시,화요일,전라남도 순천시 동외동,경상사고,0,0,1,0,차대차 - 기타,차로위반,건조,맑음,교차로 - 교차로안,승용,남,22세,상해없음,이륜,남,20세,경상
2021060800100456,2021년 6월 8일 18시,화요일,전라남도 여수시 군자동,경상사고,0,0,1,0,차대사람 - 기타,보행자보호의무위반,건조,맑음,교차로 - 교차로부근,승용,남,62세,상해없음,보행자,여,27세,경상