사고번호,사고일시,요일,시군구,사고내용,사망자수,중상자수,경상자수,부상신고자수,사고유형,법규위반,노면상태,기상상태,도로형태,가해운전자 차종,가해운전자 성별,가해운전자 연령,가해운전자 상해정도,피해운전자 차종,피해운전자 성별,피해운전자 연령,피해운전자 상해정도
2021060800100457,2021년 6월 8일 18시,화요일,전라남도 광양시 중동,경상사고,0,0,2,0,차대차 - 기타,차로위반,건조,맑음,단일로 - 기타,승용,남,57세,상해없음,승용,남,51세,상해없음
2021060800100546,2021년 6월 8일 21시,화요일,전라남도 해남군 해남읍,경상사고,0,0,2,0,차대차 - 추돌,안전운전불이행,건조,맑음,기타 - 기타,승용,남,37세,상해없음,승용,남,21세,경상
2021060900100015,2021년 6월 9일 02시,수요일,전라남도 순천시 조례동,부상신고사고,0,0,0,1,차량단독 - 기타,안전운전불이행,건조,맑음,단일로 - 기타,개인형이동수단(PM),남,25세,부상신고,,,,
2021060900100055,2021년 6월 9일 07시,수요일,전라남도 여수시 월내동,경상사고,0,0,1,0,차대차 - 측면충돌,안전운전불이행,건조,맑음,단일로 - 기타,화물,남,77세,상해없음,승용,남,25세,경상
2021060900100087,2021년 6월 9일 08시,수요일,전라남도 광양시 광양읍,경상사고,0,0,1,0,차대차 - 기타,안전운전불이행,건조,맑음,교차로 - 교차로부근,승용,남,68세,상해없음,승용,여,45세,경상
2021060900100128,2021년 6월 9일 09시,수요일,전라남도 나주시 왕곡면,경상사고,0,0,2,0,차대차 - 추돌,안전거리미확보,건조,맑음,교차로 - 교차로부근,화물,남,63세,경상,화물,남,76세,경상
2021060900100129,2021년 6월 9일 09시,수요일,전라남도 고흥군 과역면,중상사고,0,1,0,0,차대사람 - 기타,중앙선침범,건조,맑음,교차로 - 교차로부근,화물,남,47세,상해없음,보행자,남,73세,중상
2021060900100149,2021년 6월 9일 10시,수요일,전라남도 목포시 산정동,경상사고,0,0,1,0,차대차 - 추돌,안전운전불이행,건조,맑음,단일로 - 기타,승용,남,54세,상해없음,승용,여,41세,경상
2021060900100179,2021년 6월 9일 11시,수요일,전라남도 영광군 영광읍,경상사고,0,0,1,0,차대차 - 후진중충돌,안전운전불이행,건조,맑음,교차로 - 교차로안,승용,여,49세,상해없음,승용,여,41세,경상
2021060900100180,2021년 6월 9일 11시,수요일,전라남도 담양군 담양읍,경상사고,0,0,1,0,차대차 - 측면충돌,직진우회전진행방해,건조,맑음,교차로 - 교차로안,승용,남,53세,상해없음,승용,남,73세,경상
2021060900100182,2021년 6월 9일 11시,수요일,전라남도 무안군 일로읍,경상사고,0,0,1,0,차대차 - 기타,안전운전불이행,건조,맑음,교차로 - 교차로안,화물,남,71세,상해없음,승용,여,38세,상해없음
2021060900100215,2021년 6월 9일 12시,수요일,전라남도 목포시 상동,경상사고,0,0,3,0,차대차 - 기타,신호위반,건조,맑음,교차로 - 교차로횡단보도내,화물,남,47세,경상,승용,남,25세,경상
2021060900100216,2021년 6월 9일 12시,수요일,전라남도 목포시 연산동,경상사고,0,0,1,0,차대차 - 측면충돌,안전거리미확보,건조,맑음,단일로 - 기타,승용,남,77세,기타불명,화물,남,41세,경상
2021060900100217,2021년 6월 9일 12시,수요일,전라남도 강진군 도암면,중상사고,0,1,1,0,차대차 - 추돌,안전운전불이행,건조,맑음,단일로 - 기타,승용,여,54세,경상,승용,남,58세,중상
2021060900100254,2021년 6월 9일 13시,수요일,전라남도 순천시 풍덕동,경상사고,0,0,1,0,차대차 - 추돌,안전거리미확보,건조,맑음,교차로 - 교차로부근,승용,여,66세,상해없음,승용,남,77세,경상
2021060900100286,2021년 6월 9일 14시,수요일,전라남도 순천시 연향동,경상사고,0,0,1,0,차대차 - 기타,직진우회전진행방해,건조,맑음,교차로 - 교차로안,승용,남,24세,상해없음,승용,여,28세,경상
2021060900100287,2021년 6월 9일 14시,수요일,전라남도 화순군 남면,중상사고,0,1,0,0,차대차 - 측면충돌,안전운전불이행,건조,맑음,단일로 - 기타,승용,남,60세,상해없음,이륜,남,60세,중상
2021060900100324,2021년 6월 9일 15시,수요일,전라남도 해남군 옥천면,경상사고,0,0,1,0,차대차 - 추돌,안전운전불이행,건조,맑음,단일로 - 기타,승용,남,61세,상해없음,승용,여,41세,경상
2021060900100325,2021년 6월 9일 15시,수요일,전라남도 담양군 담양읍,경상사고,0,0,1,0,차량단독 - 공작물충돌,안전운전불이행,건조,맑음,교차로 - 교차로부근,승용,여,57세,경상,,,,
2021060900100363,2021년 6월 9일 16시,수요일,전라남도 완도군 완도읍,경상사고,0,0,2,0,차대차 - 측면충돌,교차로운행방법위반,건조,맑음,교차로 - 교차로안,승용,남,44세,상해없음,승용,남,63세,경상
2021060900100364,2021년 6월 9일 16시,수요일,전라남도 광양시 중동,경상사고,0,0,2,0,차대차 - 기타,안전운전불이행,건조,맑음,교차로 - 교차로안,승용,남,33세,경상,승합,여,57세,경상
2021060900100419,2021년 6월 9일 17시,수요일,전라남도 목포시 상동,경상사고,0,0,3,0,차대차 - 기타,중앙선침범,건조,맑음,단일로 - 기타,승용,남,55세,경상,승용,남,42세,경상
2021060900100420,2021년 6월 9일 17시,수요일,전라남도 장성군 남면,경상사고,0,0,2,0,차대차 - 측면충돌,안전운전불이행,건조,맑음,교차로 - 교차로안,승합,남,50세,경상,승용,여,48세,경상
2021060900100421,2021년 6월 9일 17시,수요일,전라남도 나주시 문평면,경상사고,0,0,1,0,차대차 - 추돌,안전운전불이행,건조,맑음,단일로 - 기타,승용,남,26세,상해없음,승용,남,36세,경상
2021060900100487,2021년 6월 9일 18시,수요일,전라남도 목포시 산정동,경상사고,0,0,1,0,차대차 - 기타,기타,건조,맑음,교차로 - 교차로안,승용,여,35세,상해없음,이륜,남,45세,경상
2021060900100488,2021년 6월 9일 18시,수요일,전라남도 해남군 계곡면,중상사고,0,1,0,0,차대차 - 측면충돌,중앙선침범,건조,맑음,단일로 - 기타,농기계,남,64세,상해없음,이륜,남,66세,중상
2021060900100489,2021년 6월 9일 18시,수요일,전라남도 완도군 완도읍,중상사고,0,1,0,0,차대사람 - 횡단중,보행자보호의무위반,건조,맑음,단일로 - 기타,승용,남,43세,상해없음,보행자,남,8세,중상
2021060900100526,2021년 6월 9일 19시,수요일,전라남도 목포시 옥암동,중상사고,0,1,0,0,차대차 - 추돌,안전운전불이행,건조,맑음,단일로 - 기타,승용,여,31세,상해없음,이륜,남,25세,중상
2021060900100527,2021년 6월 9일 19시,수요일,전라남도 해남군 해남읍,경상사고,0,0,1,0,차대사람 - 횡단중,안전운전불이행,건조,맑음,단일로 - 기타,승용,남,68세,상해없음,보행자,남,8세,경상
2021060900100555,2021년 6월 9일 20시,수요일,전라남도 목포시 용해동,경상사고,0,0,2,0,차대차 - 기타,신호위반,건조,맑음,교차로 - 교차로안,이륜,남,30세,경상,승용,여,39세,경상
2021060900100586,2021년 6월 9일 21시,수요일,전라남도 순천시 덕암동,경상사고,0,0,2,0,차대차 - 측면충돌,직진우회전진행방해,건조,맑음,교차로 - 교차로안,승용,여,35세,경상,승용,남,65세,경상
2021061000100096,2021년 6월 10일 08시,목요일,전라남도 목포시 산정동,경상사고,0,0,4,0,차대차 - 추돌,안전운전불이행,건조,맑음,단일로 - 교량,건설기계,남,67세,기타불명,화물,남,20세,경상
2021061000100097,2021년 6월 10일 08시,목요일,전라남도 해남군 북일면,경상사고,0,0,2,0,차대차 - 측면충돌,안전운전불이행,건조,맑음,단일로 - 기타,화물,기타불명,미분류,기타불명,승용,남,36세,경상
2021061000100098,2021년 6월 10일 08시,목요일,전라남도 영광군 법성면,경상사고,0,0,1,0,차대사람 - 횡단중,안전운전불이행,건조,맑음,단일로 - 기타,승합,남,64세,상해없음,보행자,여,65세,경상
2021061000100099,2021년 6월 10일 08시,목요일,전라남도 담양군 담양읍,경상사고,0,0,1,0,차대차 - 측면충돌,안전거리미확보,건조,흐림,단일로 - 기타,승합,남,65세,상해없음,승용,여,47세,경상
2021061000100100,2021년 6월 10일 08시,목요일,전라남도 광양시 광양읍,경상사고,0,0,1,0,차대차 - 기타,안전거리미확보,건조,맑음,단일로 - 기타,승용,여,31세,상해없음,건설기계,남,60세,상해없음
2021061000100173,2021년 6월 10일 10시,목요일,전라남도 영암군 영암읍,경상사고,0,0,1,0,차대사람 - 기타,안전운전불이행,건조,맑음,교차로 - 교차로부근,승용,남,76세,상해없음,보행자,여,83세,경상
2021061000100174,2021년 6월 10일 10시,목요일,전라남도 강진군 칠량면,경상사고,0,0,1,0,차대차 - 기타,안전운전불이행,건조,맑음,단일로 - 기타,화물,남,71세,경상,승용,남,79세,기타불명
2021061000100243,2021년 6월 10일 12시,목요일,전라남도 강진군 신전면,경상사고,0,0,1,0,차대차 - 측면충돌,안전운전불이행,건조,맑음,교차로 - 교차로안,사륜오토바이(ATV),여,70세,상해없음,승용,남,52세,상해없음
2021061000100244,2021년 6월 10일 12시,목요일,전라남도 광양시 옥곡면,사망사고,1,0,0,0,차량단독 - 전도전복 - 전도,안전운전불이행,건조,맑음,단일로 - 기타,이륜,남,70세,사망,,,,
2021061000100278,2021년 6월 10일 13시,목요일,전라남도 강진군 군동면,부상신고사고,0,0,0,1,차량단독 - 도로외이탈 - 추락,안전운전불이행,건조,맑음,단일로 - 기타,농기계,남,79세,부상신고,,,,
2021061000100279,2021년 6월 10일 13시,목요일,전라남도 곡성군 곡성읍,중상사고,0,1,3,0,차대차 - 추돌,안전운전불이행,건조,맑음,단일로 - 기타,승용,여,32세,경상,화물,남,20세,중상
2021061000100318,2021년 6월 10일 14시,목요일,전라남도 목포시 용해동,부상신고사고,0,0,0,1,차대차 - 측면충돌,안전운전불이행,젖음/습기,비,교차로 - 교차로안,원동기,남,28세,부상신고,승용,남,40세,상해없음
2021061000100319,2021년 6월 10일 14시,목요일,전라남도 순천시 매곡동,중상사고,0,1,1,0,차대차 - 기타,교차로운행방법위반,건조,맑음,교차로 - 교차로안,승합,남,49세,경상,이륜,남,67세,중상
2021061000100353,2021년 6월 10일 15시,목요일,전라남도 완도군 보길면,경상사고,0,0,1,0,차량단독 - 전도전복 - 전도,안전운전불이행,건조,맑음,단일로 - 기타,사륜오토바이(ATV),남,63세,경상,,,,
2021061000100387,2021년 6월 10일 16시,목요일,전라남도 순천시 풍덕동,경상사고,0,0,1,0,차대사람 - 기타,안전운전불이행,건조,맑음,기타 - 기타,승용,여,38세,상해없음,보행자,남,7세,경상
2021061000100388,2021년 6월 10일 16시,목요일,전라남도 곡성군 옥과면,경상사고,0,0,1,0,차대차 - 기타,기타,건조,맑음,단일로 - 기타,승용,남,37세,경상,승용,여,61세,상해없음
2021061000100389,2021년 6월 10일 16시,목요일,전라남도 무안군 청계면,중상사고,0,1,0,0,차대차 - 후진중충돌,안전운전불이행,건조,맑음,단일로 - 기타,화물,남,47세,상해없음,이륜,남,69세,중상
2021061000100429,2021년 6월 10일 17시,목요일,전라남도 여수시 주삼동,경상사고,0,0,1,0,차대차 - 추돌,안전운전불이행,건조,맑음,교차로 - 교차로부근,이륜,남,65세,경상,승용,남,69세,상해없음
2021061000100430,2021년 6월 10일 17시,목요일,전라남도 순천시 풍덕동,경상사고,0,0,2,0,차대차 - 추돌,안전운전불이행,건조,맑음,단일로 - 기타,승용,여,48세,상해없음,승용,여,52세,경상
2021061000100431,2021년 6월 10일 17시,목요일,전라남도 화순군 화순읍,경상사고,0,0,2,1,차대차 - 추돌,안전거리미확보,건조,맑음,단일로 - 교량,승용,남,65세,경상,승용,남,59세,부상신고
2021061000100483,2021년 6월 10일 18시,목요일,전라남도 나주시 산포면,경상사고,0,0,2,0,차대차 - 기타,신호위반,건조,흐림,교차로 - 교차로안,원동기,여,55세,경상,승용,여,39세,경상
2021061000100484,2021년 6월 10일 18시,목요일,전라남도 해남군 송지면,경상사고,0,0,1,0,차대차 - 추돌,안전운전불이행,젖음/습기,비,교차로 - 교차로부근,화물,남,56세,기타불명,승용,여,56세,경상
2021061000100485,2021년 6월 10일 18시,목요일,전라남도 강진군 강진읍,부상신고사고,0,0,0,1,차대사람 - 횡단중,안전운전불이행,젖음/습기,흐림,단일로 - 기타,승용,여,47세,상해없음,보행자,여,3세,부상신고
2021061000100517,2021년 6월 10일 19시,목요일,전라남도 순천시 장천동,경상사고,0,0,1,0,차대차 - 추돌,안전운전불이행,젖음/습기,비,교차로 - 교차로안,화물,남,63세,상해없음,승용,남,59세,경상
2021061000100554,2021년 6월 10일 20시,목요일,전라남도 목포시 용당동,경상사고,0,0,1,0,차대차 - 측면충돌,안전운전불이행,젖음/습기,비,단일로 - 기타,승용,남,56세,상해없음,이륜,남,29세,경상
2021061100100041,2021년 6월 11일 04시,금요일,전라남도 목포시 죽교동,경상사고,0,0,1,0,차대차 - 정면충돌,중앙선침범,건조,맑음,단일로 - 기타,승용,남,27세,상해없음,승용,남,52세,경상
2021061100100053,2021년 6월 11일 06시,금요일,전라남도 여수시 월하동,중상사고,0,1,0,0,차량단독 - 공작물충돌,안전운전불이행,젖음/습기,비,단일로 - 기타,승합,남,57세,중상,,,,
2021061100100101,2021년 6월 11일 08시,금요일,전라남도 강진군 마량면,경상사고,0,0,1,0,차량단독 - 기타,안전운전불이행,젖음/습기,맑음,단일로 - 기타,이륜,남,78세,경상,,,,
2021061100100102,2021년 6월 11일 08시,금요일,전라남도 무안군 삼향읍,경상사고,0,0,1,0,차대차 - 기타,신호위반,건조,맑음,교차로 - 교차로안,승용,여,36세,상해없음,승용,여,54세,경상
2021061100100135,2021년 6월 11일 09시,금요일,전라남도 여수시 동산동,경상사고,0,0,1,0,차대차 - 측면충돌,안전운전불이행,젖음/습기,비,단일로 - 기타,승용,남,82세,상해없음,승용,남,63세,기타불명
2021061100100265,2021년 6월 11일 13시,금요일,전라남도 진도군 진도읍,경상사고,0,0,2,0,차대차 - 측면충돌,교차로운행방법위반,건조,맑음,교차로 - 교차로안,승용,남,85세,상해없음,승용,남,66세,경상
2021061100100304,2021년 6월 11일 14시,금요일,전라남도 해남군 황산면,경상사고,0,0,2,0,차대차 - 추돌,안전운전불이행,건조,맑음,교차로 - 교차로부근,승용,남,30세,상해없음,화물,여,58세,경상
2021061100100305,2021년 6월 11일 14시,금요일,전라남도 강진군 마량면,중상사고,0,1,0,0,차대차 - 정면충돌,안전운전불이행,건조,맑음,교차로 - 교차로안,화물,여,49세,상해없음,자전거,남,79세,중상
2021061100100342,2021년 6월 11일 15시,금요일,전라남도 목포시 상동,경상사고,0,0,1,0,차대차 - 측면충돌,안전운전불이행,건조,맑음,단일로 - 기타,승용,남,71세,상해없음,이륜,남,19세,경상
2021061100100343,2021년 6월 11일 15시,금요일,전라남도 광양시 중동,경상사고,0,0,2,0,차대차 - 측면충돌,교차로운행방법위반,젖음/습기,비,교차로 - 교차로안,이륜,남,21세,경상,승용,여,26세,경상
2021061100100375,2021년 6월 11일 16시,금요일,전라남도 함평군 해보면,경상사고,0,0,3,1,차대차 - 정면충돌,기타,건조,맑음,교차로 - 교차로안,승용,남,40세,부상신고,승용,남,63세,경상
2021061100100376,2021년 6월 11일 16시,금요일,전라남도 무안군 무안읍,중상사고,0,1,1,0,차대차 - 측면충돌,안전운전불이행,건조,맑음,교차로 - 교차로안,화물,남,74세,기타불명,승합,남,49세,경상
2021061100100416,2021년 6월 11일 17시,금요일,전라남도 여수시 신월동,중상사고,0,1,0,0,차대차 - 측면충돌,중앙선침범,젖음/습기,비,단일로 - 기타,승용,남,47세,상해없음,승용,남,41세,중상
2021061100100417,2021년 6월 11일 17시,금요일,전라남도 해남군 해남읍,경상사고,0,0,1,0,차대사람 - 차도통행중,안전운전불이행,건조,맑음,기타 - 기타,화물,남,87세,상해없음,보행자,남,5세,경상
2021061100100418,2021년 6월 11일 17시,금요일,전라남도 완도군 완도읍,경상사고,0,0,2,0,차대차 - 측면충돌,안전운전불이행,건조,맑음,교차로 - 교차로안,승용,여,25세,경상,승용,남,60세,경상
2021061100100468,2021년 6월 11일 18시,금요일,전라남도 여수시 교동,경상사고,0,0,1,0,차대사람 - 기타,안전운전불이행,건조,맑음,단일로 - 기타,승용,남,75세,상해없음,보행자,여,16세,경상
2021061100100469,2021년 6월 11일 18시,금요일,전라남도 영광군 백수읍,경상사고,0,0,2,0,차대차 - 정면충돌,중앙선침범,건조,맑음,단일로 - 기타,승용,남,22세,상해없음,승용,여,37세,경상
2021061100100518,2021년 6월 11일 19시,금요일,전라남도 무안군 청계면,중상사고,0,1,0,0,차대사람 - 횡단중,안전운전불이행,건조,맑음,교차로 - 교차로안,화물,남,70세,상해없음,보행자,여,79세,중상
2021061100100581,2021년 6월 11일 21시,금요일,전라남도 무안군 삼향읍,경상사고,0,0,1,0,차대차 - 정면충돌,신호위반,건조,기타,교차로 - 교차로안,이륜,남,23세,기타불명,승용,여,33세,경상
2021061100100606,2021년 6월 11일 22시,금요일,전라남도 목포시 상동,경상사고,0,0,5,1,차대차 - 추돌,안전운전불이행,건조,맑음,교차로 - 교차로안,승용,남,20세,부상신고,승용,남,43세,경상
2021061100100607,2021년 6월 11일 22시,금요일,전라남도 목포시 대양동,중상사고,0,1,0,0,차대차 - 추돌,기타,건조,맑음,단일로 - 기타,승용,남,50세,상해없음,승용,남,36세,중상
2021061200100006,2021년 6월 12일 00시,토요일,전라남도 목포시 옥암동,경상사고,0,0,1,0,차대차 - 정면충돌,중앙선침범,건조,맑음,단일로 - 기타,승용,남,27세,상해없음,승용,여,25세,경상
2021061200100045,2021년 6월 12일 06시,토요일,전라남도 함평군 나산면,중상사고,0,2,0,0,차대차 - 정면충돌,중앙선침범,건조,맑음,단일로 - 기타,승용,남,64세,중상,화물,남,40세,중상
2021061200100057,2021년 6월 12일 07시,토요일,전라남도 보성군 조성면,경상사고,0,0,2,0,차대차 - 추돌,기타,건조,흐림,단일로 - 기타,사륜오토바이(ATV),여,77세,경상,자전거,여,63세,경상
2021061200100058,2021년 6월 12일 07시,토요일,전라남도 보성군 조성면,사망사고,1,0,0,0,차량단독 - 공작물충돌,안전운전불이행,건조,맑음,단일로 - 기타,화물,남,66세,사망,,,,
2021061200100075,2021년 6월 12일 08시,토요일,전라남도 여수시 상암동,경상사고,0,0,1,0,차대차 - 측면충돌,안전거리미확보,건조,맑음,단일로 - 기타,승용,남,57세,상해없음,승용,남,28세,경상
2021061200100076,2021년 6월 12일 08시,토요일,전라남도 담양군 담양읍,경상사고,0,0,2,0,차대차 - 측면충돌,기타,건조,맑음,교차로 - 교차로안,승용,남,44세,경상,화물,남,33세,경상
2021061200100108,2021년 6월 12일 09시,토요일,전라남도 함평군 해보면,중상사고,0,1,0,1,차대차 - 측면충돌,직진우회전진행방해,건조,맑음,교차로 - 교차로안,승용,여,35세,부상신고,승용,남,64세,중상
2021061200100109,2021년 6월 12일 09시,토요일,전라남도 함평군 손불면,부상신고사고,0,0,0,1,차량단독 - 도로외이탈 - 추락,안전운전불이행,건조,맑음,교차로 - 교차로부근,화물,여,64세,부상신고,,,,
2021061200100151,2021년 6월 12일 10시,토요일,전라남도 목포시 동명동,경상사고,0,0,1,0,차대차 - 기타,안전운전불이행,건조,맑음,교차로 - 교차로안,이륜,남,73세,경상,승용,남,34세,상해없음
2021061200100152,2021년 6월 12일 10시,토요일,전라남도 광양시 중동,중상사고,0,1,0,0,차대차 - 기타,교차로운행방법위반,건조,맑음,기타 - 기타,승용,남,53세,상해없음,이륜,남,50세,중상
2021061200100188,2021년 6월 12일 11시,토요일,전라남도 목포시 상동,경상사고,0,0,1,0,차대차 - 추돌,중앙선침범,건조,맑음,교차로 - 교차로부근,승용,남,36세,상해없음,이륜,남,33세,경상
2021061200100326,2021년 6월 12일 14시,토요일,전라남도 순천시 상사면,경상사고,0,0,1,0,차대차 - 측면충돌,중앙선침범,건조,맑음,단일로 - 기타,승용,남,60세,상해없음,승용,남,30세,경상
2021061200100327,2021년 6월 12일 14시,토요일,전라남도 영광군 군서면,경상사고,0,0,3,0,차대차 - 측면충돌,교차로운행방법위반,건조,맑음,교차로 - 교차로안,승용,남,46세,경상,승용,여,49세,경상
2021061200100362,2021년 6월 12일 15시,토요일,전라남도 강진군 대구면,경상사고,0,0,2,0,차대차 - 측면충돌,안전운전불이행,건조,맑음,단일로 - 기타,농기계,남,71세,경상,화물,여,43세,경상
2021061200100363,2021년 6월 12일 15시,토요일,전라남도 광양시 광양읍,경상사고,0,0,2,0,차대차 - 추돌,안전운전불이행,건조,맑음,단일로 - 기타,승용,여,25세,상해없음,승용,여,49세,경상
2021061200100439,2021년 6월 12일 17시,토요일,전라남도 여수시 돌산읍,경상사고,0,0,1,0,차대차 - 추돌,안전거리미확보,젖음/습기,흐림,단일로 - 기타,승용,남,19세,상해없음,승용,남,23세,상해없음
2021061200100440,2021년 6월 12일 17시,토요일,전라남도 순천시 조례동,경상사고,0,0,2,0,차대차 - 측면충돌,직진우회전진행방해,건조,맑음,교차로 - 교차로안,승용,남,22세,상해없음,승용,여,34세,경상
2021061200100441,2021년 6월 12일 17시,토요일,전라남도 무안군 청계면,경상사고,0,0,2,0,차대차 - 기타,안전운전불이행,건조,맑음,교차로 - 교차로부근,승용,남,68세,상해없음,승용,남,54세,경상
2021061200100486,2021년 6월 12일 18시,토요일,전라남도 목포시 산정동,경상사고,0,0,1,0,차대차 - 기타,안전운전불이행,건조,맑음,단일로 - 기타,자전거,남,13세,경상,승용,남,65세,상해없음
2021061200100487,2021년 6월 12일 18시,토요일,전라남도 여수시 문수동,경상사고,0,0,1,0,차대사람 - 차도통행중,안전운전불이행,건조,맑음,단일로 - 기타,승용,남,48세,상해없음,보행자,남,30세,경상
2021061200100488,2021년 6월 12일 18시,토요일,전라남도 해남군 마산면,중상사고,0,1,0,0,차대차 - 기타,안전운전불이행,건조,맑음,단일로 - 기타,승용,남,48세,상해없음,화물,남,63세,기타불명
2021061200100543,2021년 6월 12일 20시,토요일,전라남도 완도군 완도읍,경상사고,0,0,1,0,차대차 - 기타,안전운전불이행,건조,맑음,단일로 - 기타,승용,남,89세,상해없음,승용,여,51세,경상
2021061200100570,2021년 6월 12일 21시,토요일,전라남도 고흥군 금산면,경상사고,0,0,1,0,차량단독 - 전도전복 - 전도,안전운전불이행,건조,맑음,단일로 - 기타,승용,남,41세,경상,,,,
2021061200100620,2021년 6월 12일 23시,토요일,전라남도 목포시 용해동,경상사고,0,0,3,0,차대차 - 기타,교차로운행방법위반,건조,맑음,교차로 - 교차로안,승용,남,45세,경상,승용,남,63세,경상
2021061300100011,2021년 6월 13일 00시,일요일,전라남도 여수시 학동,경상사고,0,0,1,0,차대차 - 측면충돌,안전운전불이행,건조,맑음,단일로 - 기타,승용,남,31세,상해없음,승용,남,24세,경상
2021061300100022,2021년 6월 13일 02시,일요일,전라남도 영광군 군서면,경상사고,0,0,1,0,차대차 - 추돌,안전운전불이행,건조,맑음,기타 - 기타,승용,기타불명,미분류,기타불명,화물,남,52세,경상
2021061300100041,2021년 6월 13일 06시,일요일,전라남도 강진군 마량면,중상사고,0,1,0,0,차대차 - 측면충돌,중앙선침범,건조,맑음,단일로 - 기타,화물,남,66세,상해없음,이륜,남,76세,중상
2021061300100042,2021년 6월 13일 06시,일요일,전라남도 담양군 고서면,경상사고,0,0,1,0,차대차 - 정면충돌,중앙선침범,건조,맑음,단일로 - 기타,승용,남,52세,상해없음,승용,남,69세,경상
2021061300100049,2021년 6월 13일 07시,일요일,전라남도 보성군 벌교읍,중상사고,0,1,0,0,차량단독 - 전도전복 - 전도,안전운전불이행,건조,맑음,단일로 - 기타,화물,남,41세,중상,,,,
2021061300100070,2021년 6월 13일 09시,일요일,전라남도 여수시 오림동,경상사고,0,0,1,0,차대차 - 측면충돌,신호위반,건조,맑음,교차로 - 교차로안,승용,남,42세,상해없음,승용,남,69세,경상
2021061300100088,2021년 6월 13일 10시,일요일,전라남도 광양시 마동,경상사고,0,0,1,0,차대차 - 측면충돌,직진우회전진행방해,건조,흐림,교차로 - 교차로안,승용,여,34세,기타불명,승용,여,62세,경상
2021061300100089,2021년 6월 13일 10시,일요일,전라남도 구례군 용방면,경상사고,0,0,1,0,차대차 - 추돌,안전운전불이행,건조,맑음,단일로 - 기타,화물,남,73세,상해없음,승용,남,64세,경상
2021061300100110,2021년 6월 13일 11시,일요일,전라남도 나주시 보산동,경상사고,0,0,2,0,차대차 - 기타,안전운전불이행,건조,맑음,단일로 - 기타,승합,남,60세,상해없음,승용,여,55세,경상
2021061300100180,2021년 6월 13일 13시,일요일,전라남도 목포시 용당동,경상사고,0,0,1,0,차대차 - 기타,안전운전불이행,건조,맑음,단일로 - 기타,이륜,남,20세,상해없음,승용,여,38세,경상
2021061300100259,2021년 6월 13일 15시,일요일,전라남도 신안군 압해읍,경상사고,0,0,1,0,차대차 - 기타,중앙선침범,건조,맑음,단일로 - 기타,화물,남,67세,상해없음,승용,여,55세,경상
2021061300100359,2021년 6월 13일 18시,일요일,전라남도 순천시 왕지동,경상사고,0,0,1,0,차대차 - 측면충돌,직진우회전진행방해,건조,맑음,교차로 - 교차로안,화물,남,19세,상해없음,이륜,남,18세,경상
2021061300100418,2021년 6월 13일 20시,일요일,전라남도 목포시 산정동,경상사고,0,0,1,0,차대차 - 기타,안전운전불이행,건조,맑음,교차로 - 교차로안,이륜,남,17세,경상,승용,남,48세,상해없음
2021061300100419,2021년 6월 13일 20시,일요일,전라남도 목포시 옥암동,경상사고,0,0,2,0,차대차 - 기타,안전운전불이행,건조,맑음,교차로 - 교차로안,기타불명,기타불명,미분류,기타불명,승용,여,43세,경상
2021061300100420,2021년 6월 13일 20시,일요일,전라남도 여수시 둔덕동,중상사고,0,1,0,0,차대차 - 측면충돌,교차로운행방법위반,건조,맑음,단일로 - 기타,자전거,남,54세,상해없음,자전거,남,52세,중상
2021061300100421,2021년 6월 13일 20시,일요일,전라남도 순천시 서면,중상사고,0,1,0,0,차대사람 - 보도통행중,안전운전불이행,건조,맑음,기타 - 기타,승용,남,47세,상해없음,보행자,여,71세,중상
2021061300100422,2021년 6월 13일 20시,일요일,전라남도 순천시 조곡동,경상사고,0,0,1,0,차대차 - 기타,안전운전불이행,건조,맑음,교차로 - 교차로안,승합,남,36세,상해없음,승용,여,62세,경상
2021061400100056,2021년 6월 14일 07시,월요일,전라남도 보성군 벌교읍,경상사고,0,0,1,0,차대차 - 기타,안전운전불이행,건조,맑음,단일로 - 기타,화물,남,73세,상해없음,승용,남,73세,기타불명
2021061400100101,2021년 6월 14일 08시,월요일,전라남도 나주시 동강면,경상사고,0,0,1,0,차대차 - 측면충돌,안전운전불이행,건조,맑음,교차로 - 교차로안,화물,남,84세,상해없음,승용,여,38세,경상
2021061400100172,2021년 6월 14일 10시,월요일,전라남도 순천시 조례동,부상신고사고,0,0,0,1,차대차 - 측면충돌,안전운전불이행,건조,맑음,단일로 - 기타,이륜,남,56세,부상신고,승용,여,41세,상해없음
2021061400100200,2021년 6월 14일 11시,월요일,전라남도 무안군 일로읍,사망사고,1,0,0,0,차대차 - 정면충돌,중앙선침범,건조,흐림,단일로 - 기타,승용,남,72세,상해없음,이륜,남,81세,사망
2021061400100239,2021년 6월 14일 12시,월요일,전라남도 여수시 학동,경상사고,0,0,2,0,차대차 - 측면충돌,교차로운행방법위반,건조,맑음,교차로 - 교차로부근,승용,여,41세,경상,승용,남,65세,경상
2021061400100240,2021년 6월 14일 12시,월요일,전라남도 화순군 동면,경상사고,0,0,1,0,차대차 - 기타,안전운전불이행,건조,맑음,단일로 - 기타,이륜,남,57세,경상,승용,남,68세,상해없음