사고번호,사고일시,요일,시군구,사고내용,사망자수,중상자수,경상자수,부상신고자수,사고유형,법규위반,노면상태,기상상태,도로형태,가해운전자 차종,가해운전자 성별,가해운전자 연령,가해운전자 상해정도,피해운전자 차종,피해운전자 성별,피해운전자 연령,피해운전자 상해정도
2021062400100638,2021년 6월 24일 22시,목요일,전라남도 해남군 해남읍,중상사고,0,1,0,0,차대사람 - 기타,안전운전불이행,건조,맑음,단일로 - 기타,승용,남,54세,상해없음,보행자,여,14세,중상
2021062500100041,2021년 6월 25일 06시,금요일,전라남도 무안군 현경면,중상사고,0,1,0,0,차대사람 - 기타,안전운전불이행,건조,맑음,교차로 - 교차로안,승용,남,61세,상해없음,보행자,여,68세,중상
2021062500100063,2021년 6월 25일 07시,금요일,전라남도 보성군 웅치면,중상사고,0,1,0,0,차대사람 - 횡단중,안전운전불이행,건조,맑음,교차로 - 교차로안,승용,여,67세,상해없음,보행자,여,77세,중상
2021062500100064,2021년 6월 25일 07시,금요일,전라남도 담양군 담양읍,경상사고,0,0,1,0,차대차 - 측면충돌,직진우회전진행방해,건조,맑음,교차로 - 교차로안,승용,여,53세,경상,건설기계,남,58세,상해없음
2021062500100097,2021년 6월 25일 08시,금요일,전라남도 여수시 국동,경상사고,0,0,1,0,차대사람 - 기타,안전운전불이행,건조,맑음,단일로 - 기타,승용,남,62세,상해없음,보행자,남,48세,경상
2021062500100145,2021년 6월 25일 09시,금요일,전라남도 여수시 율촌면,경상사고,0,0,2,0,차대차 - 추돌,안전운전불이행,건조,맑음,교차로 - 교차로부근,화물,남,56세,상해없음,화물,남,61세,경상
2021062500100146,2021년 6월 25일 09시,금요일,전라남도 여수시 미평동,경상사고,0,0,1,0,차대차 - 기타,신호위반,건조,맑음,교차로 - 교차로안,승용,남,76세,상해없음,승용,남,62세,상해없음
2021062500100147,2021년 6월 25일 09시,금요일,전라남도 순천시 조례동,경상사고,0,0,1,0,차대차 - 측면충돌,중앙선침범,건조,맑음,단일로 - 기타,개인형이동수단(PM),남,22세,경상,승용,남,48세,상해없음
2021062500100148,2021년 6월 25일 09시,금요일,전라남도 나주시 이창동,경상사고,0,0,1,0,차대차 - 측면충돌,안전운전불이행,건조,맑음,단일로 - 기타,승용,남,60세,상해없음,승합,남,59세,경상
2021062500100149,2021년 6월 25일 09시,금요일,전라남도 함평군 학교면,경상사고,0,0,1,0,차대차 - 추돌,안전운전불이행,건조,맑음,단일로 - 기타,농기계,남,68세,상해없음,화물,남,63세,상해없음
2021062500100175,2021년 6월 25일 10시,금요일,전라남도 구례군 산동면,경상사고,0,0,1,0,차대차 - 기타,중앙선침범,건조,맑음,단일로 - 기타,승용,여,67세,상해없음,승용,여,48세,경상
2021062500100239,2021년 6월 25일 12시,금요일,전라남도 함평군 나산면,사망사고,1,0,0,0,차대차 - 추돌,안전운전불이행,건조,맑음,단일로 - 기타,화물,남,65세,상해없음,이륜,남,81세,사망
2021062500100279,2021년 6월 25일 13시,금요일,전라남도 담양군 담양읍,중상사고,0,1,0,0,차대사람 - 기타,기타,건조,맑음,단일로 - 기타,화물,남,60세,상해없음,보행자,여,77세,중상
2021062500100314,2021년 6월 25일 14시,금요일,전라남도 여수시 고소동,경상사고,0,0,1,0,차대차 - 측면충돌,신호위반,건조,맑음,교차로 - 교차로안,화물,남,33세,상해없음,승용,남,39세,경상
2021062500100315,2021년 6월 25일 14시,금요일,전라남도 함평군 나산면,부상신고사고,0,0,0,1,차대차 - 측면충돌,안전운전불이행,건조,맑음,교차로 - 교차로안,사륜오토바이(ATV),여,84세,부상신고,화물,남,22세,상해없음
2021062500100316,2021년 6월 25일 14시,금요일,전라남도 영암군 학산면,중상사고,0,1,0,0,차대차 - 측면충돌,기타,건조,맑음,교차로 - 교차로안,승용,남,50세,상해없음,자전거,남,82세,중상
2021062500100364,2021년 6월 25일 15시,금요일,전라남도 영암군 도포면,경상사고,0,0,1,0,차대차 - 측면충돌,중앙선침범,건조,맑음,단일로 - 기타,승용,남,63세,상해없음,화물,남,55세,경상
2021062500100365,2021년 6월 25일 15시,금요일,전라남도 나주시 노안면,중상사고,0,1,3,0,차대차 - 기타,기타,건조,맑음,기타 - 기타,승용,남,35세,상해없음,승용,남,39세,경상
2021062500100466,2021년 6월 25일 17시,금요일,전라남도 목포시 용당동,경상사고,0,0,3,0,차대차 - 기타,안전운전불이행,건조,맑음,기타 - 기타,승용,남,58세,상해없음,이륜,남,19세,경상
2021062500100467,2021년 6월 25일 17시,금요일,전라남도 순천시 조례동,경상사고,0,0,2,0,차대사람 - 횡단중,보행자보호의무위반,건조,맑음,단일로 - 기타,승용,여,46세,상해없음,보행자,여,35세,경상
2021062500100468,2021년 6월 25일 17시,금요일,전라남도 광양시 금호동,경상사고,0,0,1,0,차대차 - 측면충돌,교차로운행방법위반,건조,맑음,교차로 - 교차로안,승용,여,21세,상해없음,승용,여,60세,경상
2021062500100525,2021년 6월 25일 18시,금요일,전라남도 순천시 조례동,경상사고,0,0,4,0,차대차 - 측면충돌,안전운전불이행,건조,맑음,교차로 - 교차로안,승용,남,25세,경상,승용,여,51세,경상
2021062500100526,2021년 6월 25일 18시,금요일,전라남도 화순군 화순읍,경상사고,0,0,1,0,차대차 - 측면충돌,직진우회전진행방해,건조,맑음,교차로 - 교차로안,승용,여,27세,상해없음,자전거,여,26세,경상
2021062500100527,2021년 6월 25일 18시,금요일,전라남도 화순군 화순읍,경상사고,0,0,2,2,차대차 - 측면충돌,안전운전불이행,건조,맑음,교차로 - 교차로횡단보도내,승용,여,35세,상해없음,승용,여,37세,경상
2021062600100015,2021년 6월 26일 00시,토요일,전라남도 여수시 학동,경상사고,0,0,1,0,차대사람 - 길가장자리구역통행중,안전운전불이행,건조,맑음,단일로 - 기타,승용,남,55세,상해없음,보행자,남,29세,경상
2021062600100016,2021년 6월 26일 00시,토요일,전라남도 순천시 해룡면,경상사고,0,0,1,0,차대사람 - 횡단중,보행자보호의무위반,건조,맑음,교차로 - 교차로횡단보도내,승용,남,55세,상해없음,보행자,여,24세,경상
2021062600100017,2021년 6월 26일 00시,토요일,전라남도 순천시 조례동,경상사고,0,0,1,0,차대차 - 기타,차로위반,건조,맑음,단일로 - 기타,승용,남,33세,상해없음,승용,남,24세,경상
2021062600100018,2021년 6월 26일 00시,토요일,전라남도 영암군 삼호읍,경상사고,0,0,1,0,차대차 - 기타,안전운전불이행,건조,맑음,단일로 - 기타,화물,남,41세,상해없음,승용,남,61세,상해없음
2021062600100037,2021년 6월 26일 01시,토요일,전라남도 순천시 연향동,경상사고,0,0,3,0,차대차 - 측면충돌,교차로운행방법위반,건조,맑음,교차로 - 교차로안,승합,남,44세,상해없음,승용,남,59세,경상
2021062600100038,2021년 6월 26일 01시,토요일,전라남도 장흥군 관산읍,경상사고,0,0,1,0,차량단독 - 전도전복 - 전도,안전운전불이행,건조,맑음,기타 - 기타,화물,남,36세,경상,,,,
2021062600100051,2021년 6월 26일 02시,토요일,전라남도 광양시 중동,중상사고,0,1,0,0,차대차 - 측면충돌,신호위반,건조,기타,교차로 - 교차로안,개인형이동수단(PM),남,23세,중상,승용,남,51세,상해없음
2021062600100088,2021년 6월 26일 07시,토요일,전라남도 완도군 완도읍,경상사고,0,0,2,0,차대차 - 기타,신호위반,건조,맑음,교차로 - 교차로안,승용,여,80세,경상,화물,남,61세,경상
2021062600100098,2021년 6월 26일 08시,토요일,전라남도 여수시 중앙동,경상사고,0,0,1,0,차대사람 - 횡단중,안전운전불이행,건조,맑음,교차로 - 교차로안,승용,여,32세,상해없음,보행자,남,81세,경상
2021062600100128,2021년 6월 26일 09시,토요일,전라남도 무안군 청계면,경상사고,0,0,1,0,차대차 - 기타,안전운전불이행,건조,맑음,단일로 - 기타,화물,남,72세,상해없음,승용,남,64세,경상
2021062600100197,2021년 6월 26일 11시,토요일,전라남도 목포시 상동,경상사고,0,0,1,0,차대차 - 기타,신호위반,건조,맑음,교차로 - 교차로안,승용,남,61세,상해없음,승용,남,55세,경상
2021062600100198,2021년 6월 26일 11시,토요일,전라남도 신안군 임자면,경상사고,0,0,1,0,차대차 - 측면충돌,안전운전불이행,건조,맑음,주차장 - 주차장,승용,여,40세,경상,승용,남,53세,상해없음
2021062600100199,2021년 6월 26일 11시,토요일,전라남도 장성군 장성읍,경상사고,0,0,2,0,차대차 - 측면충돌,신호위반,건조,맑음,단일로 - 기타,승용,남,61세,상해없음,승용,남,62세,경상
2021062600100233,2021년 6월 26일 12시,토요일,전라남도 목포시 명륜동,경상사고,0,0,2,0,차대차 - 측면충돌,신호위반,건조,맑음,교차로 - 교차로안,화물,남,67세,기타불명,승용,여,32세,경상
2021062600100234,2021년 6월 26일 12시,토요일,전라남도 여수시 화양면,중상사고,0,1,0,0,차대차 - 정면충돌,중앙선침범,건조,맑음,교차로 - 교차로부근,승용,남,69세,상해없음,자전거,남,51세,중상
2021062600100235,2021년 6월 26일 12시,토요일,전라남도 광양시 성황동,경상사고,0,0,1,0,차대차 - 추돌,안전거리미확보,건조,맑음,교차로 - 교차로부근,승용,남,64세,기타불명,화물,남,41세,경상
2021062600100273,2021년 6월 26일 13시,토요일,전라남도 여수시 화양면,경상사고,0,0,1,0,차대차 - 측면충돌,안전운전불이행,건조,맑음,단일로 - 기타,농기계,남,77세,상해없음,이륜,남,28세,경상
2021062600100274,2021년 6월 26일 13시,토요일,전라남도 장흥군 대덕읍,중상사고,0,1,1,0,차대차 - 측면충돌,안전운전불이행,건조,맑음,단일로 - 기타,화물,남,61세,상해없음,승용,남,57세,경상
2021062600100275,2021년 6월 26일 13시,토요일,전라남도 고흥군 남양면,경상사고,0,0,2,0,차대차 - 추돌,안전거리미확보,건조,맑음,단일로 - 기타,승용,남,25세,상해없음,승용,남,81세,경상
2021062600100276,2021년 6월 26일 13시,토요일,전라남도 광양시 중동,경상사고,0,0,1,0,차대차 - 측면충돌,안전운전불이행,건조,맑음,교차로 - 교차로안,승용,여,52세,상해없음,승용,남,26세,경상
2021062600100313,2021년 6월 26일 14시,토요일,전라남도 함평군 손불면,중상사고,0,1,0,0,차대사람 - 기타,안전운전불이행,건조,맑음,단일로 - 기타,농기계,남,49세,상해없음,보행자,남,76세,중상
2021062600100314,2021년 6월 26일 14시,토요일,전라남도 광양시 광양읍,경상사고,0,0,1,0,차대차 - 측면충돌,안전운전불이행,건조,맑음,교차로 - 교차로안,승용,남,56세,상해없음,이륜,여,50세,경상
2021062600100346,2021년 6월 26일 15시,토요일,전라남도 담양군 담양읍,중상사고,0,1,4,0,차대차 - 기타,직진우회전진행방해,건조,맑음,교차로 - 교차로안,승용,여,30세,경상,승용,남,30세,경상
2021062600100347,2021년 6월 26일 15시,토요일,전라남도 광양시 옥룡면,경상사고,0,0,1,0,차대사람 - 차도통행중,안전운전불이행,건조,맑음,단일로 - 기타,기타불명,기타불명,미분류,기타불명,보행자,여,78세,경상
2021062600100380,2021년 6월 26일 16시,토요일,전라남도 순천시 연향동,경상사고,0,0,1,0,차대차 - 기타,안전거리미확보,건조,맑음,기타 - 기타,승용,남,45세,상해없음,원동기,남,17세,경상
2021062600100412,2021년 6월 26일 17시,토요일,전라남도 무안군 몽탄면,경상사고,0,0,2,0,차대차 - 기타,안전운전불이행,건조,맑음,교차로 - 교차로안,화물,남,46세,상해없음,화물,여,72세,경상
2021062600100528,2021년 6월 26일 20시,토요일,전라남도 순천시 덕암동,경상사고,0,0,1,0,차대차 - 기타,안전운전불이행,건조,맑음,단일로 - 기타,개인형이동수단(PM),여,18세,상해없음,자전거,여,53세,경상
2021062600100594,2021년 6월 26일 22시,토요일,전라남도 여수시 학동,중상사고,0,1,0,0,차대사람 - 횡단중,안전운전불이행,건조,맑음,교차로 - 교차로부근,승용,남,71세,상해없음,보행자,남,58세,중상
2021062700100013,2021년 6월 27일 00시,일요일,전라남도 여수시 연등동,경상사고,0,0,1,0,차대차 - 추돌,안전운전불이행,건조,맑음,단일로 - 기타,승용,여,51세,상해없음,승용,남,39세,경상
2021062700100014,2021년 6월 27일 00시,일요일,전라남도 나주시 금천면,경상사고,0,0,2,0,차대차 - 추돌,안전운전불이행,건조,맑음,단일로 - 기타,승용,남,27세,상해없음,승용,여,26세,경상
2021062700100061,2021년 6월 27일 05시,일요일,전라남도 영암군 삼호읍,경상사고,0,0,4,0,차대차 - 측면충돌,안전운전불이행,건조,맑음,단일로 - 기타,승용,남,26세,상해없음,승용,남,36세,경상
2021062700100101,2021년 6월 27일 09시,일요일,전라남도 순천시 석현동,경상사고,0,0,4,0,차대차 - 추돌,안전운전불이행,건조,맑음,단일로 - 기타,화물,남,54세,상해없음,승용,남,36세,경상
2021062700100182,2021년 6월 27일 12시,일요일,전라남도 나주시 남평읍,경상사고,0,0,4,1,차대차 - 추돌,안전거리미확보,건조,맑음,교차로 - 교차로부근,화물,남,61세,상해없음,승용,여,50세,경상
2021062700100183,2021년 6월 27일 12시,일요일,전라남도 영암군 학산면,경상사고,0,0,1,0,차량단독 - 공작물충돌,안전운전불이행,건조,맑음,단일로 - 기타,승용,남,54세,경상,,,,
2021062700100184,2021년 6월 27일 12시,일요일,전라남도 구례군 산동면,경상사고,0,0,1,0,차량단독 - 공작물충돌,안전운전불이행,건조,맑음,단일로 - 기타,승용,여,49세,경상,,,,
2021062700100215,2021년 6월 27일 13시,일요일,전라남도 담양군 담양읍,경상사고,0,0,2,0,차대차 - 추돌,안전운전불이행,건조,맑음,단일로 - 기타,승용,남,42세,상해없음,승용,남,52세,경상
2021062700100248,2021년 6월 27일 14시,일요일,전라남도 고흥군 도양읍,경상사고,0,0,2,0,차대차 - 기타,직진우회전진행방해,건조,맑음,교차로 - 교차로안,승용,여,65세,경상,승용,남,36세,경상
2021062700100249,2021년 6월 27일 14시,일요일,전라남도 담양군 담양읍,중상사고,0,1,0,0,차대사람 - 기타,보행자보호의무위반,건조,맑음,교차로 - 교차로안,원동기,남,35세,상해없음,보행자,여,77세,중상
2021062700100305,2021년 6월 27일 16시,일요일,전라남도 광양시 진월면,사망사고,1,0,0,0,차량단독 - 공작물충돌,안전운전불이행,건조,맑음,단일로 - 기타,농기계,남,75세,사망,,,,
2021062700100336,2021년 6월 27일 17시,일요일,전라남도 목포시 옥암동,경상사고,0,0,2,0,차대차 - 추돌,안전운전불이행,건조,맑음,단일로 - 기타,승용,여,68세,상해없음,승용,남,28세,경상
2021062700100381,2021년 6월 27일 18시,일요일,전라남도 화순군 화순읍,중상사고,0,1,9,1,차대차 - 측면충돌,차로위반,건조,맑음,교차로 - 교차로부근,승용,남,62세,경상,승합,남,57세,경상
2021062700100382,2021년 6월 27일 18시,일요일,전라남도 광양시 중동,중상사고,0,1,0,0,차대차 - 기타,기타,건조,맑음,교차로 - 교차로안,승합,남,38세,상해없음,승용,여,23세,중상
2021062700100435,2021년 6월 27일 20시,일요일,전라남도 고흥군 도양읍,중상사고,0,1,0,0,차대사람 - 기타,안전운전불이행,건조,맑음,단일로 - 기타,이륜,남,47세,상해없음,보행자,여,61세,중상
2021062700100462,2021년 6월 27일 21시,일요일,전라남도 광양시 중동,경상사고,0,0,1,0,차대사람 - 횡단중,보행자보호의무위반,건조,맑음,교차로 - 교차로부근,승용,남,51세,상해없음,보행자,여,21세,상해없음
2021062700100501,2021년 6월 27일 23시,일요일,전라남도 보성군 회천면,중상사고,0,1,0,0,차량단독 - 도로외이탈 - 기타,안전운전불이행,건조,맑음,단일로 - 기타,이륜,여,55세,중상,,,,
2021062800100037,2021년 6월 28일 06시,월요일,전라남도 장흥군 장흥읍,경상사고,0,0,1,0,차대차 - 측면충돌,중앙선침범,건조,맑음,교차로 - 교차로부근,승합,남,58세,상해없음,이륜,남,79세,경상
2021062800100059,2021년 6월 28일 07시,월요일,전라남도 완도군 금일읍,경상사고,0,0,1,0,차대차 - 기타,안전운전불이행,건조,맑음,기타 - 기타,화물,여,61세,상해없음,화물,남,72세,경상
2021062800100140,2021년 6월 28일 09시,월요일,전라남도 목포시 연산동,경상사고,0,0,1,0,차대차 - 기타,신호위반,건조,맑음,교차로 - 교차로안,승용,남,76세,상해없음,승용,여,48세,경상
2021062800100141,2021년 6월 28일 09시,월요일,전라남도 장흥군 부산면,경상사고,0,0,1,0,차량단독 - 전도전복 - 전도,안전운전불이행,건조,맑음,단일로 - 기타,화물,남,56세,경상,,,,
2021062800100183,2021년 6월 28일 10시,월요일,전라남도 여수시 교동,중상사고,0,1,0,0,차대사람 - 횡단중,안전운전불이행,건조,맑음,단일로 - 기타,이륜,남,27세,상해없음,보행자,여,82세,중상
2021062800100185,2021년 6월 28일 10시,월요일,전라남도 영암군 영암읍,경상사고,0,0,1,0,차대차 - 추돌,안전운전불이행,건조,맑음,교차로 - 교차로부근,승용,여,49세,상해없음,승용,여,30세,경상
2021062800100210,2021년 6월 28일 11시,월요일,전라남도 여수시 돌산읍,경상사고,0,0,3,0,차대차 - 정면충돌,중앙선침범,건조,맑음,단일로 - 기타,승용,여,63세,경상,승용,남,31세,경상
2021062800100211,2021년 6월 28일 11시,월요일,전라남도 여수시 소라면,중상사고,0,1,1,0,차대차 - 추돌,안전운전불이행,건조,맑음,단일로 - 기타,승용,남,31세,상해없음,승용,여,51세,경상
2021062800100212,2021년 6월 28일 11시,월요일,전라남도 영암군 군서면,중상사고,0,1,0,0,차대사람 - 기타,안전운전불이행,건조,맑음,단일로 - 기타,승용,여,61세,상해없음,보행자,여,72세,중상
2021062800100213,2021년 6월 28일 11시,월요일,전라남도 진도군 고군면,경상사고,0,0,1,0,차대차 - 후진중충돌,안전운전불이행,건조,맑음,단일로 - 기타,승합,남,64세,상해없음,화물,남,35세,경상
2021062800100245,2021년 6월 28일 12시,월요일,전라남도 나주시 산정동,경상사고,0,0,1,0,차대차 - 기타,안전운전불이행,건조,맑음,교차로 - 교차로안,승용,여,38세,상해없음,승합,남,63세,상해없음
2021062800100246,2021년 6월 28일 12시,월요일,전라남도 장흥군 장흥읍,중상사고,0,1,1,0,차대차 - 측면충돌,교차로운행방법위반,건조,맑음,교차로 - 교차로안,승용,여,37세,상해없음,승용,여,62세,중상
2021062800100284,2021년 6월 28일 13시,월요일,전라남도 목포시 죽교동,경상사고,0,0,1,0,차대차 - 측면충돌,안전거리미확보,건조,맑음,단일로 - 기타,승용,남,68세,상해없음,화물,남,59세,경상
2021062800100285,2021년 6월 28일 13시,월요일,전라남도 여수시 국동,중상사고,0,1,2,1,차대차 - 기타,교차로운행방법위반,건조,맑음,교차로 - 교차로안,승용,남,50세,상해없음,승용,남,59세,경상
2021062800100286,2021년 6월 28일 13시,월요일,전라남도 고흥군 포두면,중상사고,0,1,2,0,차대차 - 기타,교차로운행방법위반,건조,맑음,교차로 - 교차로안,승용,여,32세,경상,화물,남,59세,중상
2021062800100287,2021년 6월 28일 13시,월요일,전라남도 완도군 신지면,경상사고,0,0,1,0,차대차 - 측면충돌,안전운전불이행,건조,맑음,단일로 - 기타,승용,여,46세,상해없음,화물,남,55세,경상
2021062800100328,2021년 6월 28일 14시,월요일,전라남도 여수시 신기동,경상사고,0,0,1,0,차대사람 - 기타,안전운전불이행,건조,맑음,단일로 - 기타,승용,남,61세,상해없음,보행자,여,75세,경상
2021062800100329,2021년 6월 28일 14시,월요일,전라남도 여수시 웅천동,경상사고,0,0,1,0,차대사람 - 보도통행중,안전운전불이행,건조,맑음,단일로 - 기타,개인형이동수단(PM),남,23세,상해없음,보행자,여,28세,경상
2021062800100330,2021년 6월 28일 14시,월요일,전라남도 화순군 화순읍,경상사고,0,0,2,0,차대차 - 추돌,안전운전불이행,젖음/습기,흐림,단일로 - 기타,화물,남,49세,상해없음,승용,남,64세,경상
2021062800100367,2021년 6월 28일 15시,월요일,전라남도 나주시 송월동,경상사고,0,0,1,0,차대차 - 추돌,중앙선침범,젖음/습기,비,단일로 - 기타,화물,남,61세,상해없음,승용,남,22세,경상
2021062800100368,2021년 6월 28일 15시,월요일,전라남도 해남군 화산면,경상사고,0,0,1,0,차대차 - 측면충돌,직진우회전진행방해,건조,맑음,교차로 - 교차로안,승용,남,67세,기타불명,승용,남,23세,경상
2021062800100369,2021년 6월 28일 15시,월요일,전라남도 광양시 옥룡면,경상사고,0,0,1,0,차대차 - 기타,교차로운행방법위반,건조,맑음,교차로 - 교차로안,승용,남,66세,기타불명,승용,여,47세,경상
2021062800100370,2021년 6월 28일 15시,월요일,전라남도 광양시 광양읍,중상사고,0,1,0,0,차대사람 - 횡단중,보행자보호의무위반,건조,맑음,단일로 - 기타,승용,여,54세,상해없음,보행자,남,83세,중상
2021062800100417,2021년 6월 28일 16시,월요일,전라남도 목포시 산정동,경상사고,0,0,1,0,차대차 - 기타,안전운전불이행,건조,맑음,단일로 - 기타,승용,여,55세,경상,승용,여,28세,상해없음
2021062800100418,2021년 6월 28일 16시,월요일,전라남도 화순군 화순읍,경상사고,0,0,1,0,차대사람 - 기타,안전운전불이행,젖음/습기,비,단일로 - 기타,승용,남,45세,상해없음,보행자,여,28세,경상
2021062800100453,2021년 6월 28일 17시,월요일,전라남도 목포시 상동,경상사고,0,0,3,0,차대차 - 측면충돌,신호위반,기타,비,교차로 - 교차로안,승용,남,37세,상해없음,승용,남,70세,경상
2021062800100454,2021년 6월 28일 17시,월요일,전라남도 목포시 달동,중상사고,0,3,0,0,차대차 - 기타,안전운전불이행,건조,맑음,단일로 - 기타,승용,남,71세,중상,승용,남,54세,중상
2021062800100455,2021년 6월 28일 17시,월요일,전라남도 영광군 영광읍,경상사고,0,0,1,0,차대사람 - 길가장자리구역통행중,안전운전불이행,건조,맑음,단일로 - 기타,승용,여,69세,기타불명,보행자,남,12세,경상
2021062800100456,2021년 6월 28일 17시,월요일,전라남도 강진군 강진읍,중상사고,0,1,0,0,차대사람 - 횡단중,안전운전불이행,젖음/습기,맑음,교차로 - 교차로안,승합,남,56세,상해없음,보행자,여,70세,중상
2021062800100457,2021년 6월 28일 17시,월요일,전라남도 강진군 성전면,경상사고,0,0,2,0,차량단독 - 공작물충돌,안전운전불이행,젖음/습기,비,단일로 - 기타,승용,여,33세,경상,,,,
2021062800100458,2021년 6월 28일 17시,월요일,전라남도 광양시 중동,경상사고,0,0,2,0,차대차 - 측면충돌,안전운전불이행,건조,맑음,교차로 - 교차로안,승용,여,60세,상해없음,승용,남,22세,경상
2021062800100511,2021년 6월 28일 18시,월요일,전라남도 순천시 해룡면,경상사고,0,0,1,0,차대차 - 기타,신호위반,건조,맑음,단일로 - 기타,승용,남,74세,상해없음,승용,남,65세,경상
2021062800100512,2021년 6월 28일 18시,월요일,전라남도 무안군 운남면,중상사고,0,1,1,0,차대차 - 기타,신호위반,건조,맑음,교차로 - 교차로안,승용,남,49세,경상,화물,남,64세,중상
2021062800100513,2021년 6월 28일 18시,월요일,전라남도 무안군 청계면,경상사고,0,0,1,0,차대차 - 기타,안전운전불이행,건조,맑음,교차로 - 교차로부근,승용,여,59세,상해없음,승용,여,46세,경상
2021062800100514,2021년 6월 28일 18시,월요일,전라남도 무안군 삼향읍,경상사고,0,0,1,0,차대차 - 기타,안전운전불이행,건조,맑음,단일로 - 기타,승용,여,27세,상해없음,승용,여,34세,경상
2021062800100556,2021년 6월 28일 19시,월요일,전라남도 목포시 옥암동,경상사고,0,0,3,0,차대차 - 정면충돌,중앙선침범,건조,맑음,단일로 - 기타,승용,여,39세,상해없음,승용,남,46세,경상
2021062800100557,2021년 6월 28일 19시,월요일,전라남도 목포시 산정동,경상사고,0,0,1,0,차대차 - 기타,안전운전불이행,기타,기타,교차로 - 교차로부근,승용,남,67세,상해없음,화물,남,27세,경상
2021062800100558,2021년 6월 28일 19시,월요일,전라남도 나주시 동강면,중상사고,0,1,0,0,차대차 - 측면충돌,중앙선침범,건조,맑음,교차로 - 교차로안,승용,남,34세,상해없음,화물,남,77세,중상
2021062800100559,2021년 6월 28일 19시,월요일,전라남도 함평군 신광면,중상사고,0,1,0,2,차대차 - 측면충돌,직진우회전진행방해,건조,맑음,교차로 - 교차로안,화물,남,60세,중상,화물,여,50세,부상신고
2021062800100583,2021년 6월 28일 20시,월요일,전라남도 여수시 봉산동,중상사고,0,1,0,0,차대사람 - 횡단중,보행자보호의무위반,건조,맑음,교차로 - 교차로안,승용,여,62세,상해없음,보행자,여,62세,중상
2021062800100584,2021년 6월 28일 20시,월요일,전라남도 해남군 북평면,경상사고,0,0,2,0,차대차 - 정면충돌,안전운전불이행,건조,맑음,교차로 - 교차로안,승용,남,29세,기타불명,승용,여,46세,경상
2021062800100609,2021년 6월 28일 21시,월요일,전라남도 담양군 담양읍,경상사고,0,0,1,0,차대차 - 추돌,안전운전불이행,건조,맑음,교차로 - 교차로안,승용,남,19세,상해없음,승용,여,34세,경상
2021062800100633,2021년 6월 28일 22시,월요일,전라남도 영광군 영광읍,사망사고,1,0,0,0,차대사람 - 차도통행중,안전운전불이행,건조,맑음,단일로 - 기타,승용,남,59세,상해없음,보행자,남,57세,사망
2021062900100004,2021년 6월 29일 00시,화요일,전라남도 장성군 장성읍,경상사고,0,0,7,0,차대차 - 측면충돌,안전운전불이행,건조,맑음,단일로 - 기타,승용,남,35세,상해없음,화물,남,42세,경상
2021062900100017,2021년 6월 29일 02시,화요일,전라남도 순천시 조례동,중상사고,0,1,0,0,차대차 - 측면충돌,안전운전불이행,건조,맑음,단일로 - 기타,승용,남,77세,상해없음,이륜,여,55세,상해없음
2021062900100020,2021년 6월 29일 03시,화요일,전라남도 장성군 황룡면,중상사고,0,1,0,0,차대사람 - 차도통행중,안전운전불이행,건조,맑음,단일로 - 기타,화물,남,22세,상해없음,보행자,남,45세,중상
2021062900100041,2021년 6월 29일 06시,화요일,전라남도 영암군 삼호읍,경상사고,0,0,1,0,차대차 - 측면충돌,안전운전불이행,건조,맑음,교차로 - 교차로부근,승용,남,57세,상해없음,이륜,남,29세,경상
2021062900100060,2021년 6월 29일 07시,화요일,전라남도 영암군 미암면,경상사고,0,0,1,0,차대사람 - 차도통행중,안전운전불이행,건조,맑음,단일로 - 기타,승용,여,74세,상해없음,보행자,여,39세,경상
2021062900100093,2021년 6월 29일 08시,화요일,전라남도 무안군 삼향읍,경상사고,0,0,1,0,차대차 - 측면충돌,안전운전불이행,건조,맑음,교차로 - 교차로횡단보도내,승용,여,44세,상해없음,승용,남,34세,경상
2021062900100094,2021년 6월 29일 08시,화요일,전라남도 광양시 광양읍,경상사고,0,0,3,0,차대차 - 후진중충돌,안전운전불이행,건조,맑음,단일로 - 기타,화물,기타불명,미분류,기타불명,승용,여,37세,경상
2021062900100164,2021년 6월 29일 10시,화요일,전라남도 순천시 남내동,경상사고,0,0,1,0,차대사람 - 차도통행중,안전운전불이행,건조,맑음,단일로 - 기타,화물,남,60세,상해없음,보행자,남,71세,경상
2021062900100199,2021년 6월 29일 11시,화요일,전라남도 담양군 고서면,중상사고,0,1,0,0,차대차 - 측면충돌,안전거리미확보,건조,맑음,단일로 - 기타,이륜,남,79세,중상,승용,여,56세,상해없음
2021062900100223,2021년 6월 29일 12시,화요일,전라남도 목포시 호남동,경상사고,0,0,2,0,차량단독 - 기타,안전운전불이행,건조,맑음,단일로 - 기타,승합,남,50세,상해없음,,,,
2021062900100224,2021년 6월 29일 12시,화요일,전라남도 해남군 해남읍,경상사고,0,0,1,0,차대차 - 측면충돌,기타,건조,맑음,교차로 - 교차로안,승용,여,65세,상해없음,승용,여,48세,경상