사고번호,사고일시,요일,시군구,사고내용,사망자수,중상자수,경상자수,부상신고자수,사고유형,법규위반,노면상태,기상상태,도로형태,가해운전자 차종,가해운전자 성별,가해운전자 연령,가해운전자 상해정도,피해운전자 차종,피해운전자 성별,피해운전자 연령,피해운전자 상해정도
2021070900100148,2021년 7월 9일 10시,금요일,전라남도 함평군 학교면,경상사고,0,0,1,0,차대차 - 측면충돌,교차로운행방법위반,건조,맑음,교차로 - 교차로안,이륜,남,75세,경상,화물,남,53세,상해없음
2021070900100149,2021년 7월 9일 10시,금요일,전라남도 강진군 군동면,중상사고,0,1,1,0,차대차 - 정면충돌,중앙선침범,젖음/습기,흐림,단일로 - 기타,승용,남,62세,경상,승용,남,73세,중상
2021070900100181,2021년 7월 9일 11시,금요일,전라남도 영암군 영암읍,중상사고,0,1,1,0,차대차 - 측면충돌,안전운전불이행,건조,맑음,단일로 - 기타,이륜,남,84세,경상,이륜,남,88세,중상
2021070900100212,2021년 7월 9일 12시,금요일,전라남도 여수시 중앙동,경상사고,0,0,1,0,차대차 - 후진중충돌,안전운전불이행,건조,맑음,주차장 - 주차장,승용,남,82세,상해없음,승용,남,31세,경상
2021070900100242,2021년 7월 9일 13시,금요일,전라남도 해남군 북평면,경상사고,0,0,2,0,차대차 - 측면충돌,중앙선침범,건조,맑음,단일로 - 기타,승용,남,80세,상해없음,승용,여,32세,경상
2021070900100277,2021년 7월 9일 14시,금요일,전라남도 광양시 중동,경상사고,0,0,2,0,차대차 - 측면충돌,교차로운행방법위반,건조,맑음,교차로 - 교차로안,승용,남,26세,경상,승용,남,62세,경상
2021070900100320,2021년 7월 9일 15시,금요일,전라남도 신안군 안좌면,경상사고,0,0,1,0,차대차 - 측면충돌,교차로운행방법위반,건조,맑음,교차로 - 교차로안,화물,남,74세,상해없음,승용,남,70세,경상
2021070900100321,2021년 7월 9일 15시,금요일,전라남도 영광군 군남면,경상사고,0,0,1,0,차대차 - 기타,교차로운행방법위반,건조,맑음,교차로 - 교차로안,승용,남,78세,상해없음,승용,남,55세,상해없음
2021070900100322,2021년 7월 9일 15시,금요일,전라남도 완도군 노화읍,경상사고,0,0,1,0,차대사람 - 기타,안전운전불이행,건조,맑음,단일로 - 기타,승용,남,71세,상해없음,보행자,여,51세,경상
2021070900100361,2021년 7월 9일 16시,금요일,전라남도 목포시 용해동,경상사고,0,0,1,0,차대차 - 기타,안전운전불이행,건조,맑음,교차로 - 교차로안,이륜,남,23세,경상,화물,남,60세,상해없음
2021070900100362,2021년 7월 9일 16시,금요일,전라남도 여수시 국동,경상사고,0,0,1,0,차대차 - 기타,교차로운행방법위반,건조,맑음,교차로 - 교차로안,승용,여,21세,기타불명,승용,남,63세,경상
2021070900100363,2021년 7월 9일 16시,금요일,전라남도 장흥군 관산읍,경상사고,0,0,1,0,차대차 - 기타,안전운전불이행,건조,맑음,단일로 - 기타,기타불명,기타불명,미분류,기타불명,농기계,남,81세,경상
2021070900100410,2021년 7월 9일 17시,금요일,전라남도 화순군 화순읍,경상사고,0,0,1,0,차대차 - 기타,안전거리미확보,건조,맑음,단일로 - 기타,승용,여,47세,상해없음,승용,남,28세,경상
2021070900100411,2021년 7월 9일 17시,금요일,전라남도 강진군 병영면,경상사고,0,0,1,0,차량단독 - 공작물충돌,안전운전불이행,건조,맑음,단일로 - 기타,승용,여,59세,경상,,,,
2021070900100456,2021년 7월 9일 18시,금요일,전라남도 여수시 선원동,경상사고,0,0,1,0,차대사람 - 횡단중,신호위반,건조,맑음,단일로 - 기타,승합,남,61세,상해없음,보행자,여,20세,경상
2021070900100457,2021년 7월 9일 18시,금요일,전라남도 화순군 도곡면,경상사고,0,0,1,0,차량단독 - 공작물충돌,안전운전불이행,건조,맑음,단일로 - 기타,승용,남,60세,경상,,,,
2021070900100542,2021년 7월 9일 20시,금요일,전라남도 순천시 해룡면,경상사고,0,0,1,0,차대차 - 기타,신호위반,건조,맑음,교차로 - 교차로안,승용,남,45세,상해없음,승용,남,21세,경상
2021070900100572,2021년 7월 9일 21시,금요일,전라남도 목포시 용당동,경상사고,0,0,1,0,차대사람 - 기타,안전운전불이행,건조,맑음,단일로 - 기타,기타불명,기타불명,미분류,기타불명,보행자,남,20세,경상
2021070900100573,2021년 7월 9일 21시,금요일,전라남도 구례군 구례읍,경상사고,0,0,1,0,차대차 - 측면충돌,직진우회전진행방해,건조,맑음,교차로 - 교차로안,승용,남,61세,상해없음,승용,여,63세,경상
2021070900100611,2021년 7월 9일 22시,금요일,전라남도 목포시 상동,경상사고,0,0,1,0,차대사람 - 기타,안전운전불이행,건조,맑음,단일로 - 기타,승용,여,21세,상해없음,보행자,여,24세,경상
2021071000100032,2021년 7월 10일 01시,토요일,전라남도 목포시 상동,중상사고,0,1,0,0,차대차 - 정면충돌,안전운전불이행,건조,맑음,교차로 - 교차로안,승용,남,26세,상해없음,승용,남,47세,중상
2021071000100077,2021년 7월 10일 06시,토요일,전라남도 여수시 상암동,경상사고,0,0,1,0,차대차 - 측면충돌,안전운전불이행,건조,맑음,단일로 - 기타,승용,남,36세,상해없음,화물,남,56세,경상
2021071000100087,2021년 7월 10일 07시,토요일,전라남도 여수시 화장동,경상사고,0,0,2,0,차대차 - 추돌,안전운전불이행,건조,맑음,교차로 - 교차로부근,승합,남,20세,상해없음,승용,여,50세,경상
2021071000100107,2021년 7월 10일 08시,토요일,전라남도 해남군 해남읍,중상사고,0,1,1,0,차대차 - 측면충돌,안전운전불이행,건조,맑음,교차로 - 교차로안,승용,남,58세,기타불명,이륜,남,79세,중상
2021071000100137,2021년 7월 10일 09시,토요일,전라남도 장흥군 관산읍,경상사고,0,0,1,0,차대차 - 기타,안전운전불이행,건조,맑음,교차로 - 교차로안,이륜,남,69세,경상,화물,남,36세,상해없음
2021071000100138,2021년 7월 10일 09시,토요일,전라남도 완도군 완도읍,경상사고,0,0,1,0,차대차 - 추돌,안전운전불이행,건조,맑음,단일로 - 기타,승용,남,32세,상해없음,자전거,남,75세,경상
2021071000100340,2021년 7월 10일 14시,토요일,전라남도 목포시 죽교동,경상사고,0,0,1,0,차대차 - 기타,중앙선침범,건조,맑음,단일로 - 기타,승용,남,18세,상해없음,이륜,남,56세,경상
2021071000100370,2021년 7월 10일 15시,토요일,전라남도 목포시 옥암동,경상사고,0,0,2,0,차대차 - 추돌,안전운전불이행,건조,맑음,단일로 - 지하차도(도로)내,승용,여,27세,상해없음,승용,남,37세,경상
2021071000100371,2021년 7월 10일 15시,토요일,전라남도 해남군 옥천면,경상사고,0,0,1,0,차대차 - 추돌,안전운전불이행,건조,맑음,교차로 - 교차로부근,승합,남,54세,상해없음,승용,여,57세,경상
2021071000100413,2021년 7월 10일 16시,토요일,전라남도 순천시 동외동,경상사고,0,0,3,0,차대차 - 기타,차로위반,건조,맑음,단일로 - 기타,승용,남,69세,상해없음,승합,남,39세,경상
2021071000100414,2021년 7월 10일 16시,토요일,전라남도 장흥군 장흥읍,중상사고,0,1,0,0,차량단독 - 공작물충돌,안전운전불이행,건조,맑음,기타 - 기타,승용,여,24세,중상,,,,
2021071000100415,2021년 7월 10일 16시,토요일,전라남도 강진군 강진읍,경상사고,0,0,1,0,차대차 - 측면충돌,교차로운행방법위반,건조,맑음,교차로 - 교차로안,승용,남,72세,상해없음,이륜,남,18세,경상
2021071000100477,2021년 7월 10일 18시,토요일,전라남도 순천시 오천동,경상사고,0,0,3,0,차대차 - 측면충돌,안전운전불이행,건조,맑음,교차로 - 교차로안,승용,남,21세,상해없음,화물,남,65세,상해없음
2021071000100478,2021년 7월 10일 18시,토요일,전라남도 나주시 이창동,경상사고,0,0,3,0,차대차 - 측면충돌,교차로운행방법위반,건조,맑음,교차로 - 교차로안,승용,남,73세,경상,화물,남,64세,경상
2021071000100479,2021년 7월 10일 18시,토요일,전라남도 나주시 성북동,경상사고,0,0,3,0,차대차 - 측면충돌,직진우회전진행방해,건조,맑음,교차로 - 교차로안,승용,남,22세,경상,승용,남,21세,경상
2021071000100480,2021년 7월 10일 18시,토요일,전라남도 보성군 득량면,사망사고,1,0,0,0,차량단독 - 전도전복 - 전도,안전운전불이행,건조,맑음,단일로 - 교량,이륜,남,78세,사망,,,,
2021071000100537,2021년 7월 10일 20시,토요일,전라남도 나주시 왕곡면,사망사고,1,0,0,0,차대사람 - 횡단중,안전운전불이행,건조,맑음,교차로 - 교차로안,승용,남,64세,상해없음,보행자,여,78세,사망
2021071000100561,2021년 7월 10일 21시,토요일,전라남도 목포시 산정동,중상사고,0,1,0,0,차대차 - 추돌,안전운전불이행,건조,맑음,교차로 - 교차로부근,화물,남,37세,중상,화물,남,39세,상해없음
2021071000100587,2021년 7월 10일 22시,토요일,전라남도 목포시 상동,경상사고,0,0,1,0,차대차 - 측면충돌,신호위반,건조,맑음,교차로 - 교차로안,승용,남,59세,상해없음,이륜,남,18세,경상
2021071100100004,2021년 7월 11일 00시,일요일,전라남도 순천시 조곡동,경상사고,0,0,1,0,차대차 - 추돌,안전운전불이행,건조,맑음,교차로 - 교차로안,승용,남,55세,상해없음,승용,남,67세,경상
2021071100100055,2021년 7월 11일 09시,일요일,전라남도 영광군 영광읍,중상사고,0,1,0,0,차대차 - 측면충돌,신호위반,건조,맑음,교차로 - 교차로안,승용,여,41세,상해없음,화물,남,59세,중상
2021071100100072,2021년 7월 11일 10시,일요일,전라남도 함평군 함평읍,경상사고,0,0,1,0,차대사람 - 기타,안전운전불이행,건조,흐림,단일로 - 기타,화물,남,59세,상해없음,보행자,여,72세,경상
2021071100100091,2021년 7월 11일 11시,일요일,전라남도 구례군 산동면,부상신고사고,0,0,0,1,차량단독 - 기타,안전운전불이행,건조,맑음,기타 - 기타,승용,여,58세,부상신고,,,,
2021071100100147,2021년 7월 11일 13시,일요일,전라남도 순천시 왕지동,경상사고,0,0,1,0,차대차 - 측면충돌,안전운전불이행,건조,맑음,단일로 - 기타,승용,남,52세,상해없음,이륜,남,26세,경상
2021071100100148,2021년 7월 11일 13시,일요일,전라남도 순천시 해룡면,경상사고,0,0,1,0,차대차 - 측면충돌,안전운전불이행,건조,맑음,교차로 - 교차로부근,이륜,남,25세,경상,승용,남,45세,상해없음
2021071100100149,2021년 7월 11일 13시,일요일,전라남도 고흥군 고흥읍,중상사고,0,3,2,0,차량단독 - 도로외이탈 - 추락,안전운전불이행,건조,맑음,단일로 - 기타,승용,남,77세,상해없음,,,,
2021071100100150,2021년 7월 11일 13시,일요일,전라남도 무안군 청계면,경상사고,0,0,1,0,차대사람 - 기타,보행자보호의무위반,건조,맑음,교차로 - 교차로안,승용,남,49세,상해없음,보행자,여,22세,경상
2021071100100175,2021년 7월 11일 14시,일요일,전라남도 나주시 산정동,중상사고,0,1,1,0,차대차 - 정면충돌,중앙선침범,건조,맑음,교차로 - 교차로안,승합,남,48세,상해없음,승용,남,61세,중상
2021071100100303,2021년 7월 11일 18시,일요일,전라남도 여수시 신기동,경상사고,0,0,1,0,차대차 - 측면충돌,교차로운행방법위반,건조,맑음,교차로 - 교차로안,승용,여,56세,상해없음,이륜,남,35세,경상
2021071100100350,2021년 7월 11일 20시,일요일,전라남도 목포시 죽교동,경상사고,0,0,1,0,차대차 - 측면충돌,안전운전불이행,건조,맑음,단일로 - 기타,승용,남,19세,상해없음,이륜,남,28세,경상
2021071100100394,2021년 7월 11일 22시,일요일,전라남도 나주시 산포면,중상사고,0,1,0,0,차대사람 - 횡단중,안전운전불이행,건조,맑음,단일로 - 기타,승용,남,28세,상해없음,보행자,남,72세,중상
2021071200100045,2021년 7월 12일 07시,월요일,전라남도 목포시 산정동,중상사고,0,1,0,0,차대차 - 측면충돌,안전운전불이행,건조,맑음,교차로 - 교차로부근,승용,남,49세,기타불명,자전거,남,70세,중상
2021071200100046,2021년 7월 12일 07시,월요일,전라남도 무안군 무안읍,경상사고,0,0,2,0,차대차 - 측면충돌,안전운전불이행,건조,맑음,교차로 - 교차로안,승용,남,70세,상해없음,화물,남,49세,경상
2021071200100047,2021년 7월 12일 07시,월요일,전라남도 광양시 광영동,경상사고,0,0,1,0,차대차 - 기타,안전거리미확보,건조,맑음,기타 - 기타,특수,남,58세,상해없음,승용,여,73세,경상
2021071200100073,2021년 7월 12일 08시,월요일,전라남도 순천시 용당동,경상사고,0,0,2,0,차대차 - 기타,안전거리미확보,건조,맑음,기타 - 기타,승용,남,67세,상해없음,승용,남,82세,경상
2021071200100074,2021년 7월 12일 08시,월요일,전라남도 순천시 용당동,부상신고사고,0,0,0,1,차대차 - 추돌,안전운전불이행,건조,맑음,단일로 - 기타,승용,여,41세,상해없음,승용,여,56세,부상신고
2021071200100075,2021년 7월 12일 08시,월요일,전라남도 강진군 강진읍,경상사고,0,0,4,1,차대차 - 측면충돌,안전운전불이행,건조,맑음,교차로 - 교차로안,승용,여,59세,상해없음,승용,남,45세,부상신고
2021071200100076,2021년 7월 12일 08시,월요일,전라남도 완도군 신지면,경상사고,0,0,2,0,차대차 - 측면충돌,안전운전불이행,건조,맑음,교차로 - 교차로안,승용,남,70세,상해없음,화물,남,53세,경상
2021071200100102,2021년 7월 12일 09시,월요일,전라남도 여수시 남산동,경상사고,0,0,1,0,차대사람 - 기타,안전운전불이행,건조,맑음,단일로 - 기타,승용,여,50세,상해없음,보행자,남,79세,경상
2021071200100103,2021년 7월 12일 09시,월요일,전라남도 무안군 무안읍,경상사고,0,0,3,0,차대차 - 정면충돌,신호위반,건조,맑음,교차로 - 교차로안,화물,여,58세,경상,승용,남,74세,경상
2021071200100129,2021년 7월 12일 10시,월요일,전라남도 여수시 공화동,중상사고,0,2,0,0,차대사람 - 횡단중,보행자보호의무위반,건조,맑음,교차로 - 교차로안,승합,남,61세,상해없음,보행자,남,72세,중상
2021071200100130,2021년 7월 12일 10시,월요일,전라남도 보성군 벌교읍,경상사고,0,0,1,0,차대차 - 측면충돌,중앙선침범,건조,맑음,단일로 - 기타,화물,남,66세,상해없음,이륜,남,95세,경상
2021071200100131,2021년 7월 12일 10시,월요일,전라남도 광양시 중동,중상사고,0,1,0,0,차대사람 - 차도통행중,안전운전불이행,건조,맑음,교차로 - 교차로안,개인형이동수단(PM),남,23세,상해없음,보행자,여,61세,중상
2021071200100198,2021년 7월 12일 12시,월요일,전라남도 장흥군 회진면,중상사고,0,1,0,0,차대차 - 측면충돌,안전운전불이행,건조,맑음,단일로 - 기타,승용,여,53세,상해없음,이륜,남,73세,중상
2021071200100199,2021년 7월 12일 12시,월요일,전라남도 완도군 소안면,경상사고,0,0,1,0,차량단독 - 기타,안전운전불이행,건조,맑음,단일로 - 기타,화물,남,71세,경상,,,,
2021071200100234,2021년 7월 12일 13시,월요일,전라남도 함평군 대동면,중상사고,0,1,2,0,차대차 - 측면충돌,안전운전불이행,건조,맑음,단일로 - 기타,승용,여,59세,상해없음,건설기계,남,47세,경상
2021071200100235,2021년 7월 12일 13시,월요일,전라남도 장성군 삼계면,중상사고,0,1,0,0,차대차 - 기타,직진우회전진행방해,건조,맑음,교차로 - 교차로부근,화물,남,54세,상해없음,원동기,남,84세,중상
2021071200100271,2021년 7월 12일 14시,월요일,전라남도 순천시 남정동,중상사고,0,1,0,0,차대차 - 측면충돌,중앙선침범,건조,맑음,단일로 - 기타,화물,남,56세,상해없음,자전거,남,67세,중상
2021071200100272,2021년 7월 12일 14시,월요일,전라남도 순천시 서면,경상사고,0,0,1,0,차대차 - 기타,차로위반,건조,맑음,기타 - 기타,승용,남,72세,상해없음,승용,여,52세,경상
2021071200100273,2021년 7월 12일 14시,월요일,전라남도 장성군 삼계면,중상사고,0,1,0,0,차대사람 - 차도통행중,안전운전불이행,건조,맑음,단일로 - 기타,화물,남,66세,상해없음,보행자,여,83세,중상
2021071200100304,2021년 7월 12일 15시,월요일,전라남도 여수시 선원동,경상사고,0,0,3,0,차대차 - 측면충돌,안전운전불이행,건조,맑음,교차로 - 교차로안,승용,여,41세,경상,승용,남,41세,경상
2021071200100305,2021년 7월 12일 15시,월요일,전라남도 여수시 봉산동,경상사고,0,0,2,0,차대차 - 측면충돌,안전거리미확보,건조,맑음,단일로 - 기타,승용,여,33세,상해없음,승용,여,56세,경상
2021071200100359,2021년 7월 12일 16시,월요일,전라남도 해남군 송지면,경상사고,0,0,2,0,차대차 - 기타,교차로운행방법위반,건조,맑음,교차로 - 교차로안,승용,여,51세,경상,화물,남,64세,경상
2021071200100360,2021년 7월 12일 16시,월요일,전라남도 영광군 대마면,경상사고,0,0,1,0,차대차 - 측면충돌,직진우회전진행방해,건조,맑음,교차로 - 교차로안,승용,여,63세,경상,화물,남,60세,상해없음
2021071200100414,2021년 7월 12일 17시,월요일,전라남도 나주시 대호동,경상사고,0,0,1,0,차대사람 - 횡단중,신호위반,건조,맑음,교차로 - 교차로안,화물,남,58세,상해없음,보행자,여,22세,경상
2021071200100415,2021년 7월 12일 17시,월요일,전라남도 광양시 중동,경상사고,0,0,1,0,차대차 - 기타,중앙선침범,건조,맑음,교차로 - 교차로안,승용,남,58세,상해없음,승용,남,37세,경상
2021071200100453,2021년 7월 12일 18시,월요일,전라남도 여수시 덕충동,중상사고,0,1,0,0,차량단독 - 전도전복 - 전도,안전운전불이행,건조,맑음,단일로 - 기타,이륜,남,66세,중상,,,,
2021071200100487,2021년 7월 12일 19시,월요일,전라남도 여수시 여서동,경상사고,0,0,1,0,차대차 - 측면충돌,교차로운행방법위반,건조,맑음,교차로 - 교차로안,승용,남,54세,상해없음,승합,남,60세,경상
2021071200100511,2021년 7월 12일 20시,월요일,전라남도 영암군 삼호읍,경상사고,0,0,1,0,차대차 - 측면충돌,안전운전불이행,건조,맑음,단일로 - 기타,이륜,남,28세,경상,승용,남,26세,상해없음
2021071200100512,2021년 7월 12일 20시,월요일,전라남도 순천시 주암면,경상사고,0,0,2,0,차대차 - 기타,안전거리미확보,건조,맑음,단일로 - 기타,승용,남,34세,상해없음,승합,남,48세,상해없음
2021071200100535,2021년 7월 12일 21시,월요일,전라남도 목포시 상동,경상사고,0,0,1,0,차대차 - 후진중충돌,안전운전불이행,건조,맑음,단일로 - 기타,승용,여,69세,상해없음,승용,남,25세,경상
2021071200100536,2021년 7월 12일 21시,월요일,전라남도 나주시 남평읍,중상사고,0,1,1,0,차대차 - 측면충돌,중앙선침범,건조,맑음,교차로 - 교차로부근,승용,여,69세,경상,승용,남,37세,중상
2021071200100537,2021년 7월 12일 21시,월요일,전라남도 광양시 광양읍,부상신고사고,0,0,0,1,차대사람 - 기타,안전운전불이행,건조,맑음,단일로 - 기타,승용,여,27세,상해없음,보행자,남,61세,부상신고
2021071200100559,2021년 7월 12일 22시,월요일,전라남도 여수시 봉계동,경상사고,0,0,1,0,차대차 - 기타,신호위반,건조,맑음,교차로 - 교차로안,승용,남,31세,상해없음,승용,여,55세,경상
2021071200100560,2021년 7월 12일 22시,월요일,전라남도 화순군 화순읍,중상사고,0,1,0,0,차대사람 - 보도통행중,신호위반,건조,맑음,교차로 - 교차로횡단보도내,이륜,남,16세,상해없음,보행자,여,48세,중상
2021071300100027,2021년 7월 13일 04시,화요일,전라남도 광양시 광양읍,중상사고,0,5,0,0,차대차 - 정면충돌,중앙선침범,건조,맑음,단일로 - 기타,승용,남,28세,중상,승용,남,61세,중상
2021071300100036,2021년 7월 13일 05시,화요일,전라남도 장흥군 관산읍,경상사고,0,0,1,0,차량단독 - 도로외이탈 - 추락,안전운전불이행,건조,맑음,교차로 - 교차로부근,승용,여,58세,경상,,,,
2021071300100037,2021년 7월 13일 05시,화요일,전라남도 광양시 중동,경상사고,0,0,1,0,차대차 - 측면충돌,신호위반,건조,맑음,교차로 - 교차로안,승용,남,52세,상해없음,승용,여,47세,경상
2021071300100071,2021년 7월 13일 07시,화요일,전라남도 목포시 용해동,경상사고,0,0,1,0,차대차 - 기타,안전운전불이행,건조,맑음,단일로 - 기타,승용,남,51세,상해없음,자전거,남,23세,경상
2021071300100111,2021년 7월 13일 08시,화요일,전라남도 여수시 신기동,경상사고,0,0,1,0,차대차 - 측면충돌,교차로운행방법위반,건조,맑음,교차로 - 교차로안,승합,남,73세,상해없음,승용,여,51세,경상
2021071300100112,2021년 7월 13일 08시,화요일,전라남도 고흥군 도덕면,중상사고,0,1,2,0,차대차 - 추돌,안전운전불이행,건조,맑음,단일로 - 기타,화물,남,47세,경상,화물,남,73세,경상
2021071300100144,2021년 7월 13일 09시,화요일,전라남도 여수시 학동,경상사고,0,0,2,0,차대차 - 측면충돌,안전거리미확보,건조,맑음,교차로 - 교차로안,화물,남,47세,상해없음,승합,남,53세,상해없음
2021071300100177,2021년 7월 13일 10시,화요일,전라남도 신안군 암태면,경상사고,0,0,2,0,차대차 - 기타,중앙선침범,건조,맑음,단일로 - 기타,건설기계,남,47세,상해없음,특수,남,35세,경상
2021071300100210,2021년 7월 13일 11시,화요일,전라남도 여수시 신월동,부상신고사고,0,0,0,1,차대사람 - 횡단중,안전운전불이행,건조,맑음,교차로 - 교차로안,화물,남,67세,상해없음,보행자,남,79세,부상신고
2021071300100211,2021년 7월 13일 11시,화요일,전라남도 나주시 봉황면,부상신고사고,0,0,0,1,차량단독 - 기타,안전운전불이행,건조,맑음,단일로 - 기타,승합,남,46세,상해없음,,,,
2021071300100239,2021년 7월 13일 12시,화요일,전라남도 화순군 화순읍,경상사고,0,0,1,0,차대사람 - 길가장자리구역통행중,안전운전불이행,건조,맑음,기타 - 기타,승용,남,45세,상해없음,보행자,남,64세,경상
2021071300100240,2021년 7월 13일 12시,화요일,전라남도 강진군 강진읍,경상사고,0,0,2,0,차대차 - 측면충돌,직진우회전진행방해,건조,맑음,교차로 - 교차로안,승용,남,76세,경상,승용,남,26세,경상
2021071300100271,2021년 7월 13일 13시,화요일,전라남도 순천시 남정동,경상사고,0,0,1,0,차대차 - 기타,안전운전불이행,건조,맑음,단일로 - 기타,승용,남,54세,상해없음,이륜,남,51세,경상
2021071300100272,2021년 7월 13일 13시,화요일,전라남도 장흥군 관산읍,경상사고,0,0,2,0,차량단독 - 도로외이탈 - 추락,안전운전불이행,건조,맑음,단일로 - 기타,승용,남,18세,경상,,,,
2021071300100357,2021년 7월 13일 15시,화요일,전라남도 화순군 화순읍,경상사고,0,0,1,0,차대차 - 측면충돌,차로위반,건조,맑음,단일로 - 기타,화물,남,54세,상해없음,이륜,남,20세,경상
2021071300100358,2021년 7월 13일 15시,화요일,전라남도 진도군 군내면,경상사고,0,0,1,0,차대차 - 추돌,안전거리미확보,건조,맑음,단일로 - 기타,화물,남,23세,상해없음,화물,남,61세,경상
2021071300100396,2021년 7월 13일 16시,화요일,전라남도 목포시 상동,경상사고,0,0,1,0,차대차 - 기타,안전운전불이행,건조,맑음,단일로 - 기타,승용,여,60세,상해없음,이륜,남,34세,경상
2021071300100397,2021년 7월 13일 16시,화요일,전라남도 목포시 상동,경상사고,0,0,1,0,차대차 - 기타,안전운전불이행,건조,맑음,단일로 - 기타,승용,여,48세,경상,승용,남,40세,상해없음
2021071300100398,2021년 7월 13일 16시,화요일,전라남도 보성군 복내면,중상사고,0,1,0,0,차대차 - 기타,기타,건조,맑음,단일로 - 기타,특수,남,33세,상해없음,자전거,남,83세,중상
2021071300100505,2021년 7월 13일 18시,화요일,전라남도 구례군 구례읍,경상사고,0,0,2,0,차대차 - 추돌,안전운전불이행,건조,맑음,교차로 - 교차로안,화물,남,55세,상해없음,승용,남,67세,경상
2021071300100537,2021년 7월 13일 19시,화요일,전라남도 해남군 북일면,중상사고,0,1,0,0,차량단독 - 전도전복 - 전도,안전운전불이행,건조,흐림,단일로 - 기타,이륜,남,72세,중상,,,,
2021071300100595,2021년 7월 13일 21시,화요일,전라남도 목포시 산정동,경상사고,0,0,1,0,차대사람 - 차도통행중,안전운전불이행,건조,맑음,교차로 - 교차로부근,승용,남,60세,상해없음,보행자,남,35세,경상
2021071300100596,2021년 7월 13일 21시,화요일,전라남도 목포시 용해동,경상사고,0,0,5,0,차대차 - 추돌,안전운전불이행,건조,맑음,단일로 - 기타,승용,남,36세,상해없음,승용,남,48세,경상
2021071300100597,2021년 7월 13일 21시,화요일,전라남도 담양군 고서면,사망사고,1,0,0,0,차량단독 - 기타,안전운전불이행,건조,맑음,단일로 - 기타,이륜,남,49세,사망,,,,
2021071300100622,2021년 7월 13일 22시,화요일,전라남도 광양시 중동,경상사고,0,0,3,0,차대차 - 측면충돌,안전운전불이행,건조,맑음,교차로 - 교차로안,승용,남,21세,경상,승용,남,44세,경상
2021071300100637,2021년 7월 13일 23시,화요일,전라남도 광양시 중동,부상신고사고,0,0,0,1,차대차 - 측면충돌,신호위반,건조,맑음,교차로 - 교차로안,이륜,남,28세,부상신고,승용,남,36세,상해없음
2021071300100638,2021년 7월 13일 23시,화요일,전라남도 담양군 무정면,중상사고,0,6,0,0,차대차 - 정면충돌,안전운전불이행,건조,맑음,단일로 - 기타,승용,남,60세,중상,승용,여,24세,중상
2021071300100639,2021년 7월 13일 23시,화요일,전라남도 담양군 무정면,중상사고,0,2,0,0,차대차 - 추돌,안전운전불이행,건조,맑음,단일로 - 기타,화물,남,42세,중상,화물,남,42세,중상
2021071400100006,2021년 7월 14일 00시,수요일,전라남도 목포시 옥암동,경상사고,0,0,2,0,차대차 - 추돌,안전운전불이행,건조,맑음,단일로 - 기타,화물,남,59세,상해없음,승용,남,58세,경상
2021071400100033,2021년 7월 14일 04시,수요일,전라남도 여수시 학동,경상사고,0,0,1,0,차대차 - 측면충돌,교차로운행방법위반,건조,맑음,단일로 - 기타,화물,남,52세,상해없음,승용,남,61세,경상
2021071400100034,2021년 7월 14일 04시,수요일,전라남도 고흥군 포두면,사망사고,1,0,0,0,차대차 - 추돌,안전운전불이행,젖음/습기,흐림,단일로 - 기타,승용,남,54세,상해없음,농기계,남,71세,사망
2021071400100056,2021년 7월 14일 06시,수요일,전라남도 고흥군 두원면,경상사고,0,0,1,0,차대차 - 기타,안전운전불이행,건조,맑음,단일로 - 기타,이륜,남,73세,경상,화물,남,59세,상해없음
2021071400100101,2021년 7월 14일 08시,수요일,전라남도 순천시 왕지동,경상사고,0,0,1,0,차대사람 - 횡단중,보행자보호의무위반,건조,맑음,교차로 - 교차로횡단보도내,승용,남,24세,상해없음,보행자,여,44세,경상
2021071400100133,2021년 7월 14일 09시,수요일,전라남도 목포시 옥암동,경상사고,0,0,2,0,차대차 - 기타,신호위반,건조,맑음,교차로 - 교차로안,승용,여,44세,경상,승용,남,39세,경상
2021071400100183,2021년 7월 14일 11시,수요일,전라남도 순천시 서면,경상사고,0,0,1,0,차대차 - 기타,안전운전불이행,건조,맑음,교차로 - 교차로안,자전거,남,62세,경상,화물,남,54세,상해없음
2021071400100287,2021년 7월 14일 14시,수요일,전라남도 무안군 해제면,부상신고사고,0,0,0,1,차량단독 - 기타,안전운전불이행,건조,맑음,단일로 - 기타,이륜,남,76세,부상신고,,,,
2021071400100288,2021년 7월 14일 14시,수요일,전라남도 무안군 삼향읍,경상사고,0,0,1,0,차대차 - 기타,안전운전불이행,건조,맑음,단일로 - 기타,화물,남,65세,상해없음,승용,여,56세,상해없음
2021071400100361,2021년 7월 14일 16시,수요일,전라남도 장성군 서삼면,경상사고,0,0,1,0,차대차 - 측면충돌,안전운전불이행,건조,맑음,단일로 - 기타,농기계,남,67세,경상,건설기계,남,54세,상해없음
2021071400100462,2021년 7월 14일 18시,수요일,전라남도 목포시 산정동,중상사고,0,1,0,0,차대사람 - 횡단중,보행자보호의무위반,건조,맑음,교차로 - 교차로횡단보도내,이륜,남,17세,상해없음,보행자,여,21세,중상
2021071400100463,2021년 7월 14일 18시,수요일,전라남도 여수시 국동,중상사고,0,1,0,0,차량단독 - 기타,안전운전불이행,건조,맑음,단일로 - 기타,이륜,남,48세,중상,,,,