사고번호,사고일시,요일,시군구,사고내용,사망자수,중상자수,경상자수,부상신고자수,사고유형,법규위반,노면상태,기상상태,도로형태,가해운전자 차종,가해운전자 성별,가해운전자 연령,가해운전자 상해정도,피해운전자 차종,피해운전자 성별,피해운전자 연령,피해운전자 상해정도
2021071400100464,2021년 7월 14일 18시,수요일,전라남도 함평군 함평읍,경상사고,0,0,2,1,차대차 - 정면충돌,중앙선침범,건조,맑음,단일로 - 기타,승용,여,44세,부상신고,승합,남,62세,경상
2021071400100465,2021년 7월 14일 18시,수요일,전라남도 구례군 광의면,경상사고,0,0,1,0,차대차 - 추돌,안전운전불이행,건조,맑음,단일로 - 기타,화물,남,72세,상해없음,화물,남,58세,상해없음
2021071400100574,2021년 7월 14일 21시,수요일,전라남도 순천시 조례동,중상사고,0,1,4,0,차대차 - 추돌,안전운전불이행,건조,맑음,교차로 - 교차로부근,승용,남,28세,상해없음,승용,남,60세,경상
2021071400100575,2021년 7월 14일 21시,수요일,전라남도 강진군 강진읍,중상사고,0,1,0,0,차대사람 - 횡단중,보행자보호의무위반,건조,맑음,교차로 - 교차로횡단보도내,승용,남,69세,상해없음,보행자,여,60세,중상
2021071400100576,2021년 7월 14일 21시,수요일,전라남도 광양시 광양읍,경상사고,0,0,1,0,차대사람 - 기타,안전운전불이행,건조,맑음,교차로 - 교차로부근,승용,남,62세,상해없음,보행자,남,65세,경상
2021071400100599,2021년 7월 14일 22시,수요일,전라남도 여수시 여서동,경상사고,0,0,1,0,차대차 - 기타,신호위반,건조,맑음,교차로 - 교차로안,승용,남,50세,상해없음,이륜,남,40세,경상
2021071500100015,2021년 7월 15일 01시,목요일,전라남도 함평군 함평읍,경상사고,0,0,1,0,차량단독 - 도로외이탈 - 기타,안전운전불이행,건조,맑음,단일로 - 기타,승용,남,46세,경상,,,,
2021071500100016,2021년 7월 15일 01시,목요일,전라남도 광양시 중동,경상사고,0,0,1,0,차대차 - 측면충돌,안전운전불이행,건조,맑음,단일로 - 기타,승용,남,37세,경상,승용,남,54세,상해없음
2021071500100025,2021년 7월 15일 03시,목요일,전라남도 장성군 삼계면,중상사고,0,1,2,0,차량단독 - 공작물충돌,안전운전불이행,건조,맑음,단일로 - 기타,승용,여,23세,경상,,,,
2021071500100047,2021년 7월 15일 06시,목요일,전라남도 곡성군 옥과면,경상사고,0,0,3,0,차대차 - 추돌,안전운전불이행,건조,맑음,단일로 - 기타,승용,남,49세,상해없음,농기계,남,60세,경상
2021071500100065,2021년 7월 15일 07시,목요일,전라남도 완도군 노화읍,경상사고,0,0,1,0,차대차 - 기타,안전운전불이행,건조,맑음,교차로 - 교차로안,화물,남,68세,상해없음,이륜,남,83세,경상
2021071500100095,2021년 7월 15일 08시,목요일,전라남도 순천시 조례동,경상사고,0,0,1,0,차대차 - 측면충돌,안전운전불이행,건조,맑음,교차로 - 교차로안,승용,남,78세,상해없음,승용,여,30세,경상
2021071500100096,2021년 7월 15일 08시,목요일,전라남도 장성군 남면,중상사고,0,1,1,0,차대차 - 측면충돌,신호위반,건조,맑음,교차로 - 교차로안,화물,남,72세,경상,승용,남,41세,중상
2021071500100097,2021년 7월 15일 08시,목요일,전라남도 무안군 삼향읍,경상사고,0,0,4,0,차대차 - 추돌,안전운전불이행,건조,맑음,단일로 - 기타,승용,여,24세,경상,승용,여,29세,경상
2021071500100136,2021년 7월 15일 09시,목요일,전라남도 목포시 산정동,경상사고,0,0,1,0,차대차 - 기타,안전운전불이행,건조,맑음,교차로 - 교차로안,승용,남,34세,상해없음,승용,여,53세,경상
2021071500100137,2021년 7월 15일 09시,목요일,전라남도 순천시 대룡동,경상사고,0,0,3,0,차대차 - 측면충돌,기타,건조,맑음,교차로 - 교차로안,승용,남,74세,기타불명,승용,남,29세,경상
2021071500100138,2021년 7월 15일 09시,목요일,전라남도 화순군 화순읍,중상사고,0,1,6,0,차대차 - 정면충돌,직진우회전진행방해,건조,맑음,교차로 - 교차로안,화물,남,38세,경상,승합,남,24세,경상
2021071500100169,2021년 7월 15일 10시,목요일,전라남도 목포시 호남동,사망사고,1,0,0,0,차대차 - 기타,안전운전불이행,건조,맑음,교차로 - 교차로안,승용,남,75세,상해없음,자전거,남,86세,사망
2021071500100170,2021년 7월 15일 10시,목요일,전라남도 장흥군 장흥읍,경상사고,0,0,2,0,차대차 - 추돌,교차로운행방법위반,건조,맑음,교차로 - 교차로안,승용,여,60세,경상,화물,여,70세,경상
2021071500100171,2021년 7월 15일 10시,목요일,전라남도 고흥군 도양읍,중상사고,0,1,1,0,차대차 - 측면충돌,신호위반,건조,맑음,교차로 - 교차로안,이륜,남,87세,경상,승용,남,66세,중상
2021071500100172,2021년 7월 15일 10시,목요일,전라남도 담양군 담양읍,중상사고,0,1,1,0,차대차 - 기타,안전운전불이행,건조,맑음,교차로 - 교차로부근,승용,여,64세,상해없음,이륜,남,74세,경상
2021071500100195,2021년 7월 15일 11시,목요일,전라남도 고흥군 대서면,경상사고,0,0,1,0,차대차 - 측면충돌,안전운전불이행,건조,맑음,단일로 - 기타,승용,남,61세,상해없음,이륜,남,77세,경상
2021071500100196,2021년 7월 15일 11시,목요일,전라남도 영광군 영광읍,경상사고,0,0,1,0,차대차 - 측면충돌,신호위반,건조,맑음,교차로 - 교차로안,승용,남,72세,상해없음,화물,남,38세,경상
2021071500100197,2021년 7월 15일 11시,목요일,전라남도 완도군 신지면,경상사고,0,0,1,0,차대차 - 측면충돌,기타,건조,맑음,교차로 - 교차로안,승용,남,63세,상해없음,승용,남,45세,경상
2021071500100316,2021년 7월 15일 14시,목요일,전라남도 광양시 중동,경상사고,0,0,1,0,차대차 - 측면충돌,교차로운행방법위반,건조,맑음,교차로 - 교차로안,승용,여,59세,기타불명,승용,여,35세,경상
2021071500100348,2021년 7월 15일 15시,목요일,전라남도 여수시 학동,중상사고,0,2,5,0,차대차 - 측면충돌,안전운전불이행,건조,맑음,교차로 - 교차로부근,건설기계,남,62세,중상,승용,여,41세,경상
2021071500100377,2021년 7월 15일 16시,목요일,전라남도 나주시 안창동,경상사고,0,0,1,0,차대차 - 측면충돌,직진우회전진행방해,건조,맑음,교차로 - 교차로안,승합,남,71세,상해없음,승용,남,43세,경상
2021071500100476,2021년 7월 15일 18시,목요일,전라남도 순천시 오천동,경상사고,0,0,1,0,차대차 - 추돌,안전거리미확보,건조,맑음,단일로 - 기타,승용,남,32세,상해없음,승용,남,34세,경상
2021071500100477,2021년 7월 15일 18시,목요일,전라남도 해남군 화원면,중상사고,0,1,0,0,차대차 - 측면충돌,신호위반,건조,맑음,교차로 - 교차로안,승용,남,53세,상해없음,화물,여,61세,중상
2021071500100478,2021년 7월 15일 18시,목요일,전라남도 무안군 삼향읍,경상사고,0,0,1,0,차대차 - 추돌,안전운전불이행,건조,맑음,교차로 - 교차로부근,승용,남,21세,상해없음,승용,여,37세,경상
2021071500100479,2021년 7월 15일 18시,목요일,전라남도 구례군 구례읍,경상사고,0,0,1,0,차대차 - 측면충돌,직진우회전진행방해,건조,맑음,교차로 - 교차로안,승용,여,62세,상해없음,승용,여,69세,경상
2021071500100516,2021년 7월 15일 19시,목요일,전라남도 목포시 상동,경상사고,0,0,1,0,차대차 - 기타,안전운전불이행,건조,맑음,교차로 - 교차로안,승용,남,39세,상해없음,이륜,남,20세,경상
2021071500100517,2021년 7월 15일 19시,목요일,전라남도 목포시 상동,경상사고,0,0,1,0,차대차 - 후진중충돌,안전운전불이행,건조,맑음,교차로 - 교차로안,승용,남,65세,상해없음,승용,남,27세,경상
2021071500100596,2021년 7월 15일 22시,목요일,전라남도 목포시 옥암동,경상사고,0,0,1,0,차대차 - 기타,신호위반,건조,맑음,교차로 - 교차로안,승용,여,48세,상해없음,이륜,남,45세,경상
2021071500100610,2021년 7월 15일 23시,목요일,전라남도 담양군 고서면,중상사고,0,1,0,0,차대사람 - 길가장자리구역통행중,안전운전불이행,건조,맑음,단일로 - 기타,승용,여,51세,상해없음,보행자,남,70세,중상
2021071600100010,2021년 7월 16일 00시,금요일,전라남도 여수시 문수동,경상사고,0,0,1,0,차대차 - 추돌,안전운전불이행,건조,맑음,교차로 - 교차로부근,승용,남,48세,상해없음,승용,남,24세,경상
2021071600100029,2021년 7월 16일 05시,금요일,전라남도 영암군 미암면,경상사고,0,0,1,0,차대차 - 추돌,안전운전불이행,젖음/습기,비,단일로 - 기타,화물,남,62세,상해없음,승용,남,62세,경상
2021071600100055,2021년 7월 16일 07시,금요일,전라남도 여수시 학동,경상사고,0,0,1,0,차대차 - 측면충돌,차로위반,건조,맑음,교차로 - 교차로안,승용,남,67세,상해없음,승용,여,30세,경상
2021071600100083,2021년 7월 16일 08시,금요일,전라남도 여수시 연등동,중상사고,0,1,0,0,차대차 - 추돌,안전거리미확보,건조,맑음,단일로 - 기타,이륜,남,17세,중상,승용,남,44세,상해없음
2021071600100084,2021년 7월 16일 08시,금요일,전라남도 여수시 여서동,경상사고,0,0,1,0,차대사람 - 횡단중,보행자보호의무위반,건조,맑음,단일로 - 기타,승용,남,76세,상해없음,보행자,여,20세,경상
2021071600100085,2021년 7월 16일 08시,금요일,전라남도 해남군 해남읍,중상사고,0,1,0,0,차대차 - 정면충돌,중앙선침범,건조,맑음,단일로 - 기타,승용,여,50세,기타불명,이륜,남,40세,중상
2021071600100086,2021년 7월 16일 08시,금요일,전라남도 화순군 이양면,경상사고,0,0,4,0,차대차 - 측면충돌,직진우회전진행방해,건조,맑음,교차로 - 교차로안,승용,여,36세,경상,승합,남,35세,경상
2021071600100087,2021년 7월 16일 08시,금요일,전라남도 구례군 간전면,중상사고,0,1,0,0,차대차 - 측면충돌,안전운전불이행,건조,맑음,단일로 - 기타,승용,여,56세,상해없음,이륜,남,76세,중상
2021071600100124,2021년 7월 16일 09시,금요일,전라남도 신안군 지도읍,경상사고,0,0,1,0,차대차 - 기타,중앙선침범,건조,맑음,단일로 - 기타,화물,남,75세,상해없음,화물,남,74세,상해없음
2021071600100125,2021년 7월 16일 09시,금요일,전라남도 영암군 군서면,경상사고,0,0,2,0,차대차 - 측면충돌,안전운전불이행,건조,맑음,교차로 - 교차로안,사륜오토바이(ATV),여,72세,경상,승용,남,59세,경상
2021071600100159,2021년 7월 16일 10시,금요일,전라남도 화순군 이양면,경상사고,0,0,1,0,차대차 - 기타,중앙선침범,건조,맑음,단일로 - 기타,승용,남,66세,상해없음,승용,남,36세,경상
2021071600100194,2021년 7월 16일 11시,금요일,전라남도 목포시 옥암동,경상사고,0,0,1,0,차대차 - 기타,중앙선침범,건조,맑음,단일로 - 기타,승용,남,31세,상해없음,승용,여,45세,경상
2021071600100195,2021년 7월 16일 11시,금요일,전라남도 영암군 삼호읍,중상사고,0,1,0,0,차대차 - 정면충돌,안전운전불이행,건조,맑음,단일로 - 기타,이륜,남,79세,중상,승용,남,58세,상해없음
2021071600100196,2021년 7월 16일 11시,금요일,전라남도 곡성군 겸면,경상사고,0,0,4,0,차대차 - 정면충돌,안전운전불이행,건조,맑음,교차로 - 교차로안,승용,남,69세,경상,화물,남,73세,경상
2021071600100234,2021년 7월 16일 12시,금요일,전라남도 여수시 돌산읍,중상사고,0,1,0,0,차대사람 - 길가장자리구역통행중,안전운전불이행,건조,맑음,단일로 - 기타,화물,남,39세,상해없음,보행자,여,86세,중상
2021071600100235,2021년 7월 16일 12시,금요일,전라남도 고흥군 두원면,중상사고,0,1,0,0,차대차 - 기타,차로위반,건조,맑음,단일로 - 기타,승용,여,60세,상해없음,승용,여,66세,중상
2021071600100236,2021년 7월 16일 12시,금요일,전라남도 영광군 영광읍,경상사고,0,0,1,0,차대사람 - 횡단중,보행자보호의무위반,건조,맑음,단일로 - 기타,승용,남,74세,상해없음,보행자,여,17세,경상
2021071600100237,2021년 7월 16일 12시,금요일,전라남도 곡성군 입면,중상사고,0,1,0,0,차대차 - 추돌,직진우회전진행방해,건조,맑음,교차로 - 교차로안,승용,남,50세,상해없음,이륜,남,61세,중상
2021071600100238,2021년 7월 16일 12시,금요일,전라남도 광양시 중동,경상사고,0,0,1,0,차대차 - 기타,안전운전불이행,건조,맑음,단일로 - 기타,승합,남,52세,상해없음,승용,남,33세,상해없음
2021071600100277,2021년 7월 16일 13시,금요일,전라남도 광양시 중동,경상사고,0,0,4,0,차대차 - 측면충돌,안전거리미확보,건조,맑음,기타 - 기타,이륜,남,21세,경상,승용,여,20세,경상
2021071600100310,2021년 7월 16일 14시,금요일,전라남도 고흥군 도덕면,경상사고,0,0,2,0,차대차 - 측면충돌,기타,건조,맑음,교차로 - 교차로안,승용,남,48세,경상,화물,남,76세,경상
2021071600100311,2021년 7월 16일 14시,금요일,전라남도 완도군 청산면,경상사고,0,0,2,0,차대차 - 측면충돌,안전운전불이행,건조,맑음,단일로 - 기타,승용,여,59세,상해없음,승용,남,59세,경상
2021071600100341,2021년 7월 16일 15시,금요일,전라남도 강진군 성전면,경상사고,0,0,1,0,차대차 - 기타,안전거리미확보,건조,맑음,단일로 - 기타,이륜,남,86세,경상,승합,남,38세,상해없음
2021071600100378,2021년 7월 16일 16시,금요일,전라남도 순천시 해룡면,중상사고,0,1,0,0,차대차 - 측면충돌,안전운전불이행,건조,흐림,단일로 - 기타,승용,남,70세,상해없음,승용,남,23세,중상
2021071600100379,2021년 7월 16일 16시,금요일,전라남도 순천시 오천동,경상사고,0,0,1,0,차대사람 - 보도통행중,보행자보호의무위반,젖음/습기,비,교차로 - 교차로안,승용,남,58세,상해없음,보행자,남,7세,경상
2021071600100427,2021년 7월 16일 17시,금요일,전라남도 나주시 남평읍,경상사고,0,0,1,0,차대차 - 기타,기타,젖음/습기,비,단일로 - 기타,승용,여,21세,상해없음,승용,여,44세,경상
2021071600100428,2021년 7월 16일 17시,금요일,전라남도 장흥군 안양면,경상사고,0,0,1,0,차량단독 - 전도전복 - 전도,안전운전불이행,건조,맑음,단일로 - 기타,승용,여,69세,기타불명,,,,
2021071600100429,2021년 7월 16일 17시,금요일,전라남도 광양시 중동,경상사고,0,0,2,0,차대차 - 추돌,안전운전불이행,건조,맑음,교차로 - 교차로안,승용,여,41세,상해없음,승용,여,43세,경상
2021071600100480,2021년 7월 16일 18시,금요일,전라남도 목포시 산정동,경상사고,0,0,1,0,차대사람 - 기타,안전운전불이행,젖음/습기,비,단일로 - 기타,이륜,남,32세,기타불명,보행자,여,21세,경상
2021071600100481,2021년 7월 16일 18시,금요일,전라남도 화순군 이양면,중상사고,0,1,1,0,차대차 - 추돌,안전운전불이행,젖음/습기,비,단일로 - 기타,특수,남,34세,상해없음,승용,남,42세,중상
2021071600100482,2021년 7월 16일 18시,금요일,전라남도 함평군 함평읍,중상사고,0,1,0,0,차대차 - 측면충돌,교차로운행방법위반,젖음/습기,비,교차로 - 교차로안,이륜,남,56세,중상,화물,남,43세,상해없음
2021071600100483,2021년 7월 16일 18시,금요일,전라남도 영암군 신북면,경상사고,0,0,3,0,차대차 - 추돌,안전운전불이행,젖음/습기,비,교차로 - 교차로부근,승용,남,20세,상해없음,승용,여,28세,경상
2021071600100484,2021년 7월 16일 18시,금요일,전라남도 강진군 군동면,경상사고,0,0,1,0,차대차 - 추돌,안전운전불이행,젖음/습기,비,단일로 - 기타,승용,남,62세,상해없음,승용,남,29세,경상
2021071600100584,2021년 7월 16일 20시,금요일,전라남도 영광군 영광읍,경상사고,0,0,2,0,차대차 - 추돌,안전운전불이행,건조,맑음,단일로 - 기타,화물,남,73세,상해없음,승용,여,48세,경상
2021071600100585,2021년 7월 16일 20시,금요일,전라남도 광양시 다압면,사망사고,1,0,0,0,차량단독 - 공작물충돌,안전운전불이행,젖음/습기,맑음,단일로 - 기타,승용,남,60세,사망,,,,
2021071600100627,2021년 7월 16일 21시,금요일,전라남도 목포시 옥암동,경상사고,0,0,1,0,차대차 - 추돌,안전운전불이행,건조,흐림,단일로 - 기타,승합,남,16세,상해없음,승용,남,29세,경상
2021071600100684,2021년 7월 16일 23시,금요일,전라남도 목포시 용당동,경상사고,0,0,1,0,차대차 - 기타,안전운전불이행,젖음/습기,비,단일로 - 기타,승용,여,54세,상해없음,승용,여,45세,경상
2021071600100685,2021년 7월 16일 23시,금요일,전라남도 순천시 연향동,경상사고,0,0,3,0,차대차 - 측면충돌,교차로운행방법위반,건조,맑음,교차로 - 교차로안,승용,여,23세,상해없음,승용,남,21세,경상
2021071700100005,2021년 7월 17일 00시,토요일,전라남도 목포시 상동,중상사고,0,1,0,0,차대사람 - 기타,안전운전불이행,건조,맑음,단일로 - 기타,승용,남,35세,상해없음,보행자,여,68세,중상
2021071700100006,2021년 7월 17일 00시,토요일,전라남도 순천시 서면,경상사고,0,0,2,0,차대차 - 기타,안전운전불이행,건조,맑음,교차로 - 교차로안,승용,남,23세,상해없음,승용,여,34세,경상
2021071700100036,2021년 7월 17일 04시,토요일,전라남도 순천시 왕지동,경상사고,0,0,2,0,차대차 - 기타,교차로운행방법위반,건조,기타,교차로 - 교차로안,이륜,여,37세,경상,승용,남,61세,경상
2021071700100043,2021년 7월 17일 05시,토요일,전라남도 해남군 황산면,중상사고,0,1,0,0,차대사람 - 차도통행중,안전운전불이행,젖음/습기,흐림,교차로 - 교차로부근,이륜,남,70세,기타불명,보행자,남,82세,중상
2021071700100057,2021년 7월 17일 06시,토요일,전라남도 목포시 상동,경상사고,0,0,2,0,차대차 - 측면충돌,안전운전불이행,건조,맑음,단일로 - 기타,승용,남,64세,경상,화물,남,48세,경상
2021071700100092,2021년 7월 17일 08시,토요일,전라남도 목포시 용해동,경상사고,0,0,1,0,차대차 - 측면충돌,안전거리미확보,건조,맑음,단일로 - 기타,승용,남,76세,기타불명,화물,남,34세,경상
2021071700100119,2021년 7월 17일 09시,토요일,전라남도 고흥군 도양읍,경상사고,0,0,1,0,차대차 - 추돌,교차로운행방법위반,건조,맑음,교차로 - 교차로부근,원동기,남,84세,경상,승용,남,57세,상해없음
2021071700100120,2021년 7월 17일 09시,토요일,전라남도 화순군 춘양면,경상사고,0,0,2,0,차대차 - 추돌,안전거리미확보,건조,맑음,단일로 - 기타,승용,여,73세,상해없음,승용,남,25세,경상
2021071700100121,2021년 7월 17일 09시,토요일,전라남도 담양군 담양읍,부상신고사고,0,0,0,1,차대차 - 측면충돌,직진우회전진행방해,건조,맑음,교차로 - 교차로안,자전거,남,97세,부상신고,승용,여,46세,상해없음
2021071700100149,2021년 7월 17일 10시,토요일,전라남도 함평군 함평읍,중상사고,0,1,0,0,차대사람 - 길가장자리구역통행중,중앙선침범,건조,맑음,교차로 - 교차로부근,승합,여,58세,상해없음,보행자,여,79세,중상
2021071700100150,2021년 7월 17일 10시,토요일,전라남도 곡성군 곡성읍,중상사고,0,1,0,0,차량단독 - 도로외이탈 - 추락,안전운전불이행,건조,맑음,단일로 - 기타,농기계,남,75세,중상,,,,
2021071700100151,2021년 7월 17일 10시,토요일,전라남도 무안군 일로읍,중상사고,0,1,2,0,차대차 - 기타,신호위반,건조,맑음,교차로 - 교차로안,승용,남,47세,경상,승용,남,64세,경상
2021071700100232,2021년 7월 17일 12시,토요일,전라남도 목포시 옥암동,경상사고,0,0,2,0,차대차 - 기타,안전운전불이행,건조,맑음,교차로 - 교차로안,승용,남,28세,경상,승용,남,58세,경상
2021071700100233,2021년 7월 17일 12시,토요일,전라남도 순천시 남정동,경상사고,0,0,1,0,차대차 - 측면충돌,직진우회전진행방해,건조,맑음,교차로 - 교차로안,화물,남,23세,상해없음,승용,남,68세,상해없음
2021071700100312,2021년 7월 17일 14시,토요일,전라남도 신안군 팔금면,경상사고,0,0,2,0,차대차 - 기타,중앙선침범,건조,맑음,단일로 - 기타,승용,여,62세,상해없음,승용,남,41세,경상
2021071700100313,2021년 7월 17일 14시,토요일,전라남도 여수시 국동,경상사고,0,0,4,0,차대차 - 정면충돌,신호위반,건조,맑음,교차로 - 교차로안,승용,남,61세,상해없음,승용,여,26세,경상
2021071700100314,2021년 7월 17일 14시,토요일,전라남도 여수시 미평동,경상사고,0,0,6,0,차대차 - 측면충돌,안전운전불이행,건조,맑음,교차로 - 교차로부근,승합,남,63세,상해없음,승용,남,26세,경상
2021071700100315,2021년 7월 17일 14시,토요일,전라남도 화순군 백아면,경상사고,0,0,1,0,차대차 - 측면충돌,안전거리미확보,건조,맑음,단일로 - 기타,화물,남,39세,상해없음,농기계,남,77세,경상
2021071700100316,2021년 7월 17일 14시,토요일,전라남도 화순군 화순읍,경상사고,0,0,1,0,차대차 - 측면충돌,직진우회전진행방해,건조,맑음,교차로 - 교차로안,승용,남,24세,기타불명,이륜,남,21세,경상
2021071700100317,2021년 7월 17일 14시,토요일,전라남도 광양시 광양읍,경상사고,0,0,1,0,차대차 - 후진중충돌,안전운전불이행,건조,맑음,단일로 - 기타,승용,남,53세,상해없음,승용,남,28세,경상
2021071700100351,2021년 7월 17일 15시,토요일,전라남도 광양시 광영동,중상사고,0,2,1,0,차대차 - 기타,교차로운행방법위반,건조,맑음,교차로 - 교차로안,승용,여,57세,경상,이륜,남,41세,중상
2021071700100387,2021년 7월 17일 16시,토요일,전라남도 여수시 학동,중상사고,0,1,0,0,차대차 - 측면충돌,안전운전불이행,건조,맑음,교차로 - 교차로안,승용,남,57세,상해없음,이륜,남,41세,중상
2021071700100388,2021년 7월 17일 16시,토요일,전라남도 담양군 무정면,경상사고,0,0,1,0,차대차 - 측면충돌,안전운전불이행,건조,맑음,교차로 - 교차로안,화물,남,64세,상해없음,승용,남,62세,경상
2021071700100459,2021년 7월 17일 18시,토요일,전라남도 목포시 옥암동,경상사고,0,0,1,0,차대차 - 측면충돌,안전운전불이행,건조,맑음,교차로 - 교차로부근,승용,여,31세,상해없음,승용,남,52세,경상
2021071700100460,2021년 7월 17일 18시,토요일,전라남도 무안군 삼향읍,경상사고,0,0,1,0,차대차 - 측면충돌,안전운전불이행,건조,맑음,교차로 - 교차로부근,승용,여,28세,상해없음,승용,여,37세,경상
2021071700100491,2021년 7월 17일 19시,토요일,전라남도 목포시 산정동,경상사고,0,0,1,0,차대차 - 기타,안전운전불이행,건조,맑음,교차로 - 교차로안,승용,남,64세,상해없음,이륜,남,18세,경상
2021071700100492,2021년 7월 17일 19시,토요일,전라남도 목포시 산정동,경상사고,0,0,3,0,차대차 - 기타,신호위반,젖음/습기,흐림,교차로 - 교차로부근,원동기,남,18세,상해없음,승용,남,22세,경상
2021071700100493,2021년 7월 17일 19시,토요일,전라남도 여수시 고소동,경상사고,0,0,1,0,차대차 - 기타,안전운전불이행,건조,맑음,교차로 - 교차로부근,화물,남,65세,상해없음,승용,남,31세,경상
2021071700100558,2021년 7월 17일 21시,토요일,전라남도 여수시 봉강동,경상사고,0,0,1,0,차대차 - 측면충돌,안전거리미확보,건조,맑음,단일로 - 기타,승용,남,55세,상해없음,이륜,남,44세,경상
2021071700100559,2021년 7월 17일 21시,토요일,전라남도 순천시 조례동,경상사고,0,0,1,0,차대차 - 측면충돌,안전거리미확보,건조,맑음,단일로 - 기타,승용,여,54세,상해없음,승용,남,55세,상해없음
2021071700100560,2021년 7월 17일 21시,토요일,전라남도 곡성군 오산면,경상사고,0,0,3,1,차대차 - 측면충돌,교차로운행방법위반,건조,맑음,교차로 - 교차로안,승용,남,41세,부상신고,승용,남,51세,경상
2021071700100618,2021년 7월 17일 23시,토요일,전라남도 목포시 석현동,경상사고,0,0,1,0,차대차 - 기타,안전운전불이행,건조,맑음,단일로 - 기타,승용,남,47세,상해없음,이륜,남,20세,경상
2021071800100029,2021년 7월 18일 02시,일요일,전라남도 장성군 북일면,경상사고,0,0,1,0,차량단독 - 전도전복 - 전도,안전운전불이행,건조,맑음,교차로 - 교차로부근,승용,남,27세,경상,,,,
2021071800100039,2021년 7월 18일 05시,일요일,전라남도 강진군 군동면,경상사고,0,0,1,0,차대차 - 측면충돌,안전운전불이행,젖음/습기,비,단일로 - 기타,승용,남,75세,상해없음,승용,여,69세,경상
2021071800100057,2021년 7월 18일 08시,일요일,전라남도 여수시 오림동,경상사고,0,0,1,0,차대차 - 측면충돌,신호위반,건조,맑음,교차로 - 교차로안,화물,남,59세,상해없음,승합,남,60세,경상
2021071800100080,2021년 7월 18일 10시,일요일,전라남도 화순군 화순읍,경상사고,0,0,1,0,차대차 - 측면충돌,신호위반,건조,맑음,교차로 - 교차로안,화물,남,52세,상해없음,화물,남,58세,경상
2021071800100099,2021년 7월 18일 11시,일요일,전라남도 목포시 용당동,경상사고,0,0,1,0,차대차 - 추돌,안전운전불이행,건조,맑음,단일로 - 기타,승용,남,51세,상해없음,승용,여,51세,경상
2021071800100135,2021년 7월 18일 12시,일요일,전라남도 영암군 삼호읍,경상사고,0,0,2,0,차대차 - 측면충돌,중앙선침범,건조,맑음,단일로 - 기타,승용,여,46세,상해없음,승용,여,50세,경상
2021071800100164,2021년 7월 18일 13시,일요일,전라남도 여수시 교동,경상사고,0,0,1,1,차대차 - 측면충돌,안전운전불이행,건조,맑음,단일로 - 기타,자전거,남,79세,경상,이륜,남,22세,부상신고
2021071800100202,2021년 7월 18일 14시,일요일,전라남도 광양시 중동,중상사고,0,1,0,0,차대차 - 기타,안전운전불이행,건조,맑음,주차장 - 주차장,승용,남,62세,중상,승용,남,58세,상해없음
2021071800100266,2021년 7월 18일 16시,일요일,전라남도 목포시 해안동1가,경상사고,0,0,1,0,차대차 - 측면충돌,직진우회전진행방해,건조,흐림,교차로 - 교차로안,승용,남,73세,기타불명,승용,남,41세,경상
2021071800100292,2021년 7월 18일 17시,일요일,전라남도 목포시 상동,경상사고,0,0,2,0,차대차 - 추돌,안전운전불이행,건조,맑음,단일로 - 기타,승용,남,31세,상해없음,승용,여,48세,경상
2021071800100319,2021년 7월 18일 18시,일요일,전라남도 목포시 상동,중상사고,0,1,0,0,차대사람 - 기타,안전운전불이행,건조,맑음,단일로 - 기타,승용,여,50세,상해없음,보행자,남,6세,중상
2021071800100347,2021년 7월 18일 19시,일요일,전라남도 진도군 고군면,중상사고,0,1,0,0,차대차 - 측면충돌,안전운전불이행,건조,맑음,교차로 - 교차로안,화물,남,37세,상해없음,승용,남,70세,상해없음
2021071800100371,2021년 7월 18일 20시,일요일,전라남도 여수시 오림동,중상사고,0,1,0,0,차대차 - 기타,신호위반,젖음/습기,흐림,교차로 - 교차로안,승용,남,62세,상해없음,개인형이동수단(PM),남,30세,중상
2021071800100372,2021년 7월 18일 20시,일요일,전라남도 순천시 연향동,경상사고,0,0,1,0,차대차 - 기타,직진우회전진행방해,건조,맑음,교차로 - 교차로안,이륜,남,47세,상해없음,이륜,남,23세,경상
2021071800100408,2021년 7월 18일 21시,일요일,전라남도 광양시 광양읍,경상사고,0,0,1,0,차대차 - 기타,안전운전불이행,건조,맑음,교차로 - 교차로부근,이륜,남,41세,상해없음,자전거,여,22세,경상
2021071900100043,2021년 7월 19일 06시,월요일,전라남도 목포시 상동,부상신고사고,0,0,0,1,차량단독 - 기타,안전운전불이행,젖음/습기,맑음,주차장 - 주차장,자전거,여,37세,부상신고,,,,
2021071900100044,2021년 7월 19일 06시,월요일,전라남도 여수시 신기동,중상사고,0,1,0,0,차대사람 - 차도통행중,안전운전불이행,건조,맑음,교차로 - 교차로안,승용,남,37세,상해없음,보행자,남,75세,중상
2021071900100097,2021년 7월 19일 08시,월요일,전라남도 강진군 성전면,중상사고,0,31,10,0,차대차 - 측면충돌,신호위반,건조,맑음,교차로 - 교차로안,화물,남,87세,경상,승합,남,58세,경상
2021071900100129,2021년 7월 19일 09시,월요일,전라남도 영암군 시종면,중상사고,0,1,0,0,차대사람 - 횡단중,안전운전불이행,건조,맑음,단일로 - 기타,승용,여,52세,상해없음,보행자,여,79세,중상