사고번호,사고일시,요일,시군구,사고내용,사망자수,중상자수,경상자수,부상신고자수,사고유형,법규위반,노면상태,기상상태,도로형태,가해운전자 차종,가해운전자 성별,가해운전자 연령,가해운전자 상해정도,피해운전자 차종,피해운전자 성별,피해운전자 연령,피해운전자 상해정도
2021072400100247,2021년 7월 24일 13시,토요일,전라남도 여수시 소라면,경상사고,0,0,1,0,차대차 - 측면충돌,차로위반,건조,맑음,단일로 - 기타,승용,남,53세,상해없음,승용,남,41세,경상
2021072400100296,2021년 7월 24일 14시,토요일,전라남도 순천시 동외동,경상사고,0,0,1,0,차대차 - 추돌,안전운전불이행,건조,맑음,단일로 - 기타,화물,여,63세,상해없음,승용,남,35세,경상
2021072400100366,2021년 7월 24일 16시,토요일,전라남도 여수시 율촌면,경상사고,0,0,1,0,차대차 - 측면충돌,안전거리미확보,건조,맑음,단일로 - 기타,승용,남,31세,상해없음,승용,남,50세,경상
2021072400100367,2021년 7월 24일 16시,토요일,전라남도 순천시 조례동,경상사고,0,0,1,0,차대차 - 기타,안전운전불이행,건조,맑음,기타 - 기타,승용,남,59세,상해없음,승용,여,43세,기타불명
2021072400100368,2021년 7월 24일 16시,토요일,전라남도 고흥군 과역면,중상사고,0,1,0,0,차량단독 - 전도전복 - 전도,기타,건조,맑음,단일로 - 기타,이륜,남,71세,중상,,,,
2021072400100401,2021년 7월 24일 17시,토요일,전라남도 목포시 상동,경상사고,0,0,3,0,차대차 - 측면충돌,신호위반,건조,맑음,교차로 - 교차로안,승용,남,47세,상해없음,승용,남,51세,경상
2021072400100402,2021년 7월 24일 17시,토요일,전라남도 장흥군 장흥읍,경상사고,0,0,1,0,차대차 - 측면충돌,직진우회전진행방해,건조,맑음,교차로 - 교차로안,승용,남,43세,기타불명,특수,남,65세,경상
2021072400100447,2021년 7월 24일 18시,토요일,전라남도 목포시 상동,경상사고,0,0,1,0,차대차 - 측면충돌,기타,건조,맑음,교차로 - 교차로안,승용,남,43세,상해없음,승용,남,28세,경상
2021072400100448,2021년 7월 24일 18시,토요일,전라남도 순천시 조곡동,경상사고,0,0,1,0,차대차 - 측면충돌,안전운전불이행,건조,맑음,교차로 - 교차로안,이륜,남,59세,경상,승용,남,54세,상해없음
2021072400100507,2021년 7월 24일 20시,토요일,전라남도 고흥군 고흥읍,중상사고,0,1,1,0,차대차 - 측면충돌,기타,건조,맑음,교차로 - 교차로안,승용,남,49세,상해없음,이륜,남,34세,중상
2021072400100540,2021년 7월 24일 21시,토요일,전라남도 목포시 용당동,경상사고,0,0,1,0,차대사람 - 기타,안전운전불이행,건조,맑음,단일로 - 기타,기타불명,기타불명,미분류,기타불명,보행자,남,47세,경상
2021072400100583,2021년 7월 24일 23시,토요일,전라남도 여수시 웅천동,경상사고,0,0,3,0,차대차 - 측면충돌,안전운전불이행,건조,맑음,교차로 - 교차로부근,승용,남,18세,상해없음,승용,남,48세,경상
2021072500100014,2021년 7월 25일 01시,일요일,전라남도 목포시 연산동,경상사고,0,0,2,0,차대차 - 추돌,안전운전불이행,건조,흐림,교차로 - 교차로횡단보도내,승용,남,56세,상해없음,승용,남,22세,경상
2021072500100042,2021년 7월 25일 06시,일요일,전라남도 목포시 산정동,경상사고,0,0,1,0,차대사람 - 기타,안전운전불이행,건조,맑음,기타 - 기타,화물,남,36세,상해없음,보행자,여,77세,경상
2021072500100043,2021년 7월 25일 06시,일요일,전라남도 순천시 조곡동,경상사고,0,0,1,0,차대차 - 기타,기타,건조,맑음,단일로 - 기타,승용,남,64세,상해없음,승용,여,56세,경상
2021072500100083,2021년 7월 25일 10시,일요일,전라남도 여수시 돌산읍,경상사고,0,0,1,0,차대차 - 측면충돌,중앙선침범,건조,맑음,단일로 - 기타,승용,남,64세,상해없음,승용,남,66세,경상
2021072500100128,2021년 7월 25일 12시,일요일,전라남도 목포시 대성동,경상사고,0,0,3,0,차대차 - 기타,직진우회전진행방해,건조,맑음,교차로 - 교차로안,승용,남,55세,경상,승용,남,36세,경상
2021072500100171,2021년 7월 25일 13시,일요일,전라남도 목포시 옥암동,중상사고,0,1,1,0,차대사람 - 횡단중,보행자보호의무위반,건조,맑음,단일로 - 기타,이륜,남,53세,경상,보행자,남,7세,중상
2021072500100197,2021년 7월 25일 14시,일요일,전라남도 화순군 능주면,경상사고,0,0,1,0,차대차 - 측면충돌,차로위반,건조,맑음,단일로 - 기타,승용,여,22세,상해없음,이륜,남,46세,경상
2021072500100299,2021년 7월 25일 17시,일요일,전라남도 해남군 해남읍,경상사고,0,0,2,0,차대차 - 측면충돌,직진우회전진행방해,건조,맑음,교차로 - 교차로안,이륜,남,16세,경상,이륜,남,18세,경상
2021072500100333,2021년 7월 25일 18시,일요일,전라남도 순천시 서면,중상사고,0,1,0,0,차량단독 - 기타,안전운전불이행,건조,맑음,단일로 - 기타,승용,여,72세,중상,,,,
2021072600100026,2021년 7월 26일 05시,월요일,전라남도 목포시 산정동,경상사고,0,0,1,0,차대차 - 기타,안전운전불이행,건조,맑음,교차로 - 교차로안,자전거,남,74세,경상,승용,남,73세,상해없음
2021072600100054,2021년 7월 26일 07시,월요일,전라남도 화순군 화순읍,경상사고,0,0,1,0,차대차 - 추돌,안전거리미확보,건조,맑음,교차로 - 교차로부근,승용,남,69세,상해없음,승용,여,58세,경상
2021072600100121,2021년 7월 26일 09시,월요일,전라남도 순천시 조례동,경상사고,0,0,2,0,차대차 - 측면충돌,직진우회전진행방해,건조,맑음,교차로 - 교차로안,승용,여,49세,경상,승용,남,71세,경상
2021072600100122,2021년 7월 26일 09시,월요일,전라남도 고흥군 고흥읍,경상사고,0,0,3,0,차대차 - 측면충돌,기타,건조,맑음,교차로 - 교차로안,승용,여,56세,경상,승용,여,40세,경상
2021072600100166,2021년 7월 26일 10시,월요일,전라남도 신안군 비금면,중상사고,0,1,0,0,차대차 - 기타,중앙선침범,건조,맑음,단일로 - 기타,화물,남,44세,상해없음,이륜,여,74세,중상
2021072600100167,2021년 7월 26일 10시,월요일,전라남도 신안군 지도읍,경상사고,0,0,2,0,차대차 - 기타,안전운전불이행,건조,맑음,교차로 - 교차로안,화물,여,50세,상해없음,승합,남,67세,경상
2021072600100168,2021년 7월 26일 10시,월요일,전라남도 순천시 조곡동,경상사고,0,0,1,0,차대사람 - 기타,안전운전불이행,건조,맑음,단일로 - 기타,화물,남,60세,상해없음,보행자,남,47세,경상
2021072600100169,2021년 7월 26일 10시,월요일,전라남도 영광군 영광읍,부상신고사고,0,0,0,1,차대사람 - 기타,안전운전불이행,건조,맑음,단일로 - 기타,승용,여,31세,상해없음,보행자,남,55세,부상신고
2021072600100170,2021년 7월 26일 10시,월요일,전라남도 담양군 대전면,경상사고,0,0,2,0,차대차 - 기타,안전운전불이행,건조,맑음,단일로 - 기타,화물,남,49세,상해없음,승용,남,26세,경상
2021072600100207,2021년 7월 26일 11시,월요일,전라남도 목포시 용해동,경상사고,0,0,3,0,차대차 - 기타,안전운전불이행,건조,맑음,기타 - 기타,승용,여,63세,경상,승용,남,71세,경상
2021072600100208,2021년 7월 26일 11시,월요일,전라남도 보성군 미력면,경상사고,0,0,1,0,차대차 - 측면충돌,신호위반,건조,맑음,교차로 - 교차로안,화물,남,64세,상해없음,승용,남,53세,경상
2021072600100256,2021년 7월 26일 12시,월요일,전라남도 순천시 풍덕동,경상사고,0,0,1,0,차대차 - 측면충돌,안전운전불이행,건조,맑음,단일로 - 기타,승용,남,59세,상해없음,승용,여,44세,경상
2021072600100257,2021년 7월 26일 12시,월요일,전라남도 구례군 구례읍,경상사고,0,0,1,0,차량단독 - 기타,안전운전불이행,건조,맑음,단일로 - 기타,승합,여,51세,경상,,,,
2021072600100258,2021년 7월 26일 12시,월요일,전라남도 구례군 구례읍,중상사고,0,1,0,0,차대차 - 기타,직진우회전진행방해,건조,맑음,교차로 - 교차로안,이륜,여,73세,중상,화물,남,52세,상해없음
2021072600100294,2021년 7월 26일 13시,월요일,전라남도 순천시 덕월동,경상사고,0,0,1,0,차대차 - 추돌,안전운전불이행,건조,맑음,교차로 - 교차로부근,화물,남,65세,상해없음,승용,남,70세,경상
2021072600100295,2021년 7월 26일 13시,월요일,전라남도 순천시 덕암동,중상사고,0,1,0,0,차대사람 - 기타,보행자보호의무위반,기타,맑음,기타 - 기타,승합,남,63세,상해없음,보행자,여,55세,중상
2021072600100335,2021년 7월 26일 14시,월요일,전라남도 순천시 조례동,경상사고,0,0,2,0,차대차 - 기타,직진우회전진행방해,건조,맑음,교차로 - 교차로안,승용,남,51세,경상,승용,남,46세,경상
2021072600100336,2021년 7월 26일 14시,월요일,전라남도 나주시 송월동,중상사고,0,2,0,0,차대차 - 측면충돌,안전운전불이행,건조,맑음,교차로 - 교차로부근,승용,여,34세,기타불명,승용,여,33세,중상
2021072600100337,2021년 7월 26일 14시,월요일,전라남도 장흥군 장흥읍,중상사고,0,1,0,0,차대사람 - 기타,안전운전불이행,건조,맑음,기타 - 기타,화물,남,57세,상해없음,보행자,남,62세,중상
2021072600100338,2021년 7월 26일 14시,월요일,전라남도 곡성군 겸면,중상사고,0,1,0,0,차대사람 - 기타,안전운전불이행,건조,맑음,주차장 - 주차장,화물,남,62세,상해없음,보행자,여,77세,중상
2021072600100369,2021년 7월 26일 15시,월요일,전라남도 순천시 연향동,중상사고,0,1,0,0,차대차 - 기타,중앙선침범,건조,맑음,교차로 - 교차로부근,이륜,남,49세,중상,승용,남,59세,상해없음
2021072600100370,2021년 7월 26일 15시,월요일,전라남도 영광군 영광읍,경상사고,0,0,1,0,차대사람 - 차도통행중,안전운전불이행,건조,맑음,단일로 - 기타,건설기계,남,43세,상해없음,보행자,남,56세,경상
2021072600100371,2021년 7월 26일 15시,월요일,전라남도 진도군 진도읍,경상사고,0,0,1,0,차대차 - 기타,안전운전불이행,건조,맑음,단일로 - 기타,이륜,남,70세,경상,화물,남,57세,상해없음
2021072600100396,2021년 7월 26일 16시,월요일,전라남도 고흥군 고흥읍,중상사고,0,1,0,0,차대사람 - 기타,안전운전불이행,건조,맑음,단일로 - 기타,승용,남,85세,상해없음,보행자,남,54세,중상
2021072600100397,2021년 7월 26일 16시,월요일,전라남도 장성군 북하면,중상사고,0,1,4,0,차대차 - 측면충돌,직진우회전진행방해,건조,맑음,교차로 - 교차로안,승용,여,58세,경상,승합,여,54세,경상
2021072600100444,2021년 7월 26일 17시,월요일,전라남도 나주시 남평읍,경상사고,0,0,1,0,차대차 - 후진중충돌,안전운전불이행,건조,맑음,단일로 - 기타,화물,남,63세,상해없음,승용,여,31세,경상
2021072600100445,2021년 7월 26일 17시,월요일,전라남도 함평군 대동면,경상사고,0,0,1,1,차대차 - 측면충돌,안전운전불이행,건조,맑음,교차로 - 교차로안,화물,여,52세,부상신고,승용,여,35세,경상
2021072600100492,2021년 7월 26일 18시,월요일,전라남도 화순군 동복면,중상사고,0,1,0,0,차량단독 - 기타,안전운전불이행,건조,맑음,단일로 - 기타,승합,남,59세,상해없음,,,,
2021072600100534,2021년 7월 26일 19시,월요일,전라남도 나주시 빛가람동,중상사고,0,1,0,0,차대사람 - 기타,안전운전불이행,건조,맑음,주차장 - 주차장,승용,여,43세,상해없음,보행자,남,5세,중상
2021072600100592,2021년 7월 26일 21시,월요일,전라남도 영암군 삼호읍,부상신고사고,0,0,0,1,차대차 - 추돌,안전운전불이행,건조,맑음,교차로 - 교차로부근,기타불명,기타불명,미분류,기타불명,승용,여,47세,부상신고
2021072600100593,2021년 7월 26일 21시,월요일,전라남도 강진군 강진읍,경상사고,0,0,2,0,차대차 - 측면충돌,직진우회전진행방해,건조,맑음,교차로 - 교차로안,승용,남,28세,상해없음,승용,남,54세,경상
2021072700100031,2021년 7월 27일 05시,화요일,전라남도 영광군 홍농읍,중상사고,0,2,0,0,차대차 - 정면충돌,교차로운행방법위반,건조,맑음,교차로 - 교차로안,화물,남,77세,상해없음,농기계,남,63세,중상
2021072700100043,2021년 7월 27일 06시,화요일,전라남도 구례군 구례읍,경상사고,0,0,1,0,차대차 - 측면충돌,중앙선침범,건조,맑음,단일로 - 기타,승용,남,52세,상해없음,이륜,남,65세,경상
2021072700100067,2021년 7월 27일 07시,화요일,전라남도 담양군 담양읍,경상사고,0,0,1,0,차대차 - 기타,안전거리미확보,건조,맑음,단일로 - 기타,승용,남,67세,상해없음,승용,남,49세,경상
2021072700100131,2021년 7월 27일 09시,화요일,전라남도 고흥군 동강면,경상사고,0,0,1,0,차대차 - 기타,기타,건조,맑음,교차로 - 교차로안,승합,남,61세,상해없음,승용,여,62세,경상
2021072700100132,2021년 7월 27일 09시,화요일,전라남도 강진군 작천면,중상사고,0,1,0,0,차대차 - 추돌,안전운전불이행,건조,맑음,단일로 - 기타,화물,남,76세,상해없음,농기계,여,67세,중상
2021072700100133,2021년 7월 27일 09시,화요일,전라남도 무안군 무안읍,경상사고,0,0,1,0,차대차 - 기타,안전운전불이행,건조,맑음,단일로 - 기타,승합,여,46세,상해없음,이륜,남,53세,상해없음
2021072700100160,2021년 7월 27일 10시,화요일,전라남도 여수시 학동,경상사고,0,0,4,0,차대차 - 측면충돌,교차로운행방법위반,건조,맑음,교차로 - 교차로안,승용,여,50세,경상,화물,남,60세,경상
2021072700100161,2021년 7월 27일 10시,화요일,전라남도 고흥군 도화면,경상사고,0,0,1,0,차대사람 - 기타,안전운전불이행,건조,맑음,단일로 - 기타,승합,남,56세,상해없음,보행자,여,82세,경상
2021072700100162,2021년 7월 27일 10시,화요일,전라남도 해남군 북평면,경상사고,0,0,1,0,차대차 - 측면충돌,안전운전불이행,건조,맑음,교차로 - 교차로부근,승합,여,64세,기타불명,화물,남,54세,경상
2021072700100163,2021년 7월 27일 10시,화요일,전라남도 화순군 북면,부상신고사고,0,0,0,1,차대사람 - 차도통행중,안전운전불이행,건조,맑음,단일로 - 기타,승용,남,60세,상해없음,보행자,남,93세,부상신고
2021072700100164,2021년 7월 27일 10시,화요일,전라남도 장성군 장성읍,경상사고,0,0,2,0,차대차 - 측면충돌,신호위반,건조,맑음,단일로 - 기타,화물,남,74세,경상,승용,남,24세,경상
2021072700100165,2021년 7월 27일 10시,화요일,전라남도 담양군 담양읍,경상사고,0,0,2,1,차대차 - 측면충돌,안전운전불이행,건조,맑음,교차로 - 교차로안,승용,남,59세,상해없음,승합,남,54세,경상
2021072700100217,2021년 7월 27일 11시,화요일,전라남도 순천시 조례동,경상사고,0,0,3,0,차대차 - 측면충돌,안전운전불이행,건조,맑음,교차로 - 교차로부근,승용,남,61세,경상,승용,남,75세,경상
2021072700100218,2021년 7월 27일 11시,화요일,전라남도 나주시 빛가람동,중상사고,0,1,0,0,차대차 - 측면충돌,직진우회전진행방해,건조,맑음,교차로 - 교차로안,승용,남,37세,상해없음,이륜,남,40세,중상
2021072700100255,2021년 7월 27일 12시,화요일,전라남도 강진군 강진읍,경상사고,0,0,1,0,차대차 - 측면충돌,신호위반,건조,맑음,교차로 - 교차로안,승용,여,51세,상해없음,승용,여,43세,경상
2021072700100286,2021년 7월 27일 13시,화요일,전라남도 보성군 조성면,중상사고,0,1,0,0,차대차 - 측면충돌,교차로운행방법위반,건조,맑음,단일로 - 기타,승용,남,76세,상해없음,이륜,남,36세,중상
2021072700100287,2021년 7월 27일 13시,화요일,전라남도 강진군 강진읍,부상신고사고,0,0,0,1,차량단독 - 공작물충돌,안전운전불이행,건조,맑음,단일로 - 기타,승용,여,57세,부상신고,,,,
2021072700100288,2021년 7월 27일 13시,화요일,전라남도 담양군 담양읍,경상사고,0,0,2,0,차대차 - 측면충돌,신호위반,건조,맑음,교차로 - 교차로안,승용,남,19세,상해없음,승용,여,37세,경상
2021072700100315,2021년 7월 27일 14시,화요일,전라남도 여수시 국동,중상사고,0,1,0,0,차대사람 - 횡단중,안전운전불이행,건조,맑음,단일로 - 기타,승용,여,79세,상해없음,보행자,여,69세,중상
2021072700100316,2021년 7월 27일 14시,화요일,전라남도 여수시 여서동,경상사고,0,0,3,0,차대차 - 기타,안전운전불이행,건조,맑음,교차로 - 교차로안,승용,여,56세,상해없음,승용,여,40세,경상
2021072700100317,2021년 7월 27일 14시,화요일,전라남도 여수시 학동,경상사고,0,0,1,0,차대차 - 측면충돌,안전운전불이행,건조,맑음,단일로 - 기타,승용,여,50세,상해없음,건설기계,남,62세,경상
2021072700100318,2021년 7월 27일 14시,화요일,전라남도 순천시 연향동,경상사고,0,0,1,0,차대차 - 측면충돌,직진우회전진행방해,건조,맑음,교차로 - 교차로안,승용,남,48세,상해없음,이륜,남,19세,경상
2021072700100319,2021년 7월 27일 14시,화요일,전라남도 보성군 벌교읍,사망사고,1,0,0,0,차대사람 - 횡단중,안전운전불이행,건조,맑음,단일로 - 기타,화물,남,79세,상해없음,보행자,여,88세,사망
2021072700100355,2021년 7월 27일 15시,화요일,전라남도 목포시 옥암동,경상사고,0,0,2,0,차대차 - 기타,신호위반,건조,맑음,교차로 - 교차로안,승용,여,34세,상해없음,승용,남,55세,경상
2021072700100356,2021년 7월 27일 15시,화요일,전라남도 여수시 율촌면,중상사고,0,1,1,0,차대차 - 추돌,안전운전불이행,건조,맑음,단일로 - 기타,승용,남,41세,경상,승용,남,26세,상해없음
2021072700100357,2021년 7월 27일 15시,화요일,전라남도 나주시 동수동,중상사고,0,1,0,0,차대차 - 측면충돌,신호위반,건조,맑음,교차로 - 교차로안,승용,남,64세,상해없음,이륜,남,58세,중상
2021072700100358,2021년 7월 27일 15시,화요일,전라남도 무안군 무안읍,경상사고,0,0,1,0,차대차 - 정면충돌,안전운전불이행,건조,맑음,교차로 - 교차로안,화물,남,42세,상해없음,건설기계,남,33세,경상
2021072700100431,2021년 7월 27일 17시,화요일,전라남도 여수시 웅천동,경상사고,0,0,1,0,차대차 - 기타,안전거리미확보,건조,맑음,단일로 - 기타,승용,남,33세,상해없음,승용,남,33세,경상
2021072700100478,2021년 7월 27일 18시,화요일,전라남도 목포시 용당동,경상사고,0,0,1,0,차대차 - 추돌,안전거리미확보,건조,맑음,교차로 - 교차로안,승용,남,56세,상해없음,승용,여,30세,경상
2021072700100479,2021년 7월 27일 18시,화요일,전라남도 여수시 학동,경상사고,0,0,2,0,차대차 - 측면충돌,교차로운행방법위반,건조,맑음,교차로 - 교차로안,승용,남,53세,상해없음,승용,남,41세,경상
2021072700100526,2021년 7월 27일 19시,화요일,전라남도 강진군 대구면,중상사고,0,1,3,0,차대차 - 측면충돌,중앙선침범,건조,맑음,단일로 - 기타,승용,여,60세,경상,승용,여,66세,중상
2021072700100575,2021년 7월 27일 21시,화요일,전라남도 목포시 옥암동,경상사고,0,0,2,0,차대차 - 기타,신호위반,건조,맑음,교차로 - 교차로안,승용,여,49세,상해없음,승용,남,35세,경상
2021072700100576,2021년 7월 27일 21시,화요일,전라남도 여수시 여서동,경상사고,0,0,1,0,차대차 - 추돌,안전운전불이행,건조,맑음,교차로 - 교차로부근,원동기,남,61세,상해없음,승용,여,30세,경상
2021072700100577,2021년 7월 27일 21시,화요일,전라남도 여수시 선원동,경상사고,0,0,3,0,차대차 - 측면충돌,신호위반,건조,맑음,단일로 - 기타,승용,남,36세,상해없음,승용,여,35세,경상
2021072800100018,2021년 7월 28일 03시,수요일,전라남도 순천시 연향동,경상사고,0,0,1,0,차대차 - 기타,직진우회전진행방해,건조,맑음,교차로 - 교차로안,화물,남,54세,기타불명,승용,남,30세,경상
2021072800100051,2021년 7월 28일 06시,수요일,전라남도 담양군 고서면,경상사고,0,0,3,0,차대차 - 측면충돌,안전운전불이행,건조,맑음,교차로 - 교차로안,승용,남,75세,경상,승용,여,51세,경상
2021072800100071,2021년 7월 28일 07시,수요일,전라남도 나주시 남평읍,경상사고,0,0,1,0,차대차 - 기타,안전운전불이행,건조,맑음,교차로 - 교차로안,승용,여,41세,상해없음,승용,남,70세,상해없음
2021072800100072,2021년 7월 28일 07시,수요일,전라남도 구례군 구례읍,경상사고,0,0,1,0,차대사람 - 기타,안전운전불이행,건조,맑음,단일로 - 기타,기타불명,기타불명,미분류,기타불명,보행자,여,51세,경상
2021072800100098,2021년 7월 28일 08시,수요일,전라남도 목포시 석현동,경상사고,0,0,1,0,차대차 - 후진중충돌,안전운전불이행,건조,맑음,주차장 - 주차장,승용,남,29세,상해없음,화물,남,44세,경상
2021072800100099,2021년 7월 28일 08시,수요일,전라남도 보성군 미력면,경상사고,0,0,2,0,차대차 - 추돌,안전거리미확보,건조,맑음,단일로 - 기타,화물,남,58세,상해없음,승용,여,44세,경상
2021072800100161,2021년 7월 28일 10시,수요일,전라남도 여수시 선원동,경상사고,0,0,2,0,차대차 - 기타,신호위반,건조,맑음,교차로 - 교차로안,화물,남,44세,경상,화물,여,55세,상해없음
2021072800100191,2021년 7월 28일 11시,수요일,전라남도 목포시 옥암동,경상사고,0,0,2,0,차대차 - 기타,안전운전불이행,건조,맑음,기타 - 기타,승용,여,64세,상해없음,승용,남,64세,경상
2021072800100228,2021년 7월 28일 12시,수요일,전라남도 목포시 연산동,중상사고,0,1,1,0,차대차 - 측면충돌,안전운전불이행,건조,맑음,교차로 - 교차로안,화물,남,76세,상해없음,이륜,남,30세,중상
2021072800100229,2021년 7월 28일 12시,수요일,전라남도 여수시 만흥동,중상사고,0,1,0,0,차량단독 - 공작물충돌,안전운전불이행,건조,맑음,단일로 - 기타,승용,남,46세,중상,,,,
2021072800100230,2021년 7월 28일 12시,수요일,전라남도 광양시 중동,경상사고,0,0,1,0,차대차 - 추돌,안전운전불이행,건조,맑음,교차로 - 교차로부근,승용,여,61세,상해없음,승용,여,41세,경상
2021072800100298,2021년 7월 28일 14시,수요일,전라남도 순천시 조례동,중상사고,0,1,0,0,차대차 - 측면충돌,안전운전불이행,건조,맑음,교차로 - 교차로안,화물,남,60세,상해없음,이륜,남,38세,중상
2021072800100299,2021년 7월 28일 14시,수요일,전라남도 장흥군 장흥읍,경상사고,0,0,1,0,차대차 - 측면충돌,교차로운행방법위반,건조,맑음,교차로 - 교차로안,승용,여,57세,상해없음,승용,여,54세,경상
2021072800100330,2021년 7월 28일 15시,수요일,전라남도 여수시 교동,경상사고,0,0,1,0,차대사람 - 기타,안전운전불이행,건조,맑음,단일로 - 기타,승합,남,55세,상해없음,보행자,여,74세,경상
2021072800100331,2021년 7월 28일 15시,수요일,전라남도 광양시 옥곡면,사망사고,1,0,0,0,차대차 - 정면충돌,신호위반,건조,맑음,교차로 - 교차로안,이륜,남,27세,사망,승용,남,86세,상해없음
2021072800100362,2021년 7월 28일 16시,수요일,전라남도 해남군 해남읍,경상사고,0,0,1,0,차대차 - 측면충돌,안전운전불이행,건조,맑음,단일로 - 기타,승용,남,78세,상해없음,승합,남,52세,경상
2021072800100363,2021년 7월 28일 16시,수요일,전라남도 영암군 도포면,경상사고,0,0,2,0,차대차 - 측면충돌,중앙선침범,건조,맑음,교차로 - 교차로안,화물,여,51세,상해없음,승용,남,75세,경상
2021072800100413,2021년 7월 28일 17시,수요일,전라남도 목포시 용해동,경상사고,0,0,1,0,차대차 - 측면충돌,중앙선침범,건조,맑음,교차로 - 교차로안,원동기,남,18세,경상,승용,여,45세,상해없음
2021072800100414,2021년 7월 28일 17시,수요일,전라남도 보성군 득량면,경상사고,0,0,3,0,차대차 - 측면충돌,직진우회전진행방해,건조,맑음,교차로 - 교차로안,승용,남,35세,상해없음,승용,여,66세,경상
2021072800100415,2021년 7월 28일 17시,수요일,전라남도 영암군 삼호읍,경상사고,0,0,1,0,차대차 - 측면충돌,신호위반,건조,맑음,교차로 - 교차로안,승용,여,42세,상해없음,승용,남,49세,경상
2021072800100471,2021년 7월 28일 18시,수요일,전라남도 여수시 화치동,경상사고,0,0,1,0,차대차 - 측면충돌,교차로운행방법위반,건조,맑음,교차로 - 교차로안,승용,남,34세,상해없음,승용,남,29세,경상
2021072800100472,2021년 7월 28일 18시,수요일,전라남도 순천시 장천동,경상사고,0,0,1,0,차대차 - 기타,안전운전불이행,건조,맑음,단일로 - 기타,승용,남,56세,상해없음,이륜,남,39세,경상
2021072800100506,2021년 7월 28일 19시,수요일,전라남도 나주시 봉황면,사망사고,1,0,0,0,차량단독 - 도로외이탈 - 기타,안전운전불이행,건조,맑음,단일로 - 기타,이륜,남,71세,사망,,,,
2021072800100507,2021년 7월 28일 19시,수요일,전라남도 고흥군 두원면,중상사고,0,2,0,0,차대차 - 기타,교차로운행방법위반,건조,맑음,교차로 - 교차로안,승합,남,64세,상해없음,농기계,남,84세,중상
2021072800100532,2021년 7월 28일 20시,수요일,전라남도 여수시 여서동,경상사고,0,0,2,0,차대차 - 측면충돌,안전운전불이행,건조,맑음,단일로 - 기타,승용,여,48세,상해없음,승용,남,55세,경상
2021072800100533,2021년 7월 28일 20시,수요일,전라남도 여수시 선원동,경상사고,0,0,1,0,차대차 - 측면충돌,안전거리미확보,건조,맑음,단일로 - 기타,승용,남,70세,상해없음,승용,남,60세,경상
2021072800100534,2021년 7월 28일 20시,수요일,전라남도 광양시 성황동,경상사고,0,0,2,0,차대차 - 추돌,안전거리미확보,건조,맑음,교차로 - 교차로부근,승용,남,41세,상해없음,승용,남,50세,경상
2021072800100564,2021년 7월 28일 21시,수요일,전라남도 목포시 옥암동,경상사고,0,0,1,0,차대차 - 추돌,안전운전불이행,건조,맑음,교차로 - 교차로안,승용,남,60세,상해없음,승용,여,51세,경상
2021072800100608,2021년 7월 28일 23시,수요일,전라남도 순천시 동외동,경상사고,0,0,1,0,차대차 - 기타,안전운전불이행,건조,기타,교차로 - 교차로안,승용,남,47세,상해없음,승용,남,25세,경상
2021072900100080,2021년 7월 29일 08시,목요일,전라남도 나주시 산포면,중상사고,0,1,0,0,차대차 - 추돌,안전운전불이행,건조,맑음,단일로 - 기타,승용,여,57세,상해없음,이륜,남,54세,중상
2021072900100081,2021년 7월 29일 08시,목요일,전라남도 장성군 남면,경상사고,0,0,2,0,차대차 - 정면충돌,신호위반,건조,맑음,교차로 - 교차로안,승용,남,46세,상해없음,승용,여,60세,경상
2021072900100117,2021년 7월 29일 09시,목요일,전라남도 목포시 상동,경상사고,0,0,2,0,차대차 - 기타,안전거리미확보,건조,맑음,단일로 - 지하차도(도로)내,화물,남,60세,상해없음,승용,여,48세,경상
2021072900100118,2021년 7월 29일 09시,목요일,전라남도 여수시 신기동,중상사고,0,1,0,0,차대차 - 추돌,안전운전불이행,건조,맑음,단일로 - 기타,승용,여,43세,기타불명,승용,여,53세,중상
2021072900100119,2021년 7월 29일 09시,목요일,전라남도 함평군 함평읍,중상사고,0,1,0,0,차대차 - 정면충돌,안전운전불이행,건조,맑음,단일로 - 기타,승용,남,20세,상해없음,이륜,남,75세,중상
2021072900100148,2021년 7월 29일 10시,목요일,전라남도 여수시 봉산동,경상사고,0,0,2,0,차대차 - 추돌,안전운전불이행,건조,맑음,교차로 - 교차로부근,승용,남,44세,상해없음,승용,남,52세,경상
2021072900100149,2021년 7월 29일 10시,목요일,전라남도 화순군 화순읍,부상신고사고,0,0,0,1,차대차 - 측면충돌,안전운전불이행,건조,맑음,교차로 - 교차로부근,승용,남,78세,상해없음,승용,여,57세,부상신고
2021072900100150,2021년 7월 29일 10시,목요일,전라남도 화순군 화순읍,부상신고사고,0,0,0,1,차대차 - 측면충돌,신호위반,건조,맑음,교차로 - 교차로안,농기계,남,78세,상해없음,승용,남,22세,부상신고
2021072900100151,2021년 7월 29일 10시,목요일,전라남도 담양군 무정면,경상사고,0,0,1,1,차대차 - 후진중충돌,안전운전불이행,건조,맑음,교차로 - 교차로안,화물,남,63세,상해없음,승용,남,65세,부상신고