사고번호,사고일시,요일,시군구,사고내용,사망자수,중상자수,경상자수,부상신고자수,사고유형,법규위반,노면상태,기상상태,도로형태,가해운전자 차종,가해운전자 성별,가해운전자 연령,가해운전자 상해정도,피해운전자 차종,피해운전자 성별,피해운전자 연령,피해운전자 상해정도
2021080200100501,2021년 8월 2일 20시,월요일,전라남도 무안군 삼향읍,경상사고,0,0,1,0,차대사람 - 횡단중,안전운전불이행,젖음/습기,비,교차로 - 교차로횡단보도내,승용,남,43세,상해없음,보행자,남,15세,경상
2021080200100528,2021년 8월 2일 21시,월요일,전라남도 목포시 옥암동,경상사고,0,0,4,0,차대차 - 기타,신호위반,젖음/습기,비,교차로 - 교차로안,승용,여,23세,상해없음,승용,남,37세,경상
2021080200100529,2021년 8월 2일 21시,월요일,전라남도 여수시 돌산읍,경상사고,0,0,1,0,차대차 - 기타,기타,젖음/습기,흐림,교차로 - 교차로안,승용,남,49세,상해없음,승용,남,33세,경상
2021080200100556,2021년 8월 2일 22시,월요일,전라남도 목포시 옥암동,경상사고,0,0,1,0,차대차 - 추돌,안전운전불이행,젖음/습기,비,단일로 - 기타,승용,남,38세,상해없음,승용,여,45세,경상
2021080200100574,2021년 8월 2일 23시,월요일,전라남도 고흥군 도양읍,경상사고,0,0,1,1,차대차 - 측면충돌,교차로운행방법위반,젖음/습기,흐림,교차로 - 교차로안,승용,남,45세,부상신고,화물,남,48세,상해없음
2021080200100575,2021년 8월 2일 23시,월요일,전라남도 해남군 현산면,경상사고,0,0,1,0,차대차 - 측면충돌,안전운전불이행,젖음/습기,비,교차로 - 교차로안,화물,남,61세,상해없음,화물,남,43세,경상
2021080200100576,2021년 8월 2일 23시,월요일,전라남도 무안군 망운면,경상사고,0,0,3,0,차대차 - 기타,안전운전불이행,젖음/습기,흐림,교차로 - 교차로안,승용,남,62세,상해없음,승용,남,53세,경상
2021080300100017,2021년 8월 3일 03시,화요일,전라남도 영암군 삼호읍,경상사고,0,0,1,0,차량단독 - 공작물충돌,안전운전불이행,젖음/습기,비,교차로 - 교차로안,승용,남,46세,경상,,,,
2021080300100077,2021년 8월 3일 09시,화요일,전라남도 목포시 용당동,경상사고,0,0,2,0,차대차 - 기타,직진우회전진행방해,건조,맑음,교차로 - 교차로안,승용,남,74세,상해없음,승용,남,63세,상해없음
2021080300100078,2021년 8월 3일 09시,화요일,전라남도 여수시 돌산읍,경상사고,0,0,1,0,차대차 - 측면충돌,안전운전불이행,건조,맑음,교차로 - 교차로안,승용,여,58세,상해없음,승용,남,49세,경상
2021080300100079,2021년 8월 3일 09시,화요일,전라남도 곡성군 곡성읍,중상사고,0,1,0,0,차대차 - 측면충돌,직진우회전진행방해,건조,맑음,교차로 - 교차로안,승용,여,30세,상해없음,승용,여,53세,중상
2021080300100080,2021년 8월 3일 09시,화요일,전라남도 구례군 구례읍,중상사고,0,1,0,0,차량단독 - 기타,안전운전불이행,건조,맑음,단일로 - 기타,이륜,남,51세,중상,,,,
2021080300100114,2021년 8월 3일 10시,화요일,전라남도 목포시 연산동,경상사고,0,0,1,0,차대차 - 기타,안전운전불이행,건조,맑음,교차로 - 교차로안,승용,남,61세,기타불명,승용,남,59세,경상
2021080300100115,2021년 8월 3일 10시,화요일,전라남도 순천시 연향동,경상사고,0,0,1,0,차대차 - 기타,직진우회전진행방해,건조,맑음,교차로 - 교차로부근,승용,남,61세,상해없음,승용,여,47세,경상
2021080300100148,2021년 8월 3일 11시,화요일,전라남도 무안군 일로읍,중상사고,0,3,3,0,차대차 - 추돌,안전운전불이행,건조,맑음,단일로 - 기타,화물,남,37세,경상,화물,남,34세,경상
2021080300100149,2021년 8월 3일 11시,화요일,전라남도 담양군 고서면,경상사고,0,0,2,0,차대차 - 기타,안전거리미확보,건조,맑음,단일로 - 기타,승용,남,28세,상해없음,화물,남,42세,경상
2021080300100204,2021년 8월 3일 13시,화요일,전라남도 목포시 산정동,경상사고,0,0,3,0,차대차 - 추돌,안전운전불이행,건조,맑음,교차로 - 교차로부근,화물,남,57세,상해없음,승용,여,31세,경상
2021080300100205,2021년 8월 3일 13시,화요일,전라남도 여수시 봉산동,경상사고,0,0,1,0,차대차 - 측면충돌,안전운전불이행,젖음/습기,흐림,단일로 - 기타,승용,남,64세,상해없음,승용,남,50세,경상
2021080300100206,2021년 8월 3일 13시,화요일,전라남도 나주시 빛가람동,중상사고,0,1,0,0,차대차 - 측면충돌,신호위반,건조,맑음,교차로 - 교차로안,이륜,남,50세,상해없음,자전거,남,81세,중상
2021080300100316,2021년 8월 3일 16시,화요일,전라남도 나주시 청동,중상사고,0,1,1,0,차대차 - 추돌,안전거리미확보,건조,맑음,교차로 - 교차로안,화물,남,73세,중상,승용,남,74세,경상
2021080300100317,2021년 8월 3일 16시,화요일,전라남도 담양군 담양읍,경상사고,0,0,1,0,차대사람 - 횡단중,안전운전불이행,건조,맑음,교차로 - 교차로안,승용,여,46세,상해없음,보행자,남,9세,경상
2021080300100349,2021년 8월 3일 17시,화요일,전라남도 여수시 미평동,경상사고,0,0,1,0,차대차 - 측면충돌,안전운전불이행,건조,맑음,단일로 - 기타,승용,남,28세,상해없음,화물,여,27세,경상
2021080300100350,2021년 8월 3일 17시,화요일,전라남도 장흥군 부산면,경상사고,0,0,5,0,차대차 - 기타,안전운전불이행,건조,맑음,단일로 - 기타,화물,남,51세,경상,승용,남,43세,경상
2021080300100351,2021년 8월 3일 17시,화요일,전라남도 영암군 학산면,경상사고,0,0,1,0,차대차 - 기타,안전운전불이행,건조,맑음,단일로 - 기타,이륜,남,82세,경상,화물,남,79세,상해없음
2021080300100393,2021년 8월 3일 18시,화요일,전라남도 목포시 용당동,중상사고,0,2,0,0,차대사람 - 횡단중,신호위반,건조,맑음,교차로 - 교차로안,승용,남,74세,상해없음,보행자,여,59세,중상
2021080300100394,2021년 8월 3일 18시,화요일,전라남도 목포시 석현동,경상사고,0,0,2,0,차대차 - 추돌,안전거리미확보,건조,맑음,교차로 - 교차로부근,승용,여,28세,경상,승용,남,59세,경상
2021080300100395,2021년 8월 3일 18시,화요일,전라남도 여수시 신기동,중상사고,0,1,0,0,차대사람 - 횡단중,보행자보호의무위반,건조,맑음,단일로 - 기타,승용,남,62세,기타불명,보행자,여,39세,중상
2021080300100420,2021년 8월 3일 19시,화요일,전라남도 여수시 율촌면,경상사고,0,0,1,0,차량단독 - 공작물충돌,기타,건조,맑음,기타 - 기타,화물,여,68세,경상,,,,
2021080300100421,2021년 8월 3일 19시,화요일,전라남도 순천시 덕암동,경상사고,0,0,1,0,차대사람 - 횡단중,보행자보호의무위반,건조,맑음,교차로 - 교차로횡단보도내,승용,여,27세,상해없음,보행자,여,26세,경상
2021080300100452,2021년 8월 3일 20시,화요일,전라남도 순천시 조례동,경상사고,0,0,1,0,차대차 - 기타,안전운전불이행,건조,맑음,교차로 - 교차로부근,원동기,남,18세,상해없음,승용,여,43세,경상
2021080300100471,2021년 8월 3일 21시,화요일,전라남도 함평군 해보면,중상사고,0,3,2,0,차대차 - 추돌,기타,건조,맑음,단일로 - 기타,승용,남,27세,경상,승용,남,61세,중상
2021080300100498,2021년 8월 3일 22시,화요일,전라남도 순천시 연향동,중상사고,0,1,0,0,차대사람 - 횡단중,보행자보호의무위반,건조,맑음,교차로 - 교차로안,승용,남,26세,상해없음,보행자,남,45세,중상
2021080400100004,2021년 8월 4일 00시,수요일,전라남도 광양시 중동,경상사고,0,0,1,0,차량단독 - 공작물충돌,안전운전불이행,건조,맑음,교차로 - 교차로부근,승용,남,46세,경상,,,,
2021080400100012,2021년 8월 4일 01시,수요일,전라남도 목포시 상동,중상사고,0,1,1,0,차대차 - 추돌,교차로운행방법위반,건조,맑음,교차로 - 교차로안,승용,남,52세,경상,이륜,남,20세,중상
2021080400100050,2021년 8월 4일 07시,수요일,전라남도 광양시 옥곡면,경상사고,0,0,1,0,차대사람 - 기타,안전운전불이행,건조,맑음,기타 - 기타,화물,여,53세,상해없음,보행자,여,86세,경상
2021080400100078,2021년 8월 4일 08시,수요일,전라남도 여수시 신기동,경상사고,0,0,1,0,차대사람 - 횡단중,신호위반,건조,맑음,교차로 - 교차로부근,화물,남,59세,상해없음,보행자,남,75세,경상
2021080400100079,2021년 8월 4일 08시,수요일,전라남도 장흥군 장흥읍,경상사고,0,0,1,0,차대차 - 측면충돌,안전운전불이행,건조,맑음,교차로 - 교차로안,화물,남,74세,상해없음,승용,여,34세,경상
2021080400100080,2021년 8월 4일 08시,수요일,전라남도 강진군 성전면,경상사고,0,0,2,0,차대차 - 측면충돌,신호위반,건조,맑음,교차로 - 교차로안,승용,남,21세,상해없음,화물,남,77세,경상
2021080400100144,2021년 8월 4일 10시,수요일,전라남도 담양군 담양읍,중상사고,0,1,0,0,차대사람 - 기타,안전운전불이행,건조,맑음,단일로 - 기타,화물,남,32세,상해없음,보행자,여,86세,중상
2021080400100145,2021년 8월 4일 10시,수요일,전라남도 광양시 마동,경상사고,0,0,3,0,차대차 - 측면충돌,직진우회전진행방해,건조,맑음,교차로 - 교차로안,승용,남,31세,기타불명,승용,여,41세,경상
2021080400100246,2021년 8월 4일 13시,수요일,전라남도 목포시 산정동,경상사고,0,0,1,0,차대차 - 기타,안전운전불이행,건조,맑음,단일로 - 기타,승용,남,23세,상해없음,승용,여,42세,경상
2021080400100247,2021년 8월 4일 13시,수요일,전라남도 보성군 벌교읍,사망사고,1,0,0,0,차대차 - 후진중충돌,불법유턴,건조,맑음,단일로 - 기타,건설기계,남,24세,상해없음,이륜,남,78세,사망
2021080400100279,2021년 8월 4일 14시,수요일,전라남도 강진군 강진읍,경상사고,0,0,1,0,차대차 - 추돌,안전운전불이행,건조,맑음,단일로 - 기타,승용,여,48세,상해없음,승용,여,44세,경상
2021080400100280,2021년 8월 4일 14시,수요일,전라남도 구례군 구례읍,경상사고,0,0,1,0,차대사람 - 기타,안전운전불이행,건조,맑음,교차로 - 교차로안,승용,남,62세,상해없음,보행자,여,58세,경상
2021080400100359,2021년 8월 4일 16시,수요일,전라남도 목포시 상동,경상사고,0,0,1,0,차대차 - 기타,직진우회전진행방해,건조,맑음,교차로 - 교차로안,승용,여,34세,상해없음,승용,여,25세,경상
2021080400100360,2021년 8월 4일 16시,수요일,전라남도 여수시 문수동,중상사고,0,1,0,0,차대차 - 측면충돌,안전운전불이행,건조,맑음,교차로 - 교차로안,화물,여,56세,상해없음,이륜,남,25세,중상
2021080400100361,2021년 8월 4일 16시,수요일,전라남도 구례군 구례읍,경상사고,0,0,1,0,차대차 - 기타,안전운전불이행,건조,맑음,교차로 - 교차로부근,화물,남,60세,상해없음,자전거,여,71세,경상
2021080400100408,2021년 8월 4일 17시,수요일,전라남도 목포시 연산동,경상사고,0,0,5,0,차대차 - 기타,안전운전불이행,건조,맑음,단일로 - 기타,승용,남,35세,경상,승용,남,80세,경상
2021080400100410,2021년 8월 4일 17시,수요일,전라남도 여수시 선원동,경상사고,0,0,1,0,차대차 - 측면충돌,중앙선침범,건조,맑음,교차로 - 교차로부근,승용,여,38세,상해없음,이륜,남,35세,경상
2021080400100411,2021년 8월 4일 17시,수요일,전라남도 여수시 소라면,경상사고,0,0,1,0,차량단독 - 기타,안전운전불이행,건조,맑음,교차로 - 교차로부근,이륜,남,24세,경상,,,,
2021080400100412,2021년 8월 4일 17시,수요일,전라남도 순천시 해룡면,중상사고,0,1,0,0,차대차 - 측면충돌,안전운전불이행,건조,맑음,단일로 - 기타,건설기계,남,57세,상해없음,이륜,남,29세,중상
2021080400100413,2021년 8월 4일 17시,수요일,전라남도 순천시 남정동,경상사고,0,0,1,0,차대차 - 기타,직진우회전진행방해,건조,맑음,교차로 - 교차로안,승용,여,48세,기타불명,승용,남,37세,경상
2021080400100414,2021년 8월 4일 17시,수요일,전라남도 장흥군 회진면,경상사고,0,0,2,0,차대차 - 기타,직진우회전진행방해,건조,맑음,교차로 - 교차로안,화물,남,55세,경상,화물,남,41세,경상
2021080400100415,2021년 8월 4일 17시,수요일,전라남도 함평군 함평읍,경상사고,0,0,2,0,차대차 - 정면충돌,신호위반,건조,맑음,교차로 - 교차로안,화물,남,65세,경상,승용,남,33세,경상
2021080400100416,2021년 8월 4일 17시,수요일,전라남도 진도군 진도읍,경상사고,0,0,2,0,차대차 - 측면충돌,차로위반,건조,맑음,교차로 - 교차로부근,화물,남,57세,상해없음,승용,여,67세,경상
2021080400100417,2021년 8월 4일 17시,수요일,전라남도 광양시 진상면,경상사고,0,0,2,0,차대차 - 측면충돌,안전운전불이행,건조,맑음,교차로 - 교차로안,승용,남,44세,상해없음,승용,여,58세,상해없음
2021080400100458,2021년 8월 4일 18시,수요일,전라남도 목포시 석현동,경상사고,0,0,2,0,차대차 - 측면충돌,안전운전불이행,건조,맑음,교차로 - 교차로부근,승용,여,27세,경상,승용,남,45세,경상
2021080400100496,2021년 8월 4일 19시,수요일,전라남도 여수시 둔덕동,경상사고,0,0,1,0,차대차 - 추돌,안전운전불이행,건조,맑음,교차로 - 교차로부근,승용,여,22세,상해없음,승용,남,31세,경상
2021080400100529,2021년 8월 4일 20시,수요일,전라남도 목포시 대성동,경상사고,0,0,3,0,차대차 - 기타,신호위반,건조,맑음,교차로 - 교차로안,승용,남,22세,상해없음,승용,여,40세,상해없음
2021080400100575,2021년 8월 4일 22시,수요일,전라남도 순천시 연향동,중상사고,0,1,0,0,차량단독 - 기타,안전운전불이행,건조,맑음,단일로 - 기타,승용,남,54세,상해없음,,,,
2021080400100576,2021년 8월 4일 22시,수요일,전라남도 순천시 상사면,경상사고,0,0,2,0,차량단독 - 기타,안전운전불이행,건조,맑음,단일로 - 기타,승용,남,66세,상해없음,,,,
2021080400100598,2021년 8월 4일 23시,수요일,전라남도 목포시 연산동,경상사고,0,0,2,0,차대차 - 기타,안전운전불이행,건조,맑음,단일로 - 기타,승용,남,53세,경상,승용,여,40세,경상
2021080500100003,2021년 8월 5일 00시,목요일,전라남도 목포시 용해동,경상사고,0,0,1,0,차대차 - 기타,안전운전불이행,건조,맑음,교차로 - 교차로안,승용,남,23세,상해없음,승용,여,57세,경상
2021080500100086,2021년 8월 5일 08시,목요일,전라남도 장성군 서삼면,부상신고사고,0,0,0,1,차대차 - 기타,안전운전불이행,건조,맑음,단일로 - 기타,자전거,남,51세,부상신고,승용,남,39세,상해없음
2021080500100119,2021년 8월 5일 09시,목요일,전라남도 목포시 산정동,경상사고,0,0,5,0,차대차 - 측면충돌,직진우회전진행방해,건조,맑음,교차로 - 교차로안,승용,남,61세,경상,승용,남,58세,경상
2021080500100145,2021년 8월 5일 10시,목요일,전라남도 완도군 생일면,경상사고,0,0,1,0,차대차 - 기타,안전운전불이행,건조,맑음,단일로 - 기타,화물,남,27세,상해없음,건설기계,남,53세,경상
2021080500100194,2021년 8월 5일 11시,목요일,전라남도 완도군 군외면,사망사고,1,0,0,0,차대차 - 추돌,안전운전불이행,건조,맑음,단일로 - 기타,승용,남,67세,사망,승용,남,37세,기타불명
2021080500100226,2021년 8월 5일 12시,목요일,전라남도 여수시 웅천동,중상사고,0,1,0,0,차대차 - 추돌,중앙선침범,건조,맑음,단일로 - 기타,승용,남,28세,상해없음,이륜,남,26세,중상
2021080500100267,2021년 8월 5일 13시,목요일,전라남도 목포시 상동,중상사고,0,1,0,0,차대차 - 기타,중앙선침범,건조,맑음,교차로 - 교차로안,이륜,남,14세,상해없음,이륜,남,47세,중상
2021080500100268,2021년 8월 5일 13시,목요일,전라남도 영광군 염산면,경상사고,0,0,3,0,차대차 - 측면충돌,안전운전불이행,건조,맑음,교차로 - 교차로안,화물,남,65세,상해없음,승용,남,62세,경상
2021080500100269,2021년 8월 5일 13시,목요일,전라남도 광양시 광양읍,경상사고,0,0,1,0,차대차 - 측면충돌,교차로운행방법위반,건조,맑음,교차로 - 교차로안,승용,남,65세,상해없음,승용,여,54세,경상
2021080500100305,2021년 8월 5일 14시,목요일,전라남도 목포시 용해동,경상사고,0,0,3,0,차대차 - 측면충돌,신호위반,건조,맑음,교차로 - 교차로안,승용,남,62세,상해없음,승용,남,44세,경상
2021080500100371,2021년 8월 5일 16시,목요일,전라남도 여수시 덕충동,중상사고,0,1,1,0,차대차 - 측면충돌,안전운전불이행,건조,맑음,교차로 - 교차로안,승용,남,58세,상해없음,승용,남,71세,경상
2021080500100372,2021년 8월 5일 16시,목요일,전라남도 고흥군 고흥읍,중상사고,0,1,1,0,차대차 - 측면충돌,직진우회전진행방해,건조,맑음,교차로 - 교차로안,승용,여,61세,상해없음,승용,여,60세,중상
2021080500100373,2021년 8월 5일 16시,목요일,전라남도 무안군 삼향읍,경상사고,0,0,1,0,차대사람 - 횡단중,안전운전불이행,건조,맑음,기타 - 기타,승용,여,43세,상해없음,보행자,남,8세,경상
2021080500100419,2021년 8월 5일 17시,목요일,전라남도 순천시 연향동,중상사고,0,1,0,0,차대사람 - 기타,안전운전불이행,건조,맑음,단일로 - 기타,화물,남,56세,상해없음,보행자,여,63세,중상
2021080500100420,2021년 8월 5일 17시,목요일,전라남도 곡성군 곡성읍,중상사고,0,4,0,0,차대차 - 추돌,안전운전불이행,건조,맑음,교차로 - 교차로부근,승합,남,58세,상해없음,화물,남,60세,중상
2021080500100508,2021년 8월 5일 19시,목요일,전라남도 목포시 상동,경상사고,0,0,1,0,차대차 - 측면충돌,신호위반,건조,맑음,교차로 - 교차로안,이륜,남,26세,상해없음,승용,남,38세,경상
2021080500100509,2021년 8월 5일 19시,목요일,전라남도 순천시 풍덕동,경상사고,0,0,1,0,차대사람 - 기타,안전운전불이행,건조,맑음,교차로 - 교차로안,승용,여,64세,상해없음,보행자,남,68세,경상
2021080500100545,2021년 8월 5일 20시,목요일,전라남도 여수시 돌산읍,중상사고,0,1,0,0,차대사람 - 기타,안전운전불이행,건조,맑음,단일로 - 기타,화물,여,50세,상해없음,보행자,남,68세,중상
2021080500100597,2021년 8월 5일 22시,목요일,전라남도 여수시 학동,경상사고,0,0,1,0,차대차 - 측면충돌,안전운전불이행,건조,맑음,교차로 - 교차로부근,화물,남,43세,상해없음,이륜,남,17세,경상
2021080500100598,2021년 8월 5일 22시,목요일,전라남도 순천시 조례동,경상사고,0,0,1,0,차대차 - 기타,교차로운행방법위반,건조,맑음,교차로 - 교차로안,승용,여,65세,상해없음,승용,남,68세,상해없음
2021080500100599,2021년 8월 5일 22시,목요일,전라남도 담양군 담양읍,중상사고,0,1,0,0,차대차 - 기타,안전운전불이행,건조,맑음,단일로 - 기타,승용,남,38세,상해없음,자전거,남,59세,중상
2021080600100024,2021년 8월 6일 05시,금요일,전라남도 강진군 강진읍,중상사고,0,1,0,0,차대사람 - 횡단중,안전운전불이행,건조,맑음,교차로 - 교차로안,승용,남,33세,상해없음,보행자,남,78세,중상
2021080600100040,2021년 8월 6일 06시,금요일,전라남도 목포시 산정동,경상사고,0,0,1,0,차대차 - 측면충돌,안전거리미확보,건조,맑음,교차로 - 교차로부근,화물,남,70세,상해없음,승용,남,26세,경상
2021080600100041,2021년 8월 6일 06시,금요일,전라남도 담양군 월산면,중상사고,0,1,0,0,차량단독 - 전도전복 - 전도,안전운전불이행,건조,맑음,단일로 - 기타,사륜오토바이(ATV),남,51세,중상,,,,
2021080600100083,2021년 8월 6일 08시,금요일,전라남도 순천시 연향동,경상사고,0,0,1,0,차대차 - 기타,안전운전불이행,건조,맑음,교차로 - 교차로안,승용,남,60세,상해없음,자전거,남,58세,경상
2021080600100124,2021년 8월 6일 09시,금요일,전라남도 화순군 도곡면,경상사고,0,0,2,0,차대차 - 측면충돌,교차로운행방법위반,건조,맑음,교차로 - 교차로안,화물,남,51세,경상,화물,남,68세,경상
2021080600100174,2021년 8월 6일 11시,금요일,전라남도 목포시 산정동,경상사고,0,0,1,0,차대사람 - 기타,안전운전불이행,건조,맑음,주차장 - 주차장,승용,남,43세,상해없음,보행자,남,25세,경상
2021080600100175,2021년 8월 6일 11시,금요일,전라남도 여수시 봉산동,중상사고,0,1,0,0,차대차 - 기타,기타,건조,맑음,단일로 - 기타,승용,여,58세,상해없음,이륜,남,83세,중상
2021080600100176,2021년 8월 6일 11시,금요일,전라남도 순천시 해룡면,경상사고,0,0,1,0,차대차 - 기타,교차로운행방법위반,건조,맑음,교차로 - 교차로안,승용,남,63세,상해없음,승용,남,75세,경상
2021080600100178,2021년 8월 6일 11시,금요일,전라남도 광양시 성황동,경상사고,0,0,1,0,차대차 - 측면충돌,안전운전불이행,건조,맑음,교차로 - 교차로부근,건설기계,남,31세,상해없음,승용,남,66세,경상
2021080600100211,2021년 8월 6일 12시,금요일,전라남도 목포시 죽교동,경상사고,0,0,2,0,차대차 - 측면충돌,직진우회전진행방해,건조,맑음,교차로 - 교차로부근,승용,남,69세,경상,승용,남,42세,경상
2021080600100212,2021년 8월 6일 12시,금요일,전라남도 구례군 구례읍,경상사고,0,0,1,0,차대차 - 기타,직진우회전진행방해,건조,맑음,교차로 - 교차로안,승용,여,21세,상해없음,승용,남,41세,경상
2021080600100251,2021년 8월 6일 13시,금요일,전라남도 신안군 압해읍,경상사고,0,0,2,0,차대차 - 측면충돌,중앙선침범,건조,맑음,단일로 - 기타,화물,남,49세,상해없음,승용,남,67세,경상
2021080600100252,2021년 8월 6일 13시,금요일,전라남도 여수시 신기동,경상사고,0,0,2,0,차대차 - 추돌,안전운전불이행,건조,맑음,단일로 - 기타,승용,남,55세,상해없음,승용,여,51세,경상
2021080600100253,2021년 8월 6일 13시,금요일,전라남도 순천시 조례동,경상사고,0,0,1,0,차대차 - 측면충돌,차로위반,건조,맑음,단일로 - 기타,승용,남,82세,상해없음,승용,남,37세,경상
2021080600100254,2021년 8월 6일 13시,금요일,전라남도 함평군 함평읍,사망사고,1,0,0,0,차대차 - 측면충돌,기타,건조,맑음,교차로 - 교차로안,승용,남,35세,상해없음,이륜,여,63세,사망
2021080600100255,2021년 8월 6일 13시,금요일,전라남도 함평군 나산면,경상사고,0,0,1,0,차대차 - 정면충돌,교차로운행방법위반,건조,맑음,교차로 - 교차로부근,건설기계,남,54세,상해없음,승용,여,61세,경상
2021080600100288,2021년 8월 6일 14시,금요일,전라남도 여수시 봉산동,경상사고,0,0,2,0,차대차 - 측면충돌,안전운전불이행,건조,맑음,단일로 - 기타,승용,남,60세,경상,승용,여,34세,경상
2021080600100289,2021년 8월 6일 14시,금요일,전라남도 여수시 봉산동,중상사고,0,1,1,0,차대차 - 측면충돌,중앙선침범,건조,맑음,단일로 - 기타,승용,남,64세,상해없음,승용,여,69세,경상
2021080600100290,2021년 8월 6일 14시,금요일,전라남도 고흥군 도화면,경상사고,0,0,3,0,차대차 - 기타,안전운전불이행,건조,맑음,단일로 - 기타,승용,남,56세,상해없음,승용,남,30세,경상
2021080600100291,2021년 8월 6일 14시,금요일,전라남도 광양시 마동,경상사고,0,0,1,0,차대차 - 측면충돌,교차로운행방법위반,건조,맑음,교차로 - 교차로안,승용,남,22세,상해없음,승용,여,40세,경상
2021080600100336,2021년 8월 6일 15시,금요일,전라남도 목포시 용당동,경상사고,0,0,3,0,차대차 - 기타,안전운전불이행,건조,맑음,교차로 - 교차로부근,승용,여,52세,경상,승용,남,47세,경상
2021080600100337,2021년 8월 6일 15시,금요일,전라남도 여수시 학동,중상사고,0,1,9,0,차대차 - 측면충돌,중앙선침범,건조,맑음,교차로 - 교차로부근,승합,남,70세,상해없음,승용,남,52세,중상
2021080600100338,2021년 8월 6일 15시,금요일,전라남도 순천시 오천동,경상사고,0,0,1,0,차대차 - 정면충돌,중앙선침범,건조,맑음,교차로 - 교차로안,화물,여,51세,상해없음,승용,여,39세,경상
2021080600100339,2021년 8월 6일 15시,금요일,전라남도 화순군 화순읍,중상사고,0,1,0,0,차대차 - 측면충돌,안전운전불이행,건조,맑음,교차로 - 교차로안,화물,남,59세,상해없음,이륜,남,83세,중상
2021080600100380,2021년 8월 6일 16시,금요일,전라남도 나주시 남외동,경상사고,0,0,1,0,차대차 - 기타,기타,건조,맑음,단일로 - 기타,승용,여,34세,상해없음,자전거,남,7세,경상
2021080600100381,2021년 8월 6일 16시,금요일,전라남도 해남군 황산면,경상사고,0,0,1,0,차대차 - 측면충돌,안전거리미확보,건조,맑음,단일로 - 기타,화물,남,44세,상해없음,승용,남,62세,경상
2021080600100431,2021년 8월 6일 17시,금요일,전라남도 여수시 화치동,경상사고,0,0,1,0,차대차 - 추돌,안전운전불이행,건조,맑음,교차로 - 교차로부근,승용,남,51세,상해없음,승용,남,42세,경상
2021080600100432,2021년 8월 6일 17시,금요일,전라남도 순천시 가곡동,경상사고,0,0,1,0,차대차 - 기타,안전운전불이행,건조,맑음,단일로 - 기타,승용,여,36세,상해없음,승용,남,57세,경상
2021080600100433,2021년 8월 6일 17시,금요일,전라남도 고흥군 포두면,경상사고,0,0,1,0,차대차 - 측면충돌,안전운전불이행,건조,맑음,단일로 - 기타,화물,남,58세,상해없음,화물,남,47세,경상
2021080600100480,2021년 8월 6일 18시,금요일,전라남도 나주시 빛가람동,경상사고,0,0,1,0,차대차 - 기타,차로위반,젖음/습기,비,단일로 - 기타,승용,여,48세,상해없음,이륜,남,43세,경상
2021080600100481,2021년 8월 6일 18시,금요일,전라남도 장성군 진원면,경상사고,0,0,1,0,차대차 - 추돌,신호위반,건조,맑음,교차로 - 교차로안,승용,남,74세,상해없음,승용,여,47세,경상
2021080600100559,2021년 8월 6일 20시,금요일,전라남도 순천시 연향동,경상사고,0,0,1,0,차대차 - 기타,안전운전불이행,건조,맑음,단일로 - 기타,승용,남,46세,상해없음,승용,남,50세,경상
2021080600100560,2021년 8월 6일 20시,금요일,전라남도 담양군 창평면,경상사고,0,0,1,0,차대사람 - 횡단중,안전운전불이행,건조,맑음,교차로 - 교차로안,승용,남,45세,상해없음,보행자,남,67세,경상
2021080600100588,2021년 8월 6일 21시,금요일,전라남도 목포시 상동,경상사고,0,0,1,0,차대차 - 측면충돌,신호위반,건조,맑음,교차로 - 교차로안,승용,남,65세,상해없음,승용,남,61세,경상
2021080600100613,2021년 8월 6일 22시,금요일,전라남도 목포시 산정동,경상사고,0,0,1,0,차대사람 - 횡단중,신호위반,건조,맑음,단일로 - 기타,이륜,남,18세,상해없음,보행자,여,55세,경상
2021080600100614,2021년 8월 6일 22시,금요일,전라남도 목포시 산정동,경상사고,0,0,4,0,차대차 - 추돌,안전운전불이행,건조,맑음,단일로 - 기타,화물,남,50세,상해없음,승용,남,50세,경상
2021080600100615,2021년 8월 6일 22시,금요일,전라남도 목포시 용해동,경상사고,0,0,1,0,차대차 - 후진중충돌,안전운전불이행,건조,맑음,단일로 - 기타,승용,남,58세,상해없음,승용,여,43세,경상
2021080700100030,2021년 8월 7일 05시,토요일,전라남도 진도군 진도읍,중상사고,0,1,0,0,차대사람 - 차도통행중,안전운전불이행,건조,맑음,교차로 - 교차로부근,승용,남,79세,상해없음,보행자,여,79세,중상
2021080700100048,2021년 8월 7일 07시,토요일,전라남도 장성군 삼계면,경상사고,0,0,1,0,차대차 - 정면충돌,안전거리미확보,건조,맑음,교차로 - 교차로안,승합,남,33세,상해없음,승용,여,68세,경상
2021080700100049,2021년 8월 7일 07시,토요일,전라남도 구례군 산동면,경상사고,0,0,2,0,차대차 - 측면충돌,교차로운행방법위반,건조,맑음,단일로 - 기타,화물,남,76세,경상,화물,여,65세,경상
2021080700100069,2021년 8월 7일 08시,토요일,전라남도 고흥군 영남면,중상사고,0,1,0,0,차대차 - 기타,안전운전불이행,건조,맑음,단일로 - 기타,승용,남,69세,상해없음,사륜오토바이(ATV),여,71세,중상
2021080700100113,2021년 8월 7일 10시,토요일,전라남도 여수시 학동,경상사고,0,0,1,0,차대차 - 측면충돌,안전운전불이행,건조,맑음,교차로 - 교차로안,승용,여,45세,상해없음,이륜,남,37세,경상