사고번호,사고일시,요일,시군구,사고내용,사망자수,중상자수,경상자수,부상신고자수,사고유형,법규위반,노면상태,기상상태,도로형태,가해운전자 차종,가해운전자 성별,가해운전자 연령,가해운전자 상해정도,피해운전자 차종,피해운전자 성별,피해운전자 연령,피해운전자 상해정도
2021080700100232,2021년 8월 7일 13시,토요일,전라남도 여수시 공화동,경상사고,0,0,1,0,차대차 - 측면충돌,안전거리미확보,건조,맑음,단일로 - 기타,승용,남,27세,상해없음,승용,남,27세,경상
2021080700100233,2021년 8월 7일 13시,토요일,전라남도 담양군 담양읍,경상사고,0,0,2,0,차대차 - 기타,중앙선침범,건조,맑음,단일로 - 기타,승용,남,22세,상해없음,승용,남,50세,경상
2021080700100269,2021년 8월 7일 14시,토요일,전라남도 영암군 삼호읍,경상사고,0,0,4,0,차대차 - 측면충돌,안전운전불이행,건조,맑음,교차로 - 교차로안,승용,여,50세,경상,승용,남,52세,경상
2021080700100270,2021년 8월 7일 14시,토요일,전라남도 강진군 마량면,경상사고,0,0,5,0,차대차 - 측면충돌,안전운전불이행,건조,맑음,교차로 - 교차로안,승용,여,58세,경상,승용,남,31세,경상
2021080700100271,2021년 8월 7일 14시,토요일,전라남도 진도군 진도읍,경상사고,0,0,5,0,차대차 - 측면충돌,안전운전불이행,건조,맑음,교차로 - 교차로안,승용,남,58세,상해없음,승용,남,61세,경상
2021080700100300,2021년 8월 7일 15시,토요일,전라남도 순천시 주암면,경상사고,0,0,1,0,차대차 - 기타,안전운전불이행,건조,맑음,교차로 - 교차로안,승용,여,55세,경상,승용,남,29세,상해없음
2021080700100411,2021년 8월 7일 18시,토요일,전라남도 순천시 해룡면,경상사고,0,0,1,0,차대차 - 추돌,안전운전불이행,건조,맑음,교차로 - 교차로부근,승합,남,58세,상해없음,승용,여,32세,경상
2021080700100441,2021년 8월 7일 19시,토요일,전라남도 여수시 선원동,경상사고,0,0,1,0,차대차 - 측면충돌,안전운전불이행,건조,맑음,단일로 - 기타,승용,남,38세,상해없음,이륜,남,47세,경상
2021080700100471,2021년 8월 7일 20시,토요일,전라남도 목포시 용해동,경상사고,0,0,2,0,차대차 - 측면충돌,신호위반,건조,맑음,교차로 - 교차로안,승용,여,48세,상해없음,승용,남,39세,경상
2021080700100472,2021년 8월 7일 20시,토요일,전라남도 여수시 해산동,경상사고,0,0,2,0,차대차 - 추돌,안전운전불이행,건조,맑음,단일로 - 고가도로위,승용,남,58세,상해없음,승용,남,42세,경상
2021080700100510,2021년 8월 7일 21시,토요일,전라남도 여수시 소호동,경상사고,0,0,1,0,차대차 - 측면충돌,교차로운행방법위반,건조,맑음,교차로 - 교차로안,승용,남,36세,상해없음,이륜,남,20세,경상
2021080700100536,2021년 8월 7일 22시,토요일,전라남도 여수시 둔덕동,중상사고,0,1,0,0,차대차 - 측면충돌,신호위반,건조,맑음,교차로 - 교차로안,승합,남,26세,상해없음,이륜,남,22세,중상
2021080700100537,2021년 8월 7일 22시,토요일,전라남도 화순군 화순읍,경상사고,0,0,2,0,차대차 - 추돌,안전운전불이행,건조,맑음,단일로 - 기타,승용,남,41세,상해없음,승용,남,25세,경상
2021080700100555,2021년 8월 7일 23시,토요일,전라남도 여수시 신기동,경상사고,0,0,1,0,차대차 - 추돌,안전운전불이행,건조,맑음,교차로 - 교차로부근,승용,남,29세,상해없음,승합,남,44세,경상
2021080800100013,2021년 8월 8일 00시,일요일,전라남도 여수시 돌산읍,경상사고,0,0,4,0,차대차 - 추돌,안전운전불이행,건조,맑음,교차로 - 교차로부근,승용,남,43세,상해없음,승용,남,24세,경상
2021080800100064,2021년 8월 8일 08시,일요일,전라남도 화순군 화순읍,중상사고,0,2,2,0,차대차 - 측면충돌,신호위반,건조,맑음,교차로 - 교차로안,승합,남,53세,상해없음,승용,여,55세,중상
2021080800100065,2021년 8월 8일 08시,일요일,전라남도 진도군 고군면,중상사고,0,1,0,0,차대사람 - 횡단중,안전운전불이행,건조,맑음,단일로 - 기타,화물,남,44세,상해없음,보행자,남,2세,중상
2021080800100105,2021년 8월 8일 11시,일요일,전라남도 순천시 연향동,경상사고,0,0,1,0,차대차 - 기타,안전운전불이행,건조,맑음,교차로 - 교차로부근,화물,남,59세,상해없음,승용,남,34세,상해없음
2021080800100181,2021년 8월 8일 14시,일요일,전라남도 여수시 웅천동,경상사고,0,0,1,0,차대차 - 기타,교차로운행방법위반,건조,맑음,교차로 - 교차로부근,승용,여,44세,상해없음,승합,남,31세,경상
2021080800100270,2021년 8월 8일 17시,일요일,전라남도 담양군 대전면,부상신고사고,0,0,0,1,차대차 - 정면충돌,중앙선침범,건조,맑음,단일로 - 기타,자전거,남,53세,부상신고,승용,남,60세,상해없음
2021080800100301,2021년 8월 8일 18시,일요일,전라남도 광양시 광양읍,경상사고,0,0,1,0,차량단독 - 공작물충돌,기타,젖음/습기,비,단일로 - 터널,화물,남,28세,경상,,,,
2021080800100302,2021년 8월 8일 18시,일요일,전라남도 광양시 중동,중상사고,0,1,0,0,차대차 - 측면충돌,안전운전불이행,젖음/습기,흐림,교차로 - 교차로안,이륜,남,22세,중상,승용,남,21세,상해없음
2021080800100337,2021년 8월 8일 19시,일요일,전라남도 순천시 해룡면,경상사고,0,0,1,0,차대차 - 기타,안전운전불이행,건조,맑음,단일로 - 기타,이륜,남,43세,경상,승용,남,53세,상해없음
2021080800100338,2021년 8월 8일 19시,일요일,전라남도 장성군 남면,경상사고,0,0,1,0,차대차 - 추돌,안전운전불이행,건조,맑음,단일로 - 기타,승용,여,18세,상해없음,승용,여,60세,경상
2021080800100412,2021년 8월 8일 22시,일요일,전라남도 나주시 빛가람동,경상사고,0,0,1,0,차대사람 - 횡단중,신호위반,건조,맑음,교차로 - 교차로안,이륜,남,25세,상해없음,보행자,남,45세,경상
2021080800100426,2021년 8월 8일 23시,일요일,전라남도 목포시 연산동,경상사고,0,0,1,0,차대차 - 기타,신호위반,건조,맑음,교차로 - 교차로안,이륜,남,19세,상해없음,승용,남,29세,경상
2021080900100007,2021년 8월 9일 00시,월요일,전라남도 구례군 구례읍,경상사고,0,0,1,0,차대차 - 기타,중앙선침범,건조,맑음,단일로 - 기타,승용,여,50세,상해없음,승용,남,41세,경상
2021080900100017,2021년 8월 9일 04시,월요일,전라남도 무안군 삼향읍,경상사고,0,0,1,1,차대차 - 측면충돌,신호위반,건조,맑음,교차로 - 교차로안,승용,여,48세,부상신고,승용,남,50세,경상
2021080900100036,2021년 8월 9일 06시,월요일,전라남도 장흥군 회진면,중상사고,0,1,2,0,차량단독 - 도로외이탈 - 추락,안전운전불이행,건조,맑음,단일로 - 기타,승용,여,64세,경상,,,,
2021080900100095,2021년 8월 9일 08시,월요일,전라남도 목포시 상동,경상사고,0,0,1,0,차대사람 - 차도통행중,안전운전불이행,건조,맑음,교차로 - 교차로안,승용,남,50세,상해없음,보행자,남,51세,경상
2021080900100096,2021년 8월 9일 08시,월요일,전라남도 목포시 용해동,경상사고,0,0,2,0,차대차 - 측면충돌,안전운전불이행,건조,맑음,교차로 - 교차로안,승용,남,57세,경상,승용,여,27세,경상
2021080900100097,2021년 8월 9일 08시,월요일,전라남도 여수시 화장동,경상사고,0,0,1,0,차대차 - 측면충돌,안전운전불이행,건조,맑음,단일로 - 기타,자전거,남,66세,경상,승용,남,25세,상해없음
2021080900100098,2021년 8월 9일 08시,월요일,전라남도 순천시 조례동,경상사고,0,0,1,0,차대차 - 기타,안전운전불이행,건조,맑음,기타 - 기타,승용,남,44세,상해없음,승용,남,52세,상해없음
2021080900100099,2021년 8월 9일 08시,월요일,전라남도 순천시 조례동,경상사고,0,0,3,0,차대차 - 기타,안전운전불이행,건조,맑음,교차로 - 교차로안,승용,남,31세,경상,승용,여,51세,경상
2021080900100133,2021년 8월 9일 09시,월요일,전라남도 목포시 옥암동,경상사고,0,0,1,0,차대사람 - 기타,안전운전불이행,건조,맑음,기타 - 기타,개인형이동수단(PM),여,21세,상해없음,보행자,남,41세,경상
2021080900100134,2021년 8월 9일 09시,월요일,전라남도 목포시 용해동,경상사고,0,0,1,0,차대차 - 측면충돌,신호위반,건조,맑음,교차로 - 교차로안,화물,남,54세,상해없음,승용,여,45세,경상
2021080900100167,2021년 8월 9일 10시,월요일,전라남도 나주시 남평읍,경상사고,0,0,3,0,차대차 - 측면충돌,직진우회전진행방해,건조,맑음,교차로 - 교차로안,승용,여,22세,경상,승용,남,61세,경상
2021080900100207,2021년 8월 9일 11시,월요일,전라남도 순천시 풍덕동,경상사고,0,0,1,0,차대차 - 기타,안전거리미확보,건조,맑음,단일로 - 기타,승용,남,58세,상해없음,승용,여,24세,경상
2021080900100208,2021년 8월 9일 11시,월요일,전라남도 나주시 중앙동,경상사고,0,0,2,0,차대차 - 측면충돌,안전운전불이행,건조,맑음,교차로 - 교차로부근,승용,남,69세,상해없음,승용,여,31세,경상
2021080900100209,2021년 8월 9일 11시,월요일,전라남도 장성군 진원면,경상사고,0,0,1,0,차대차 - 정면충돌,안전운전불이행,건조,맑음,교차로 - 교차로안,승합,남,53세,상해없음,승용,여,56세,경상
2021080900100210,2021년 8월 9일 11시,월요일,전라남도 무안군 삼향읍,경상사고,0,0,1,0,차대차 - 추돌,안전운전불이행,건조,맑음,교차로 - 교차로부근,승용,남,25세,상해없음,승용,여,47세,경상
2021080900100244,2021년 8월 9일 12시,월요일,전라남도 화순군 화순읍,경상사고,0,0,1,0,차대차 - 측면충돌,중앙선침범,건조,맑음,기타 - 기타,승용,남,65세,상해없음,승용,여,59세,경상
2021080900100245,2021년 8월 9일 12시,월요일,전라남도 장성군 장성읍,중상사고,0,1,5,0,차대차 - 추돌,안전운전불이행,건조,맑음,교차로 - 교차로부근,화물,남,67세,중상,승용,남,36세,경상
2021080900100277,2021년 8월 9일 13시,월요일,전라남도 나주시 세지면,중상사고,0,2,0,0,차대차 - 추돌,안전운전불이행,건조,맑음,단일로 - 기타,화물,남,49세,상해없음,화물,남,59세,중상
2021080900100308,2021년 8월 9일 14시,월요일,전라남도 목포시 상동,중상사고,0,1,0,0,차대사람 - 기타,신호위반,건조,맑음,교차로 - 교차로부근,이륜,남,18세,상해없음,보행자,여,84세,중상
2021080900100309,2021년 8월 9일 14시,월요일,전라남도 순천시 조례동,경상사고,0,0,1,0,차대차 - 측면충돌,안전운전불이행,건조,맑음,단일로 - 기타,승용,남,22세,상해없음,화물,남,43세,경상
2021080900100310,2021년 8월 9일 14시,월요일,전라남도 영광군 묘량면,중상사고,0,1,0,0,차대차 - 측면충돌,안전운전불이행,건조,맑음,교차로 - 교차로부근,화물,남,56세,상해없음,이륜,남,77세,중상
2021080900100345,2021년 8월 9일 15시,월요일,전라남도 나주시 송월동,경상사고,0,0,1,0,차대차 - 측면충돌,안전운전불이행,건조,맑음,단일로 - 기타,승용,여,40세,상해없음,승용,남,26세,경상
2021080900100346,2021년 8월 9일 15시,월요일,전라남도 무안군 일로읍,경상사고,0,0,2,0,차대차 - 정면충돌,중앙선침범,건조,맑음,단일로 - 기타,승용,여,29세,상해없음,화물,여,64세,경상
2021080900100347,2021년 8월 9일 15시,월요일,전라남도 구례군 구례읍,경상사고,0,0,1,0,차대차 - 기타,안전운전불이행,기타,맑음,단일로 - 기타,화물,남,56세,상해없음,이륜,여,57세,경상
2021080900100388,2021년 8월 9일 16시,월요일,전라남도 순천시 동외동,경상사고,0,0,1,0,차대차 - 측면충돌,안전운전불이행,건조,맑음,교차로 - 교차로안,승용,남,48세,상해없음,승용,남,73세,경상
2021080900100430,2021년 8월 9일 17시,월요일,전라남도 여수시 화양면,사망사고,1,0,0,0,차량단독 - 전도전복 - 전복,안전운전불이행,건조,맑음,단일로 - 기타,승용,여,63세,사망,,,,
2021080900100431,2021년 8월 9일 17시,월요일,전라남도 순천시 연향동,경상사고,0,0,2,0,차대차 - 측면충돌,안전운전불이행,건조,맑음,단일로 - 기타,이륜,남,41세,경상,승용,남,39세,경상
2021080900100475,2021년 8월 9일 18시,월요일,전라남도 순천시 영동,경상사고,0,0,1,0,차대차 - 기타,안전운전불이행,건조,맑음,교차로 - 교차로안,화물,남,52세,상해없음,자전거,남,85세,경상
2021080900100476,2021년 8월 9일 18시,월요일,전라남도 순천시 조례동,경상사고,0,0,1,0,차대차 - 기타,기타,건조,맑음,단일로 - 기타,승용,남,61세,상해없음,이륜,남,29세,경상
2021080900100477,2021년 8월 9일 18시,월요일,전라남도 무안군 현경면,중상사고,0,1,0,0,차대차 - 기타,신호위반,건조,맑음,교차로 - 교차로안,승용,남,59세,상해없음,이륜,남,53세,상해없음
2021080900100507,2021년 8월 9일 19시,월요일,전라남도 영암군 삼호읍,경상사고,0,0,10,0,차대차 - 측면충돌,교차로운행방법위반,건조,맑음,교차로 - 교차로안,승합,남,57세,경상,승용,남,34세,경상
2021080900100542,2021년 8월 9일 20시,월요일,전라남도 여수시 신기동,경상사고,0,0,1,0,차대차 - 측면충돌,안전운전불이행,젖음/습기,비,교차로 - 교차로안,승용,남,35세,상해없음,승용,여,31세,경상
2021080900100565,2021년 8월 9일 21시,월요일,전라남도 여수시 고소동,경상사고,0,0,1,0,차대차 - 측면충돌,안전운전불이행,젖음/습기,비,단일로 - 기타,승용,여,60세,상해없음,이륜,남,34세,경상
2021080900100595,2021년 8월 9일 22시,월요일,전라남도 순천시 조례동,경상사고,0,0,1,0,차대차 - 기타,신호위반,젖음/습기,흐림,교차로 - 교차로안,이륜,남,52세,상해없음,승용,남,27세,상해없음
2021080900100596,2021년 8월 9일 22시,월요일,전라남도 해남군 해남읍,중상사고,0,1,1,0,차대차 - 측면충돌,교차로운행방법위반,건조,맑음,교차로 - 교차로부근,승용,남,21세,기타불명,승용,남,54세,경상
2021080900100597,2021년 8월 9일 22시,월요일,전라남도 광양시 중동,경상사고,0,0,1,0,차대차 - 측면충돌,중앙선침범,건조,기타,단일로 - 기타,승용,남,55세,상해없음,승용,남,65세,상해없음
2021081000100034,2021년 8월 10일 06시,화요일,전라남도 목포시 연산동,중상사고,0,1,0,0,차대차 - 측면충돌,직진우회전진행방해,건조,맑음,교차로 - 교차로안,화물,남,62세,상해없음,자전거,남,67세,중상
2021081000100092,2021년 8월 10일 09시,화요일,전라남도 순천시 조곡동,경상사고,0,0,2,0,차대차 - 기타,중앙선침범,건조,맑음,단일로 - 기타,화물,남,52세,상해없음,승용,남,40세,경상
2021081000100093,2021년 8월 10일 09시,화요일,전라남도 순천시 송광면,중상사고,0,1,1,0,차대차 - 기타,교차로운행방법위반,건조,맑음,교차로 - 교차로안,승용,남,25세,상해없음,승용,남,67세,경상
2021081000100118,2021년 8월 10일 10시,화요일,전라남도 장성군 남면,경상사고,0,0,2,0,차대차 - 측면충돌,안전운전불이행,건조,맑음,교차로 - 교차로안,승용,여,60세,경상,화물,남,24세,경상
2021081000100119,2021년 8월 10일 10시,화요일,전라남도 무안군 삼향읍,경상사고,0,0,1,0,차대차 - 정면충돌,안전운전불이행,건조,맑음,교차로 - 교차로안,화물,남,61세,상해없음,승용,여,62세,경상
2021081000100157,2021년 8월 10일 11시,화요일,전라남도 신안군 압해읍,경상사고,0,0,3,0,차대차 - 기타,직진우회전진행방해,건조,맑음,교차로 - 교차로안,화물,남,76세,경상,화물,남,63세,경상
2021081000100158,2021년 8월 10일 11시,화요일,전라남도 순천시 매곡동,중상사고,0,1,0,0,차대차 - 기타,안전운전불이행,건조,맑음,단일로 - 기타,화물,남,70세,상해없음,이륜,여,73세,중상
2021081000100199,2021년 8월 10일 12시,화요일,전라남도 여수시 학동,중상사고,0,1,0,0,차대차 - 기타,교차로운행방법위반,건조,맑음,교차로 - 교차로부근,승용,여,58세,상해없음,이륜,남,25세,중상
2021081000100233,2021년 8월 10일 13시,화요일,전라남도 보성군 겸백면,경상사고,0,0,1,0,차대차 - 기타,중앙선침범,건조,맑음,단일로 - 기타,승합,남,72세,상해없음,건설기계,남,51세,경상
2021081000100234,2021년 8월 10일 13시,화요일,전라남도 화순군 화순읍,경상사고,0,0,1,0,차대사람 - 기타,안전운전불이행,건조,맑음,주차장 - 주차장,승용,여,60세,기타불명,보행자,남,54세,경상
2021081000100266,2021년 8월 10일 14시,화요일,전라남도 장흥군 장흥읍,경상사고,0,0,1,0,차대차 - 측면충돌,직진우회전진행방해,건조,맑음,교차로 - 교차로안,승용,여,69세,기타불명,승용,여,52세,경상
2021081000100297,2021년 8월 10일 15시,화요일,전라남도 곡성군 곡성읍,경상사고,0,0,1,0,차대차 - 측면충돌,직진우회전진행방해,젖음/습기,비,교차로 - 교차로안,자전거,남,10세,경상,화물,남,54세,상해없음
2021081000100334,2021년 8월 10일 16시,화요일,전라남도 목포시 용해동,경상사고,0,0,1,0,차대사람 - 기타,신호위반,건조,맑음,교차로 - 교차로횡단보도내,화물,남,46세,상해없음,보행자,여,21세,경상
2021081000100335,2021년 8월 10일 16시,화요일,전라남도 장흥군 장흥읍,경상사고,0,0,1,0,차대차 - 측면충돌,직진우회전진행방해,건조,맑음,교차로 - 교차로안,자전거,남,82세,경상,승용,남,45세,상해없음
2021081000100362,2021년 8월 10일 17시,화요일,전라남도 장흥군 장흥읍,부상신고사고,0,0,0,1,차대차 - 측면충돌,직진우회전진행방해,건조,맑음,교차로 - 교차로안,이륜,남,81세,부상신고,승용,여,25세,상해없음
2021081000100399,2021년 8월 10일 18시,화요일,전라남도 화순군 도곡면,경상사고,0,0,1,0,차량단독 - 도로외이탈 - 추락,안전운전불이행,건조,맑음,기타 - 기타,승용,여,45세,경상,,,,
2021081000100400,2021년 8월 10일 18시,화요일,전라남도 무안군 삼향읍,경상사고,0,0,5,0,차대차 - 측면충돌,안전운전불이행,건조,맑음,교차로 - 교차로안,승용,남,29세,상해없음,화물,남,59세,상해없음
2021081000100480,2021년 8월 10일 20시,화요일,전라남도 목포시 용당동,중상사고,0,1,0,0,차대사람 - 차도통행중,안전운전불이행,건조,맑음,단일로 - 기타,승합,남,68세,상해없음,보행자,남,60세,중상
2021081000100481,2021년 8월 10일 20시,화요일,전라남도 순천시 해룡면,경상사고,0,0,1,0,차대차 - 기타,안전운전불이행,건조,맑음,단일로 - 기타,이륜,남,26세,상해없음,자전거,남,22세,경상
2021081000100509,2021년 8월 10일 21시,화요일,전라남도 순천시 조례동,부상신고사고,0,0,0,1,차량단독 - 기타,안전운전불이행,건조,맑음,교차로 - 교차로안,이륜,남,33세,부상신고,,,,
2021081000100510,2021년 8월 10일 21시,화요일,전라남도 강진군 강진읍,경상사고,0,0,1,0,차대차 - 기타,신호위반,건조,맑음,단일로 - 기타,승용,여,60세,상해없음,승용,남,28세,상해없음
2021081000100534,2021년 8월 10일 22시,화요일,전라남도 여수시 돌산읍,경상사고,0,0,2,0,차대차 - 측면충돌,교차로운행방법위반,건조,맑음,교차로 - 교차로안,승용,남,24세,상해없음,승용,여,24세,경상
2021081100100076,2021년 8월 11일 08시,수요일,전라남도 고흥군 두원면,중상사고,0,3,2,0,차대차 - 기타,안전운전불이행,건조,맑음,단일로 - 기타,승용,여,53세,경상,승용,남,44세,중상
2021081100100077,2021년 8월 11일 08시,수요일,전라남도 화순군 화순읍,중상사고,0,1,0,0,차량단독 - 공작물충돌,안전운전불이행,건조,맑음,단일로 - 기타,승용,여,70세,상해없음,,,,
2021081100100135,2021년 8월 11일 10시,수요일,전라남도 여수시 교동,경상사고,0,0,1,0,차대차 - 측면충돌,안전운전불이행,건조,맑음,교차로 - 교차로안,화물,남,33세,상해없음,승용,여,42세,경상
2021081100100136,2021년 8월 11일 10시,수요일,전라남도 영암군 군서면,경상사고,0,0,1,0,차대차 - 정면충돌,안전운전불이행,건조,맑음,단일로 - 기타,이륜,남,46세,경상,화물,남,77세,상해없음
2021081100100168,2021년 8월 11일 11시,수요일,전라남도 목포시 산정동,경상사고,0,0,3,0,차대차 - 기타,직진우회전진행방해,건조,맑음,교차로 - 교차로안,승용,남,66세,경상,승용,남,66세,경상
2021081100100210,2021년 8월 11일 12시,수요일,전라남도 여수시 화장동,중상사고,0,1,0,0,차대차 - 측면충돌,안전운전불이행,건조,맑음,단일로 - 기타,이륜,남,22세,중상,승용,남,56세,상해없음
2021081100100227,2021년 8월 11일 13시,수요일,전라남도 목포시 산정동,경상사고,0,0,1,0,차대차 - 기타,안전운전불이행,건조,맑음,교차로 - 교차로부근,승용,여,53세,상해없음,자전거,남,69세,경상
2021081100100228,2021년 8월 11일 13시,수요일,전라남도 구례군 구례읍,경상사고,0,0,1,0,차대사람 - 기타,안전운전불이행,건조,맑음,단일로 - 기타,승용,남,50세,상해없음,보행자,남,48세,경상
2021081100100255,2021년 8월 11일 14시,수요일,전라남도 장흥군 장동면,경상사고,0,0,1,0,차대사람 - 기타,안전운전불이행,건조,맑음,단일로 - 기타,승합,여,51세,상해없음,보행자,남,55세,경상
2021081100100292,2021년 8월 11일 15시,수요일,전라남도 강진군 강진읍,중상사고,0,1,0,0,차대사람 - 기타,안전운전불이행,건조,맑음,교차로 - 교차로부근,승합,남,27세,상해없음,보행자,남,10세,중상
2021081100100293,2021년 8월 11일 15시,수요일,전라남도 구례군 산동면,경상사고,0,0,1,0,차대차 - 측면충돌,안전운전불이행,건조,맑음,단일로 - 기타,화물,남,48세,상해없음,승용,남,47세,경상
2021081100100326,2021년 8월 11일 16시,수요일,전라남도 장성군 북하면,중상사고,0,1,0,0,차대차 - 정면충돌,안전운전불이행,건조,맑음,교차로 - 교차로안,승용,여,69세,상해없음,자전거,남,73세,중상
2021081100100356,2021년 8월 11일 17시,수요일,전라남도 신안군 지도읍,중상사고,0,2,0,0,차대차 - 기타,기타,건조,맑음,단일로 - 기타,승용,남,22세,상해없음,승용,여,61세,중상
2021081100100357,2021년 8월 11일 17시,수요일,전라남도 광양시 광양읍,중상사고,0,1,0,0,차대차 - 측면충돌,안전운전불이행,건조,맑음,교차로 - 교차로부근,승합,남,67세,상해없음,이륜,남,78세,상해없음
2021081100100429,2021년 8월 11일 19시,수요일,전라남도 순천시 조례동,경상사고,0,0,1,0,차대차 - 기타,기타,건조,맑음,단일로 - 기타,이륜,남,37세,경상,자전거,남,15세,상해없음
2021081100100467,2021년 8월 11일 20시,수요일,전라남도 목포시 산정동,경상사고,0,0,1,0,차대차 - 기타,안전운전불이행,건조,흐림,단일로 - 기타,이륜,남,25세,경상,화물,여,54세,상해없음
2021081100100468,2021년 8월 11일 20시,수요일,전라남도 순천시 해룡면,경상사고,0,0,1,0,차량단독 - 공작물충돌,안전운전불이행,기타,맑음,단일로 - 기타,승용,남,30세,경상,,,,
2021081100100506,2021년 8월 11일 21시,수요일,전라남도 순천시 조곡동,경상사고,0,0,1,0,차대차 - 기타,직진우회전진행방해,건조,맑음,교차로 - 교차로안,승용,여,29세,상해없음,승용,남,47세,경상
2021081200100010,2021년 8월 12일 00시,목요일,전라남도 목포시 상동,경상사고,0,0,1,0,차대차 - 기타,안전운전불이행,건조,맑음,교차로 - 교차로안,승용,여,54세,상해없음,이륜,남,39세,경상
2021081200100011,2021년 8월 12일 01시,목요일,전라남도 보성군 보성읍,중상사고,0,1,0,0,차량단독 - 공작물충돌,안전운전불이행,건조,맑음,교차로 - 교차로안,승용,남,35세,중상,,,,
2021081200100034,2021년 8월 12일 06시,목요일,전라남도 곡성군 곡성읍,경상사고,0,0,1,0,차대사람 - 기타,안전운전불이행,건조,맑음,단일로 - 기타,승용,여,56세,상해없음,보행자,남,53세,경상
2021081200100054,2021년 8월 12일 07시,목요일,전라남도 곡성군 옥과면,중상사고,0,1,0,0,차량단독 - 공작물충돌,안전운전불이행,건조,맑음,단일로 - 기타,승용,여,54세,중상,,,,
2021081200100055,2021년 8월 12일 07시,목요일,전라남도 무안군 삼향읍,경상사고,0,0,1,0,차대차 - 기타,신호위반,건조,맑음,교차로 - 교차로안,승용,여,28세,상해없음,승용,남,53세,경상
2021081200100084,2021년 8월 12일 08시,목요일,전라남도 목포시 용해동,경상사고,0,0,2,0,차대차 - 측면충돌,안전운전불이행,건조,맑음,단일로 - 기타,화물,남,60세,상해없음,승합,남,39세,경상
2021081200100085,2021년 8월 12일 08시,목요일,전라남도 장흥군 회진면,사망사고,1,0,0,0,차량단독 - 도로외이탈 - 추락,안전운전불이행,건조,맑음,단일로 - 기타,농기계,남,81세,사망,,,,
2021081200100124,2021년 8월 12일 09시,목요일,전라남도 순천시 서면,경상사고,0,0,1,0,차대차 - 측면충돌,안전거리미확보,건조,맑음,단일로 - 기타,승용,여,58세,경상,화물,남,50세,상해없음
2021081200100125,2021년 8월 12일 09시,목요일,전라남도 함평군 엄다면,경상사고,0,0,1,0,차대차 - 추돌,안전거리미확보,건조,맑음,단일로 - 기타,승용,여,37세,상해없음,화물,남,57세,경상
2021081200100126,2021년 8월 12일 09시,목요일,전라남도 장성군 장성읍,중상사고,0,1,0,1,차대차 - 측면충돌,안전운전불이행,건조,맑음,교차로 - 교차로안,승용,남,57세,부상신고,승용,여,73세,중상
2021081200100183,2021년 8월 12일 11시,목요일,전라남도 화순군 화순읍,경상사고,0,0,1,0,차대사람 - 기타,안전운전불이행,건조,맑음,교차로 - 교차로부근,승합,남,60세,상해없음,보행자,남,19세,경상
2021081200100184,2021년 8월 12일 11시,목요일,전라남도 강진군 성전면,경상사고,0,0,1,0,차대차 - 기타,신호위반,건조,맑음,단일로 - 기타,승용,남,32세,상해없음,화물,남,53세,경상
2021081200100281,2021년 8월 12일 14시,목요일,전라남도 여수시 소라면,부상신고사고,0,0,0,1,차량단독 - 기타,안전운전불이행,건조,맑음,단일로 - 기타,자전거,남,18세,부상신고,,,,
2021081200100314,2021년 8월 12일 15시,목요일,전라남도 여수시 종화동,중상사고,0,1,0,0,차대차 - 추돌,안전운전불이행,건조,맑음,단일로 - 기타,승용,남,53세,상해없음,이륜,남,23세,중상
2021081200100315,2021년 8월 12일 15시,목요일,전라남도 무안군 무안읍,경상사고,0,0,3,0,차대차 - 측면충돌,신호위반,건조,맑음,교차로 - 교차로안,승용,여,46세,경상,화물,남,50세,경상
2021081200100350,2021년 8월 12일 16시,목요일,전라남도 목포시 죽교동,경상사고,0,0,2,0,차대차 - 기타,중앙선침범,건조,맑음,단일로 - 기타,승용,남,54세,상해없음,승용,남,25세,경상
2021081200100351,2021년 8월 12일 16시,목요일,전라남도 목포시 상동,경상사고,0,0,1,0,차대차 - 후진중충돌,안전운전불이행,건조,맑음,단일로 - 기타,승용,남,44세,상해없음,승용,남,38세,경상
2021081200100352,2021년 8월 12일 16시,목요일,전라남도 목포시 산정동,경상사고,0,0,4,0,차대차 - 측면충돌,안전거리미확보,건조,맑음,단일로 - 지하차도(도로)내,승용,남,52세,상해없음,승용,여,51세,경상
2021081200100353,2021년 8월 12일 16시,목요일,전라남도 해남군 해남읍,경상사고,0,0,2,0,차대차 - 측면충돌,기타,건조,맑음,교차로 - 교차로안,승용,남,42세,경상,승용,남,60세,경상
2021081200100385,2021년 8월 12일 17시,목요일,전라남도 목포시 연산동,경상사고,0,0,1,0,차대차 - 측면충돌,직진우회전진행방해,건조,맑음,교차로 - 교차로안,승용,남,46세,상해없음,승용,남,21세,경상
2021081200100386,2021년 8월 12일 17시,목요일,전라남도 강진군 강진읍,경상사고,0,0,2,0,차대차 - 측면충돌,교차로운행방법위반,건조,맑음,교차로 - 교차로안,승용,여,50세,상해없음,승용,남,25세,경상
2021081200100466,2021년 8월 12일 19시,목요일,전라남도 나주시 빛가람동,중상사고,0,1,0,0,차대차 - 측면충돌,안전운전불이행,건조,맑음,교차로 - 교차로안,승용,여,48세,상해없음,자전거,여,65세,중상
2021081200100522,2021년 8월 12일 21시,목요일,전라남도 순천시 조례동,경상사고,0,0,1,0,차대차 - 기타,안전운전불이행,건조,맑음,교차로 - 교차로횡단보도내,승용,남,65세,기타불명,자전거,여,17세,경상