사고번호,사고일시,요일,시군구,사고내용,사망자수,중상자수,경상자수,부상신고자수,사고유형,법규위반,노면상태,기상상태,도로형태,가해운전자 차종,가해운전자 성별,가해운전자 연령,가해운전자 상해정도,피해운전자 차종,피해운전자 성별,피해운전자 연령,피해운전자 상해정도
2021081200100550,2021년 8월 12일 22시,목요일,전라남도 여수시 낙포동,중상사고,0,1,0,0,차대차 - 측면충돌,안전운전불이행,건조,맑음,단일로 - 기타,화물,남,47세,상해없음,승용,남,44세,중상
2021081300100042,2021년 8월 13일 07시,금요일,전라남도 나주시 봉황면,경상사고,0,0,1,0,차량단독 - 전도전복 - 전복,안전운전불이행,건조,맑음,단일로 - 기타,화물,남,63세,경상,,,,
2021081300100069,2021년 8월 13일 08시,금요일,전라남도 광양시 광영동,중상사고,0,1,1,0,차대차 - 측면충돌,안전운전불이행,건조,맑음,교차로 - 교차로안,화물,남,66세,경상,승용,남,46세,중상
2021081300100098,2021년 8월 13일 09시,금요일,전라남도 목포시 용당동,경상사고,0,0,1,0,차대사람 - 기타,불법유턴,건조,맑음,단일로 - 기타,승용,남,49세,상해없음,보행자,여,31세,경상
2021081300100099,2021년 8월 13일 09시,금요일,전라남도 여수시 남산동,경상사고,0,0,1,0,차대차 - 추돌,안전운전불이행,건조,맑음,교차로 - 교차로안,승용,남,55세,상해없음,승용,남,41세,경상
2021081300100100,2021년 8월 13일 09시,금요일,전라남도 고흥군 고흥읍,경상사고,0,0,2,0,차대차 - 측면충돌,직진우회전진행방해,건조,맑음,교차로 - 교차로안,승용,남,65세,경상,화물,남,66세,경상
2021081300100101,2021년 8월 13일 09시,금요일,전라남도 담양군 수북면,중상사고,0,2,3,0,차대차 - 측면충돌,중앙선침범,건조,맑음,단일로 - 교량,승용,남,66세,중상,승용,여,26세,중상
2021081300100123,2021년 8월 13일 10시,금요일,전라남도 순천시 조례동,경상사고,0,0,1,0,차대차 - 추돌,안전거리미확보,건조,맑음,교차로 - 교차로부근,승용,남,37세,상해없음,승용,여,46세,경상
2021081300100149,2021년 8월 13일 11시,금요일,전라남도 신안군 비금면,중상사고,0,1,0,0,차대차 - 측면충돌,신호위반,건조,맑음,교차로 - 교차로부근,이륜,남,85세,중상,승합,남,43세,상해없음
2021081300100150,2021년 8월 13일 11시,금요일,전라남도 순천시 송광면,경상사고,0,0,2,0,차대차 - 기타,안전운전불이행,건조,맑음,기타 - 기타,화물,여,56세,상해없음,승용,남,55세,경상
2021081300100151,2021년 8월 13일 11시,금요일,전라남도 강진군 강진읍,경상사고,0,0,5,0,차대차 - 추돌,기타,건조,맑음,단일로 - 기타,화물,남,63세,상해없음,승용,남,33세,상해없음
2021081300100198,2021년 8월 13일 12시,금요일,전라남도 여수시 국동,중상사고,0,1,0,0,차대차 - 측면충돌,신호위반,건조,맑음,교차로 - 교차로안,승용,남,66세,상해없음,승용,여,56세,중상
2021081300100199,2021년 8월 13일 12시,금요일,전라남도 여수시 미평동,경상사고,0,0,2,0,차대차 - 후진중충돌,안전운전불이행,건조,맑음,단일로 - 기타,승용,남,40세,상해없음,승용,여,39세,경상
2021081300100230,2021년 8월 13일 13시,금요일,전라남도 목포시 옥암동,중상사고,0,1,2,0,차대차 - 측면충돌,안전운전불이행,건조,맑음,교차로 - 교차로부근,승용,남,73세,경상,승용,남,39세,상해없음
2021081300100231,2021년 8월 13일 13시,금요일,전라남도 담양군 봉산면,중상사고,0,1,1,0,차대차 - 측면충돌,신호위반,건조,맑음,교차로 - 교차로안,승용,여,63세,상해없음,승용,여,51세,경상
2021081300100232,2021년 8월 13일 13시,금요일,전라남도 무안군 운남면,경상사고,0,0,1,0,차대차 - 정면충돌,안전운전불이행,건조,맑음,단일로 - 기타,승용,남,61세,상해없음,승용,여,34세,경상
2021081300100261,2021년 8월 13일 14시,금요일,전라남도 여수시 국동,경상사고,0,0,1,0,차대사람 - 기타,안전운전불이행,건조,맑음,교차로 - 교차로안,화물,남,60세,상해없음,보행자,여,81세,경상
2021081300100304,2021년 8월 13일 15시,금요일,전라남도 목포시 용당동,중상사고,0,1,3,0,차대차 - 측면충돌,신호위반,건조,맑음,교차로 - 교차로안,승용,남,67세,경상,승용,여,64세,중상
2021081300100305,2021년 8월 13일 15시,금요일,전라남도 고흥군 도양읍,경상사고,0,0,3,0,차대차 - 정면충돌,중앙선침범,건조,맑음,단일로 - 기타,승용,남,76세,경상,승용,남,60세,경상
2021081300100306,2021년 8월 13일 15시,금요일,전라남도 해남군 해남읍,경상사고,0,0,1,0,차대차 - 기타,안전운전불이행,젖음/습기,비,기타 - 기타,화물,남,52세,상해없음,승용,남,78세,경상
2021081300100307,2021년 8월 13일 15시,금요일,전라남도 영암군 미암면,경상사고,0,0,1,0,차대차 - 측면충돌,안전운전불이행,건조,맑음,교차로 - 교차로안,화물,남,22세,상해없음,승용,남,22세,경상
2021081300100339,2021년 8월 13일 16시,금요일,전라남도 여수시 학동,경상사고,0,0,2,0,차대차 - 측면충돌,신호위반,건조,맑음,교차로 - 교차로부근,승용,여,26세,경상,이륜,여,70세,경상
2021081300100340,2021년 8월 13일 16시,금요일,전라남도 광양시 광양읍,중상사고,0,1,0,0,차대사람 - 길가장자리구역통행중,안전운전불이행,건조,맑음,기타 - 기타,승용,남,61세,기타불명,보행자,남,67세,중상
2021081300100392,2021년 8월 13일 17시,금요일,전라남도 순천시 덕월동,경상사고,0,0,2,0,차대차 - 추돌,안전운전불이행,건조,맑음,단일로 - 기타,승용,남,63세,상해없음,승용,여,61세,경상
2021081300100393,2021년 8월 13일 17시,금요일,전라남도 장성군 장성읍,경상사고,0,0,2,0,차대차 - 추돌,신호위반,건조,맑음,단일로 - 기타,승용,남,27세,상해없음,승용,남,51세,경상
2021081300100446,2021년 8월 13일 18시,금요일,전라남도 목포시 상동,경상사고,0,0,1,0,차대차 - 측면충돌,안전운전불이행,건조,맑음,교차로 - 교차로부근,승용,남,42세,상해없음,화물,남,29세,경상
2021081300100447,2021년 8월 13일 18시,금요일,전라남도 해남군 문내면,경상사고,0,0,1,0,차대사람 - 기타,안전운전불이행,건조,맑음,기타 - 기타,화물,남,62세,상해없음,보행자,남,41세,경상
2021081300100509,2021년 8월 13일 20시,금요일,전라남도 구례군 용방면,경상사고,0,0,1,0,차대차 - 기타,안전운전불이행,건조,맑음,단일로 - 기타,승용,여,50세,상해없음,기타불명,여,76세,경상
2021081300100534,2021년 8월 13일 21시,금요일,전라남도 무안군 삼향읍,경상사고,0,0,1,0,차대차 - 기타,중앙선침범,건조,맑음,단일로 - 기타,이륜,남,20세,경상,화물,남,55세,기타불명
2021081400100023,2021년 8월 14일 02시,토요일,전라남도 화순군 화순읍,중상사고,0,1,0,0,차대차 - 측면충돌,신호위반,젖음/습기,비,교차로 - 교차로안,승용,남,26세,상해없음,이륜,남,70세,중상
2021081400100029,2021년 8월 14일 03시,토요일,전라남도 고흥군 포두면,중상사고,0,1,6,0,차량단독 - 공작물충돌,안전운전불이행,건조,맑음,단일로 - 기타,승용,남,72세,경상,,,,
2021081400100071,2021년 8월 14일 08시,토요일,전라남도 무안군 삼향읍,중상사고,0,1,0,0,차량단독 - 공작물충돌,안전운전불이행,젖음/습기,비,단일로 - 기타,화물,남,60세,상해없음,,,,
2021081400100100,2021년 8월 14일 09시,토요일,전라남도 순천시 연향동,중상사고,0,1,0,0,차대사람 - 횡단중,보행자보호의무위반,젖음/습기,비,교차로 - 교차로횡단보도내,승용,남,65세,상해없음,보행자,여,60세,중상
2021081400100110,2021년 8월 14일 10시,토요일,전라남도 광양시 중동,경상사고,0,0,1,0,차대차 - 측면충돌,안전운전불이행,젖음/습기,비,단일로 - 기타,승용,여,48세,기타불명,승용,남,42세,상해없음
2021081400100139,2021년 8월 14일 11시,토요일,전라남도 목포시 죽동,중상사고,0,1,0,0,차대사람 - 기타,보행자보호의무위반,건조,맑음,교차로 - 교차로횡단보도내,승용,여,52세,상해없음,보행자,여,79세,중상
2021081400100140,2021년 8월 14일 11시,토요일,전라남도 여수시 국동,경상사고,0,0,1,0,차대차 - 측면충돌,교차로운행방법위반,건조,맑음,교차로 - 교차로안,승용,여,42세,상해없음,화물,남,60세,경상
2021081400100141,2021년 8월 14일 11시,토요일,전라남도 장흥군 장흥읍,사망사고,1,0,1,0,차대차 - 정면충돌,중앙선침범,젖음/습기,비,기타 - 기타,화물,남,66세,경상,화물,남,60세,사망
2021081400100142,2021년 8월 14일 11시,토요일,전라남도 해남군 해남읍,중상사고,0,1,3,0,차대차 - 측면충돌,직진우회전진행방해,건조,맑음,교차로 - 교차로안,화물,남,72세,상해없음,승용,남,34세,경상
2021081400100143,2021년 8월 14일 11시,토요일,전라남도 해남군 해남읍,중상사고,0,1,0,0,차대차 - 측면충돌,직진우회전진행방해,건조,맑음,교차로 - 교차로안,화물,남,69세,상해없음,자전거,남,63세,중상
2021081400100204,2021년 8월 14일 13시,토요일,전라남도 신안군 압해읍,경상사고,0,0,4,0,차대차 - 기타,교차로운행방법위반,건조,맑음,교차로 - 교차로안,승용,남,74세,상해없음,승용,남,40세,경상
2021081400100205,2021년 8월 14일 13시,토요일,전라남도 순천시 연향동,경상사고,0,0,1,0,차대차 - 기타,교차로운행방법위반,건조,맑음,교차로 - 교차로안,화물,남,41세,상해없음,이륜,여,47세,경상
2021081400100275,2021년 8월 14일 15시,토요일,전라남도 신안군 압해읍,경상사고,0,0,2,0,차대차 - 추돌,안전운전불이행,건조,맑음,기타 - 기타,승용,남,62세,상해없음,승용,남,45세,상해없음
2021081400100276,2021년 8월 14일 15시,토요일,전라남도 여수시 덕충동,경상사고,0,0,2,0,차대차 - 추돌,안전운전불이행,건조,맑음,단일로 - 기타,승용,여,31세,기타불명,승용,여,32세,경상
2021081400100277,2021년 8월 14일 15시,토요일,전라남도 곡성군 삼기면,중상사고,0,1,0,0,차대사람 - 기타,안전운전불이행,건조,맑음,기타 - 기타,건설기계,남,60세,상해없음,보행자,남,52세,중상
2021081400100303,2021년 8월 14일 16시,토요일,전라남도 여수시 학동,경상사고,0,0,1,0,차대사람 - 횡단중,보행자보호의무위반,건조,맑음,단일로 - 기타,승용,여,59세,상해없음,보행자,여,41세,경상
2021081400100334,2021년 8월 14일 17시,토요일,전라남도 장흥군 장동면,사망사고,1,0,0,0,차대사람 - 기타,안전운전불이행,건조,흐림,교차로 - 교차로안,승용,여,66세,상해없음,보행자,남,79세,사망
2021081400100413,2021년 8월 14일 19시,토요일,전라남도 목포시 산정동,경상사고,0,0,1,0,차대차 - 측면충돌,안전운전불이행,건조,맑음,단일로 - 기타,승용,남,41세,상해없음,이륜,남,46세,경상
2021081400100414,2021년 8월 14일 19시,토요일,전라남도 해남군 송지면,경상사고,0,0,1,0,차대차 - 측면충돌,신호위반,건조,맑음,교차로 - 교차로안,승용,남,70세,상해없음,화물,남,58세,경상
2021081400100415,2021년 8월 14일 19시,토요일,전라남도 함평군 신광면,부상신고사고,0,0,0,1,차량단독 - 도로외이탈 - 기타,안전운전불이행,건조,맑음,단일로 - 기타,농기계,남,86세,부상신고,,,,
2021081400100440,2021년 8월 14일 20시,토요일,전라남도 목포시 용해동,경상사고,0,0,2,0,차대차 - 추돌,안전운전불이행,건조,맑음,단일로 - 기타,이륜,남,18세,경상,승용,남,58세,경상
2021081400100441,2021년 8월 14일 20시,토요일,전라남도 여수시 국동,경상사고,0,0,1,0,차대차 - 측면충돌,교차로운행방법위반,젖음/습기,비,교차로 - 교차로안,승용,여,40세,상해없음,이륜,남,30세,경상
2021081400100442,2021년 8월 14일 20시,토요일,전라남도 곡성군 옥과면,중상사고,0,1,0,0,차대사람 - 횡단중,안전운전불이행,건조,맑음,단일로 - 기타,승용,여,38세,상해없음,보행자,남,51세,중상
2021081400100470,2021년 8월 14일 21시,토요일,전라남도 광양시 중동,경상사고,0,0,1,0,차대차 - 기타,직진우회전진행방해,건조,기타,교차로 - 교차로안,개인형이동수단(PM),남,17세,경상,승용,남,57세,상해없음
2021081500100053,2021년 8월 15일 07시,일요일,전라남도 순천시 대대동,사망사고,1,0,0,0,차대차 - 추돌,안전운전불이행,건조,맑음,단일로 - 기타,화물,남,69세,상해없음,자전거,남,67세,사망
2021081500100112,2021년 8월 15일 11시,일요일,전라남도 고흥군 두원면,경상사고,0,0,3,0,차대차 - 기타,안전운전불이행,건조,맑음,단일로 - 기타,화물,남,74세,상해없음,승용,남,48세,상해없음
2021081500100140,2021년 8월 15일 12시,일요일,전라남도 목포시 상동,경상사고,0,0,2,0,차대차 - 기타,안전운전불이행,건조,맑음,교차로 - 교차로안,승용,남,21세,상해없음,승용,남,43세,경상
2021081500100141,2021년 8월 15일 12시,일요일,전라남도 목포시 산정동,경상사고,0,0,1,0,차대차 - 측면충돌,직진우회전진행방해,건조,맑음,교차로 - 교차로안,승용,여,32세,상해없음,승용,남,31세,경상
2021081500100168,2021년 8월 15일 13시,일요일,전라남도 순천시 덕암동,경상사고,0,0,2,0,차대사람 - 횡단중,보행자보호의무위반,건조,맑음,단일로 - 기타,승용,남,75세,상해없음,보행자,남,42세,경상
2021081500100169,2021년 8월 15일 13시,일요일,전라남도 순천시 해룡면,경상사고,0,0,1,0,차대차 - 측면충돌,안전운전불이행,건조,맑음,단일로 - 기타,승용,여,28세,상해없음,승용,남,51세,경상
2021081500100170,2021년 8월 15일 13시,일요일,전라남도 해남군 화원면,중상사고,0,1,0,0,차대차 - 추돌,안전운전불이행,건조,맑음,단일로 - 기타,화물,남,47세,상해없음,사륜오토바이(ATV),남,76세,중상
2021081500100204,2021년 8월 15일 14시,일요일,전라남도 순천시 해룡면,경상사고,0,0,2,0,차대차 - 추돌,안전운전불이행,건조,맑음,단일로 - 기타,승용,여,53세,상해없음,승용,여,49세,경상
2021081500100205,2021년 8월 15일 14시,일요일,전라남도 해남군 해남읍,경상사고,0,0,1,0,차대차 - 측면충돌,안전운전불이행,건조,맑음,교차로 - 교차로부근,화물,남,60세,상해없음,승용,여,37세,경상
2021081500100235,2021년 8월 15일 15시,일요일,전라남도 여수시 오천동,중상사고,0,1,0,0,차대사람 - 기타,안전운전불이행,건조,맑음,주차장 - 주차장,승용,남,35세,상해없음,보행자,여,49세,중상
2021081500100261,2021년 8월 15일 16시,일요일,전라남도 목포시 옥암동,경상사고,0,0,1,0,차대차 - 측면충돌,안전운전불이행,건조,맑음,교차로 - 교차로부근,승용,여,26세,경상,화물,남,45세,상해없음
2021081500100262,2021년 8월 15일 16시,일요일,전라남도 곡성군 곡성읍,중상사고,0,1,0,0,차대차 - 후진중충돌,안전운전불이행,건조,맑음,기타 - 기타,승용,여,47세,상해없음,승용,여,62세,중상
2021081500100295,2021년 8월 15일 17시,일요일,전라남도 고흥군 금산면,중상사고,0,1,0,0,차량단독 - 도로외이탈 - 추락,안전운전불이행,건조,맑음,단일로 - 기타,농기계,남,75세,중상,,,,
2021081500100296,2021년 8월 15일 17시,일요일,전라남도 무안군 삼향읍,중상사고,0,1,0,0,차대차 - 추돌,안전운전불이행,건조,맑음,기타 - 기타,승용,여,32세,상해없음,이륜,남,21세,중상
2021081500100340,2021년 8월 15일 19시,일요일,전라남도 목포시 상동,경상사고,0,0,2,0,차대차 - 기타,신호위반,건조,맑음,교차로 - 교차로안,승용,남,20세,상해없음,승용,남,30세,경상
2021081500100341,2021년 8월 15일 19시,일요일,전라남도 여수시 학동,경상사고,0,0,1,0,차대차 - 측면충돌,신호위반,건조,맑음,교차로 - 교차로부근,승용,남,64세,상해없음,승용,남,28세,상해없음
2021081600100047,2021년 8월 16일 08시,월요일,전라남도 나주시 공산면,중상사고,0,1,0,0,차량단독 - 도로외이탈 - 추락,안전운전불이행,건조,맑음,교차로 - 교차로부근,이륜,남,84세,중상,,,,
2021081600100048,2021년 8월 16일 08시,월요일,전라남도 함평군 손불면,사망사고,1,0,0,0,차대사람 - 기타,안전운전불이행,건조,맑음,단일로 - 기타,화물,여,56세,상해없음,보행자,여,79세,사망
2021081600100049,2021년 8월 16일 08시,월요일,전라남도 강진군 작천면,경상사고,0,0,1,0,차대사람 - 기타,안전운전불이행,건조,맑음,단일로 - 기타,승용,남,62세,상해없음,보행자,여,82세,경상
2021081600100081,2021년 8월 16일 10시,월요일,전라남도 영암군 삼호읍,경상사고,0,0,2,0,차대차 - 추돌,안전운전불이행,건조,맑음,교차로 - 교차로부근,특수,남,55세,기타불명,승용,남,36세,경상
2021081600100136,2021년 8월 16일 12시,월요일,전라남도 신안군 안좌면,경상사고,0,0,2,0,차대차 - 정면충돌,중앙선침범,건조,맑음,단일로 - 기타,승용,여,64세,상해없음,화물,여,60세,경상
2021081600100175,2021년 8월 16일 13시,월요일,전라남도 해남군 문내면,경상사고,0,0,1,0,차대차 - 측면충돌,신호위반,건조,맑음,교차로 - 교차로안,승용,남,68세,상해없음,승용,여,55세,경상
2021081600100176,2021년 8월 16일 13시,월요일,전라남도 담양군 창평면,경상사고,0,0,7,0,차대차 - 추돌,안전운전불이행,건조,맑음,단일로 - 기타,승합,남,47세,상해없음,승용,남,36세,경상
2021081600100211,2021년 8월 16일 14시,월요일,전라남도 목포시 상동,경상사고,0,0,2,0,차대차 - 기타,신호위반,건조,맑음,교차로 - 교차로안,승용,여,47세,상해없음,승용,남,21세,경상
2021081600100212,2021년 8월 16일 14시,월요일,전라남도 목포시 옥암동,경상사고,0,0,1,0,차대차 - 기타,안전운전불이행,건조,맑음,단일로 - 기타,화물,남,61세,상해없음,승용,남,25세,경상
2021081600100213,2021년 8월 16일 14시,월요일,전라남도 여수시 신기동,경상사고,0,0,1,0,차대사람 - 기타,안전운전불이행,건조,맑음,단일로 - 기타,화물,남,63세,상해없음,보행자,여,37세,경상
2021081600100214,2021년 8월 16일 14시,월요일,전라남도 여수시 웅천동,경상사고,0,0,1,0,차대사람 - 기타,안전운전불이행,건조,맑음,기타 - 기타,농기계,남,61세,기타불명,보행자,남,4세,경상
2021081600100215,2021년 8월 16일 14시,월요일,전라남도 무안군 무안읍,중상사고,0,1,0,0,차대차 - 추돌,안전운전불이행,건조,맑음,기타 - 기타,자전거,남,8세,중상,자전거,남,9세,상해없음
2021081600100216,2021년 8월 16일 14시,월요일,전라남도 보성군 겸백면,중상사고,0,3,2,0,차대차 - 추돌,안전운전불이행,건조,맑음,단일로 - 기타,화물,남,55세,상해없음,승용,여,46세,중상
2021081600100244,2021년 8월 16일 15시,월요일,전라남도 여수시 화장동,중상사고,0,2,1,0,차대차 - 측면충돌,교차로운행방법위반,건조,맑음,교차로 - 교차로안,승용,남,67세,중상,승용,남,63세,경상
2021081600100277,2021년 8월 16일 16시,월요일,전라남도 목포시 상동,경상사고,0,0,1,1,차대차 - 측면충돌,교차로운행방법위반,건조,맑음,교차로 - 교차로안,승용,남,39세,부상신고,이륜,남,17세,경상
2021081600100278,2021년 8월 16일 16시,월요일,전라남도 여수시 학동,경상사고,0,0,3,0,차대차 - 측면충돌,안전운전불이행,건조,맑음,교차로 - 교차로안,승용,남,39세,상해없음,승용,남,38세,경상
2021081600100279,2021년 8월 16일 16시,월요일,전라남도 화순군 능주면,중상사고,0,1,0,0,차대차 - 추돌,안전운전불이행,건조,맑음,단일로 - 기타,승용,여,58세,상해없음,이륜,남,51세,중상
2021081600100280,2021년 8월 16일 16시,월요일,전라남도 담양군 담양읍,경상사고,0,0,1,0,차대차 - 측면충돌,안전운전불이행,건조,맑음,교차로 - 교차로안,승용,남,36세,상해없음,이륜,여,73세,경상
2021081600100317,2021년 8월 16일 17시,월요일,전라남도 영암군 삼호읍,경상사고,0,0,1,0,차대차 - 측면충돌,중앙선침범,건조,맑음,단일로 - 기타,승용,남,53세,상해없음,승용,남,52세,경상
2021081600100351,2021년 8월 16일 18시,월요일,전라남도 목포시 용해동,경상사고,0,0,1,0,차대차 - 추돌,안전운전불이행,건조,맑음,교차로 - 교차로부근,특수,남,52세,상해없음,승용,남,35세,경상
2021081600100352,2021년 8월 16일 18시,월요일,전라남도 화순군 화순읍,경상사고,0,0,1,0,차대차 - 측면충돌,직진우회전진행방해,건조,맑음,교차로 - 교차로안,승용,남,68세,상해없음,개인형이동수단(PM),여,52세,경상
2021081600100353,2021년 8월 16일 18시,월요일,전라남도 장성군 장성읍,경상사고,0,0,1,0,차대차 - 측면충돌,불법유턴,건조,맑음,단일로 - 기타,화물,남,62세,상해없음,이륜,남,20세,경상
2021081600100381,2021년 8월 16일 19시,월요일,전라남도 목포시 옥암동,중상사고,0,1,0,0,차대사람 - 기타,안전운전불이행,건조,맑음,교차로 - 교차로안,승용,남,20세,상해없음,보행자,여,64세,중상
2021081600100382,2021년 8월 16일 19시,월요일,전라남도 여수시 고소동,경상사고,0,0,1,0,차대차 - 후진중충돌,안전운전불이행,건조,맑음,단일로 - 기타,승용,남,52세,상해없음,승용,남,29세,경상
2021081600100432,2021년 8월 16일 21시,월요일,전라남도 순천시 조곡동,중상사고,0,2,0,0,차대사람 - 기타,안전운전불이행,건조,맑음,교차로 - 교차로부근,이륜,남,45세,중상,보행자,남,57세,중상
2021081700100010,2021년 8월 17일 01시,화요일,전라남도 곡성군 곡성읍,경상사고,0,0,1,0,차대차 - 추돌,안전운전불이행,건조,흐림,단일로 - 교량,화물,남,40세,상해없음,화물,남,58세,경상
2021081700100042,2021년 8월 17일 07시,화요일,전라남도 여수시 여서동,중상사고,0,1,0,0,차대차 - 측면충돌,교차로운행방법위반,건조,맑음,교차로 - 교차로안,승용,여,43세,상해없음,자전거,남,77세,중상
2021081700100110,2021년 8월 17일 09시,화요일,전라남도 무안군 무안읍,경상사고,0,0,1,0,차대차 - 측면충돌,안전운전불이행,건조,맑음,교차로 - 교차로안,승용,여,57세,상해없음,이륜,남,84세,경상
2021081700100140,2021년 8월 17일 10시,화요일,전라남도 영광군 불갑면,중상사고,0,1,0,0,차대차 - 추돌,안전운전불이행,건조,맑음,단일로 - 기타,화물,남,59세,상해없음,화물,남,28세,중상
2021081700100180,2021년 8월 17일 11시,화요일,전라남도 목포시 옥암동,경상사고,0,0,1,0,차대차 - 측면충돌,안전운전불이행,건조,맑음,단일로 - 기타,승용,남,25세,상해없음,이륜,남,43세,경상
2021081700100181,2021년 8월 17일 11시,화요일,전라남도 나주시 산포면,중상사고,0,1,0,0,차대사람 - 차도통행중,안전운전불이행,건조,맑음,교차로 - 교차로부근,승용,여,53세,상해없음,보행자,남,78세,중상
2021081700100182,2021년 8월 17일 11시,화요일,전라남도 구례군 구례읍,경상사고,0,0,1,0,차대차 - 측면충돌,안전운전불이행,건조,맑음,교차로 - 교차로안,자전거,남,61세,경상,화물,남,72세,상해없음
2021081700100183,2021년 8월 17일 11시,화요일,전라남도 구례군 산동면,경상사고,0,0,1,0,차량단독 - 전도전복 - 전도,안전운전불이행,건조,맑음,단일로 - 기타,이륜,남,71세,경상,,,,
2021081700100212,2021년 8월 17일 12시,화요일,전라남도 여수시 오림동,경상사고,0,0,1,0,차대차 - 기타,교차로운행방법위반,건조,맑음,교차로 - 교차로안,승용,남,78세,상해없음,승용,남,56세,상해없음
2021081700100213,2021년 8월 17일 12시,화요일,전라남도 순천시 조곡동,경상사고,0,0,1,0,차대차 - 추돌,안전운전불이행,건조,맑음,교차로 - 교차로안,승합,남,38세,상해없음,화물,남,41세,상해없음
2021081700100214,2021년 8월 17일 12시,화요일,전라남도 장흥군 장흥읍,경상사고,0,0,2,0,차대차 - 측면충돌,안전운전불이행,건조,맑음,교차로 - 교차로안,화물,남,52세,경상,승용,남,55세,경상
2021081700100215,2021년 8월 17일 12시,화요일,전라남도 곡성군 오산면,중상사고,0,2,2,0,차대차 - 추돌,안전운전불이행,건조,맑음,단일로 - 기타,승용,남,72세,상해없음,승용,여,25세,경상
2021081700100250,2021년 8월 17일 13시,화요일,전라남도 목포시 상동,경상사고,0,0,2,0,차대차 - 추돌,안전운전불이행,건조,맑음,교차로 - 교차로부근,승용,여,73세,상해없음,승용,남,28세,경상
2021081700100287,2021년 8월 17일 14시,화요일,전라남도 목포시 용해동,경상사고,0,0,1,0,차대차 - 추돌,안전운전불이행,건조,맑음,교차로 - 교차로부근,승용,남,31세,상해없음,승용,남,76세,경상
2021081700100288,2021년 8월 17일 14시,화요일,전라남도 보성군 보성읍,사망사고,1,0,0,0,차대차 - 측면충돌,안전운전불이행,건조,맑음,교차로 - 교차로안,화물,남,62세,상해없음,이륜,남,56세,사망
2021081700100289,2021년 8월 17일 14시,화요일,전라남도 화순군 화순읍,중상사고,0,1,0,0,차대사람 - 차도통행중,중앙선침범,건조,맑음,단일로 - 기타,승용,남,74세,상해없음,보행자,여,76세,중상
2021081700100290,2021년 8월 17일 14시,화요일,전라남도 담양군 창평면,중상사고,0,1,0,0,차대차 - 측면충돌,교차로운행방법위반,건조,맑음,교차로 - 교차로안,이륜,남,82세,중상,승용,남,53세,상해없음
2021081700100323,2021년 8월 17일 15시,화요일,전라남도 여수시 학동,경상사고,0,0,1,0,차대사람 - 차도통행중,안전운전불이행,건조,맑음,단일로 - 기타,승용,여,38세,상해없음,보행자,남,30세,경상
2021081700100361,2021년 8월 17일 16시,화요일,전라남도 여수시 소라면,경상사고,0,0,1,0,차대사람 - 횡단중,신호위반,건조,맑음,교차로 - 교차로횡단보도내,승합,남,58세,상해없음,보행자,여,6세,경상
2021081700100362,2021년 8월 17일 16시,화요일,전라남도 나주시 남평읍,경상사고,0,0,1,0,차대차 - 측면충돌,안전운전불이행,건조,맑음,교차로 - 교차로안,화물,남,64세,상해없음,화물,남,33세,경상
2021081700100410,2021년 8월 17일 17시,화요일,전라남도 목포시 죽교동,경상사고,0,0,5,0,차대차 - 추돌,안전운전불이행,건조,맑음,단일로 - 기타,승용,남,71세,상해없음,화물,남,55세,경상
2021081700100411,2021년 8월 17일 17시,화요일,전라남도 보성군 벌교읍,경상사고,0,0,1,0,차량단독 - 도로외이탈 - 추락,안전운전불이행,건조,맑음,단일로 - 기타,이륜,여,71세,경상,,,,
2021081700100447,2021년 8월 17일 18시,화요일,전라남도 목포시 상동,경상사고,0,0,1,0,차대차 - 기타,신호위반,건조,맑음,교차로 - 교차로안,승용,여,22세,기타불명,승용,남,39세,경상
2021081700100483,2021년 8월 17일 19시,화요일,전라남도 나주시 빛가람동,경상사고,0,0,1,0,차대차 - 측면충돌,안전운전불이행,건조,맑음,교차로 - 교차로안,승용,남,31세,상해없음,승합,남,49세,상해없음
2021081700100514,2021년 8월 17일 20시,화요일,전라남도 목포시 상동,중상사고,0,1,0,0,차대차 - 측면충돌,신호위반,건조,맑음,교차로 - 교차로안,이륜,남,21세,상해없음,자전거,여,67세,중상
2021081700100515,2021년 8월 17일 20시,화요일,전라남도 목포시 산정동,경상사고,0,0,1,0,차대차 - 기타,안전운전불이행,건조,맑음,기타 - 기타,원동기,남,38세,상해없음,이륜,남,30세,경상
2021081700100516,2021년 8월 17일 20시,화요일,전라남도 강진군 강진읍,경상사고,0,0,3,0,차대차 - 측면충돌,교차로운행방법위반,건조,맑음,교차로 - 교차로안,승용,남,59세,상해없음,승용,남,37세,경상
2021081700100517,2021년 8월 17일 20시,화요일,전라남도 광양시 성황동,경상사고,0,0,1,0,차량단독 - 공작물충돌,안전운전불이행,건조,맑음,단일로 - 기타,승용,남,54세,경상,,,,
2021081700100547,2021년 8월 17일 21시,화요일,전라남도 광양시 중동,부상신고사고,0,0,0,1,차대차 - 기타,안전운전불이행,건조,맑음,교차로 - 교차로안,승용,남,53세,상해없음,승용,남,29세,상해없음
2021081800100069,2021년 8월 18일 08시,수요일,전라남도 목포시 용당동,경상사고,0,0,1,0,차대차 - 기타,기타,건조,맑음,기타 - 기타,자전거,남,52세,경상,승용,남,44세,상해없음