사고번호,사고일시,요일,시군구,사고내용,사망자수,중상자수,경상자수,부상신고자수,사고유형,법규위반,노면상태,기상상태,도로형태,가해운전자 차종,가해운전자 성별,가해운전자 연령,가해운전자 상해정도,피해운전자 차종,피해운전자 성별,피해운전자 연령,피해운전자 상해정도
2021081800100070,2021년 8월 18일 08시,수요일,전라남도 여수시 봉산동,중상사고,0,1,0,0,차대차 - 측면충돌,중앙선침범,건조,맑음,단일로 - 기타,승용,남,22세,상해없음,승용,남,46세,중상
2021081800100071,2021년 8월 18일 08시,수요일,전라남도 장흥군 회진면,중상사고,0,1,0,0,차량단독 - 도로외이탈 - 추락,안전운전불이행,건조,맑음,단일로 - 기타,농기계,남,79세,중상,,,,
2021081800100072,2021년 8월 18일 08시,수요일,전라남도 담양군 창평면,중상사고,0,1,0,0,차대차 - 측면충돌,안전운전불이행,건조,맑음,교차로 - 교차로안,승용,여,46세,상해없음,농기계,남,85세,중상
2021081800100131,2021년 8월 18일 10시,수요일,전라남도 완도군 고금면,사망사고,2,0,0,0,차량단독 - 공작물충돌,안전운전불이행,건조,맑음,기타 - 기타,화물,남,70세,사망,,,,
2021081800100132,2021년 8월 18일 10시,수요일,전라남도 광양시 중동,경상사고,0,0,1,0,차대차 - 측면충돌,교차로운행방법위반,건조,맑음,교차로 - 교차로안,화물,남,44세,상해없음,승용,남,25세,경상
2021081800100166,2021년 8월 18일 11시,수요일,전라남도 해남군 북일면,중상사고,0,1,0,0,차대차 - 측면충돌,안전운전불이행,건조,맑음,교차로 - 교차로부근,농기계,남,61세,중상,승용,남,59세,상해없음
2021081800100237,2021년 8월 18일 13시,수요일,전라남도 완도군 신지면,경상사고,0,0,2,0,차량단독 - 기타,안전운전불이행,건조,맑음,단일로 - 기타,이륜,남,82세,경상,,,,
2021081800100238,2021년 8월 18일 13시,수요일,전라남도 광양시 황금동,경상사고,0,0,1,0,차대차 - 기타,안전운전불이행,건조,맑음,기타 - 기타,건설기계,남,46세,상해없음,건설기계,남,64세,경상
2021081800100299,2021년 8월 18일 15시,수요일,전라남도 여수시 학동,경상사고,0,0,1,0,차대차 - 측면충돌,차로위반,건조,맑음,단일로 - 기타,승용,남,35세,상해없음,승합,여,36세,경상
2021081800100327,2021년 8월 18일 16시,수요일,전라남도 장성군 황룡면,경상사고,0,0,2,0,차대차 - 측면충돌,안전운전불이행,젖음/습기,흐림,교차로 - 교차로안,승용,남,47세,경상,승용,여,54세,경상
2021081800100382,2021년 8월 18일 17시,수요일,전라남도 목포시 옥암동,경상사고,0,0,1,0,차대차 - 측면충돌,중앙선침범,젖음/습기,비,기타 - 기타,승용,남,43세,상해없음,승용,여,48세,경상
2021081800100384,2021년 8월 18일 17시,수요일,전라남도 순천시 해룡면,경상사고,0,0,1,0,차대사람 - 횡단중,보행자보호의무위반,건조,맑음,단일로 - 기타,승용,여,26세,상해없음,보행자,남,8세,경상
2021081800100385,2021년 8월 18일 17시,수요일,전라남도 나주시 봉황면,경상사고,0,0,3,0,차대차 - 측면충돌,안전운전불이행,건조,맑음,교차로 - 교차로안,승용,남,50세,상해없음,화물,여,50세,경상
2021081800100386,2021년 8월 18일 17시,수요일,전라남도 광양시 광양읍,경상사고,0,0,1,0,차대차 - 기타,안전운전불이행,건조,맑음,교차로 - 교차로횡단보도내,승용,여,34세,상해없음,자전거,남,63세,경상
2021081800100428,2021년 8월 18일 18시,수요일,전라남도 목포시 용해동,경상사고,0,0,2,0,차대차 - 기타,신호위반,건조,맑음,교차로 - 교차로안,승용,남,39세,상해없음,승용,남,48세,경상
2021081800100429,2021년 8월 18일 18시,수요일,전라남도 순천시 풍덕동,경상사고,0,0,1,0,차대차 - 기타,안전운전불이행,건조,맑음,단일로 - 기타,화물,남,76세,상해없음,승용,여,25세,경상
2021081800100430,2021년 8월 18일 18시,수요일,전라남도 영광군 대마면,중상사고,0,1,1,0,차대차 - 기타,직진우회전진행방해,건조,맑음,교차로 - 교차로안,승용,남,36세,경상,승용,남,50세,중상
2021081800100470,2021년 8월 18일 19시,수요일,전라남도 목포시 죽교동,경상사고,0,0,1,0,차대사람 - 기타,안전운전불이행,건조,맑음,단일로 - 기타,승용,남,40세,상해없음,보행자,여,17세,경상
2021081800100471,2021년 8월 18일 19시,수요일,전라남도 순천시 덕암동,중상사고,0,1,0,0,차대사람 - 횡단중,안전운전불이행,젖음/습기,비,단일로 - 기타,이륜,남,19세,상해없음,보행자,여,78세,중상
2021081800100532,2021년 8월 18일 21시,수요일,전라남도 광양시 중동,경상사고,0,0,1,0,차대사람 - 기타,안전운전불이행,젖음/습기,비,기타 - 기타,승용,여,51세,상해없음,보행자,남,26세,경상
2021081800100565,2021년 8월 18일 22시,수요일,전라남도 순천시 조곡동,경상사고,0,0,2,0,차대차 - 기타,교차로운행방법위반,건조,맑음,교차로 - 교차로안,승용,남,57세,상해없음,승용,남,23세,상해없음
2021081900100069,2021년 8월 19일 08시,목요일,전라남도 영광군 군서면,중상사고,0,1,0,0,차대사람 - 기타,안전운전불이행,건조,맑음,기타 - 기타,화물,남,64세,상해없음,보행자,남,27세,중상
2021081900100070,2021년 8월 19일 08시,목요일,전라남도 강진군 강진읍,경상사고,0,0,2,0,차대차 - 추돌,안전운전불이행,건조,맑음,교차로 - 교차로부근,승용,남,36세,상해없음,승용,남,47세,경상
2021081900100111,2021년 8월 19일 09시,목요일,전라남도 여수시 충무동,경상사고,0,0,1,0,차대차 - 측면충돌,안전운전불이행,건조,맑음,단일로 - 기타,승용,남,69세,상해없음,승용,여,58세,경상
2021081900100152,2021년 8월 19일 10시,목요일,전라남도 목포시 옥암동,경상사고,0,0,1,0,차대차 - 기타,교차로운행방법위반,건조,맑음,교차로 - 교차로부근,승용,남,76세,상해없음,승용,남,45세,경상
2021081900100153,2021년 8월 19일 10시,목요일,전라남도 목포시 옥암동,경상사고,0,0,1,0,차대차 - 측면충돌,안전운전불이행,건조,맑음,교차로 - 교차로안,승용,남,59세,상해없음,승용,여,52세,경상
2021081900100154,2021년 8월 19일 10시,목요일,전라남도 순천시 조례동,경상사고,0,0,1,0,차대차 - 측면충돌,신호위반,건조,맑음,교차로 - 교차로부근,승용,여,53세,상해없음,승용,여,65세,경상
2021081900100155,2021년 8월 19일 10시,목요일,전라남도 장성군 장성읍,경상사고,0,0,1,0,차대차 - 측면충돌,안전운전불이행,건조,맑음,교차로 - 교차로안,화물,남,74세,상해없음,화물,남,39세,경상
2021081900100188,2021년 8월 19일 11시,목요일,전라남도 담양군 담양읍,경상사고,0,0,1,0,차대차 - 후진중충돌,안전운전불이행,건조,맑음,단일로 - 기타,화물,남,33세,상해없음,자전거,여,69세,경상
2021081900100220,2021년 8월 19일 12시,목요일,전라남도 순천시 덕암동,부상신고사고,0,0,0,1,차대차 - 후진중충돌,안전운전불이행,건조,맑음,단일로 - 기타,승용,남,64세,상해없음,이륜,남,71세,부상신고
2021081900100285,2021년 8월 19일 14시,목요일,전라남도 여수시 화장동,경상사고,0,0,2,0,차대차 - 측면충돌,차로위반,건조,맑음,단일로 - 기타,승용,남,67세,기타불명,승용,남,46세,경상
2021081900100323,2021년 8월 19일 15시,목요일,전라남도 여수시 학동,중상사고,0,1,0,0,차대사람 - 보도통행중,안전운전불이행,건조,맑음,단일로 - 기타,개인형이동수단(PM),남,11세,상해없음,보행자,여,67세,중상
2021081900100324,2021년 8월 19일 15시,목요일,전라남도 진도군 진도읍,경상사고,0,0,1,0,차대차 - 측면충돌,안전운전불이행,건조,맑음,교차로 - 교차로안,승용,남,52세,상해없음,승용,여,54세,경상
2021081900100363,2021년 8월 19일 16시,목요일,전라남도 나주시 빛가람동,경상사고,0,0,2,0,차대차 - 측면충돌,안전운전불이행,건조,맑음,단일로 - 기타,승용,남,53세,기타불명,승용,남,30세,경상
2021081900100364,2021년 8월 19일 16시,목요일,전라남도 구례군 구례읍,경상사고,0,0,1,0,차대차 - 측면충돌,교차로운행방법위반,건조,맑음,교차로 - 교차로안,승용,여,25세,상해없음,이륜,여,70세,경상
2021081900100409,2021년 8월 19일 17시,목요일,전라남도 목포시 상동,경상사고,0,0,3,0,차대차 - 측면충돌,안전운전불이행,건조,맑음,교차로 - 교차로부근,화물,남,33세,경상,승용,여,33세,경상
2021081900100514,2021년 8월 19일 20시,목요일,전라남도 광양시 마동,중상사고,0,1,1,0,차대차 - 기타,불법유턴,건조,기타,단일로 - 기타,승용,여,23세,상해없음,승용,남,64세,경상
2021081900100543,2021년 8월 19일 21시,목요일,전라남도 여수시 남산동,경상사고,0,0,4,0,차대차 - 추돌,안전운전불이행,건조,맑음,단일로 - 기타,승용,남,63세,상해없음,승용,남,50세,경상
2021081900100566,2021년 8월 19일 22시,목요일,전라남도 순천시 연향동,경상사고,0,0,4,0,차대차 - 측면충돌,안전운전불이행,젖음/습기,비,교차로 - 교차로안,승용,남,24세,경상,승용,남,58세,경상
2021082000100051,2021년 8월 20일 07시,금요일,전라남도 순천시 낙안면,사망사고,1,0,0,0,차대차 - 측면충돌,기타,건조,맑음,교차로 - 교차로안,승용,남,39세,상해없음,이륜,남,71세,사망
2021082000100052,2021년 8월 20일 07시,금요일,전라남도 고흥군 과역면,중상사고,0,1,0,0,차대사람 - 길가장자리구역통행중,안전운전불이행,건조,맑음,교차로 - 교차로부근,화물,남,54세,상해없음,보행자,여,84세,중상
2021082000100072,2021년 8월 20일 08시,금요일,전라남도 목포시 용당동,경상사고,0,0,1,0,차대사람 - 차도통행중,안전운전불이행,건조,맑음,단일로 - 기타,승용,여,45세,상해없음,보행자,여,65세,경상
2021082000100073,2021년 8월 20일 08시,금요일,전라남도 순천시 연향동,경상사고,0,0,2,0,차대차 - 추돌,안전거리미확보,건조,맑음,단일로 - 기타,승용,남,65세,상해없음,화물,남,58세,경상
2021082000100100,2021년 8월 20일 09시,금요일,전라남도 고흥군 고흥읍,중상사고,0,1,0,0,차대차 - 측면충돌,기타,건조,맑음,교차로 - 교차로안,이륜,여,72세,상해없음,자전거,남,83세,중상
2021082000100101,2021년 8월 20일 09시,금요일,전라남도 무안군 삼향읍,경상사고,0,0,1,0,차대차 - 측면충돌,안전운전불이행,건조,맑음,교차로 - 교차로부근,승용,남,78세,상해없음,승용,남,55세,경상
2021082000100123,2021년 8월 20일 10시,금요일,전라남도 여수시 오림동,경상사고,0,0,1,0,차대차 - 기타,안전운전불이행,건조,맑음,단일로 - 기타,승용,남,78세,상해없음,승합,남,60세,상해없음
2021082000100124,2021년 8월 20일 10시,금요일,전라남도 완도군 완도읍,경상사고,0,0,2,0,차대차 - 후진중충돌,안전운전불이행,건조,맑음,기타 - 기타,화물,남,56세,경상,승용,남,33세,경상
2021082000100198,2021년 8월 20일 12시,금요일,전라남도 목포시 대성동,경상사고,0,0,1,0,차대차 - 추돌,안전운전불이행,건조,맑음,단일로 - 기타,승용,남,53세,상해없음,승용,여,30세,경상
2021082000100199,2021년 8월 20일 12시,금요일,전라남도 여수시 화장동,경상사고,0,0,1,0,차대차 - 추돌,안전운전불이행,건조,맑음,교차로 - 교차로안,화물,남,29세,상해없음,승용,여,28세,경상
2021082000100200,2021년 8월 20일 12시,금요일,전라남도 여수시 학동,경상사고,0,0,3,0,차대차 - 측면충돌,차로위반,건조,맑음,단일로 - 기타,승용,남,72세,상해없음,승용,남,22세,경상
2021082000100201,2021년 8월 20일 12시,금요일,전라남도 영광군 영광읍,부상신고사고,0,0,0,1,차대차 - 측면충돌,교차로운행방법위반,건조,맑음,교차로 - 교차로안,이륜,남,83세,부상신고,승용,남,75세,상해없음
2021082000100202,2021년 8월 20일 12시,금요일,전라남도 영암군 삼호읍,경상사고,0,0,2,0,차대차 - 측면충돌,안전운전불이행,건조,맑음,교차로 - 교차로안,승용,여,31세,경상,승용,남,41세,경상
2021082000100244,2021년 8월 20일 13시,금요일,전라남도 여수시 학동,경상사고,0,0,1,0,차대차 - 추돌,안전운전불이행,건조,맑음,단일로 - 기타,승용,남,34세,상해없음,이륜,남,23세,경상
2021082000100246,2021년 8월 20일 13시,금요일,전라남도 해남군 북평면,경상사고,0,0,1,0,차대차 - 측면충돌,교차로운행방법위반,건조,맑음,교차로 - 교차로안,승용,남,72세,상해없음,이륜,남,39세,경상
2021082000100291,2021년 8월 20일 14시,금요일,전라남도 순천시 연향동,경상사고,0,0,3,0,차대차 - 측면충돌,안전운전불이행,건조,맑음,교차로 - 교차로부근,승용,여,50세,경상,승용,남,34세,경상
2021082000100363,2021년 8월 20일 16시,금요일,전라남도 영암군 삼호읍,경상사고,0,0,1,0,차대차 - 측면충돌,안전운전불이행,건조,맑음,주차장 - 주차장,화물,남,71세,상해없음,승용,남,54세,경상
2021082000100415,2021년 8월 20일 17시,금요일,전라남도 여수시 신기동,중상사고,0,1,0,0,차대사람 - 횡단중,보행자보호의무위반,건조,맑음,교차로 - 교차로횡단보도내,승용,남,71세,상해없음,보행자,여,20세,중상
2021082000100416,2021년 8월 20일 17시,금요일,전라남도 장성군 남면,경상사고,0,0,1,0,차대차 - 추돌,안전운전불이행,건조,맑음,단일로 - 기타,화물,남,27세,상해없음,화물,남,29세,경상
2021082000100417,2021년 8월 20일 17시,금요일,전라남도 강진군 강진읍,경상사고,0,0,3,0,차대차 - 측면충돌,직진우회전진행방해,건조,맑음,교차로 - 교차로부근,승용,여,61세,경상,승용,남,61세,경상
2021082000100462,2021년 8월 20일 18시,금요일,전라남도 순천시 조례동,경상사고,0,0,1,0,차량단독 - 기타,안전운전불이행,건조,맑음,단일로 - 기타,승합,남,47세,상해없음,,,,
2021082000100463,2021년 8월 20일 18시,금요일,전라남도 해남군 삼산면,중상사고,0,1,0,0,차대차 - 측면충돌,직진우회전진행방해,건조,맑음,교차로 - 교차로안,사륜오토바이(ATV),여,69세,중상,화물,남,27세,상해없음
2021082000100509,2021년 8월 20일 19시,금요일,전라남도 광양시 중동,중상사고,0,1,0,0,차대사람 - 차도통행중,안전운전불이행,건조,맑음,교차로 - 교차로안,승용,여,49세,상해없음,보행자,남,55세,중상
2021082000100544,2021년 8월 20일 20시,금요일,전라남도 여수시 학동,경상사고,0,0,1,0,차대사람 - 횡단중,안전운전불이행,젖음/습기,흐림,단일로 - 기타,승용,남,19세,상해없음,보행자,여,56세,경상
2021082000100545,2021년 8월 20일 20시,금요일,전라남도 나주시 금천면,경상사고,0,0,1,0,차대사람 - 차도통행중,안전운전불이행,건조,맑음,단일로 - 기타,승용,남,79세,상해없음,보행자,남,58세,경상
2021082000100584,2021년 8월 20일 21시,금요일,전라남도 순천시 연향동,경상사고,0,0,2,0,차대차 - 추돌,안전운전불이행,건조,맑음,교차로 - 교차로부근,승용,여,51세,상해없음,승용,남,32세,경상
2021082000100585,2021년 8월 20일 21시,금요일,전라남도 순천시 조례동,경상사고,0,0,2,0,차대차 - 측면충돌,안전운전불이행,건조,맑음,단일로 - 기타,승용,남,32세,상해없음,승용,남,24세,기타불명
2021082000100620,2021년 8월 20일 22시,금요일,전라남도 광양시 중동,경상사고,0,0,1,0,차대차 - 추돌,안전운전불이행,젖음/습기,비,교차로 - 교차로부근,승용,남,56세,상해없음,승용,여,35세,경상
2021082100100036,2021년 8월 21일 06시,토요일,전라남도 여수시 중흥동,중상사고,0,1,1,0,차대차 - 측면충돌,중앙선침범,젖음/습기,비,기타 - 기타,화물,남,48세,상해없음,승용,남,47세,경상
2021082100100037,2021년 8월 21일 06시,토요일,전라남도 순천시 연향동,경상사고,0,0,2,0,차대차 - 추돌,안전운전불이행,건조,맑음,교차로 - 교차로부근,승용,남,30세,상해없음,승용,여,69세,경상
2021082100100079,2021년 8월 21일 09시,토요일,전라남도 무안군 해제면,경상사고,0,0,1,0,차대차 - 기타,안전운전불이행,젖음/습기,비,교차로 - 교차로안,승용,남,28세,기타불명,화물,남,72세,경상
2021082100100100,2021년 8월 21일 10시,토요일,전라남도 순천시 석현동,경상사고,0,0,4,2,차대차 - 기타,안전거리미확보,젖음/습기,비,기타 - 기타,화물,남,59세,상해없음,승용,여,52세,경상
2021082100100129,2021년 8월 21일 11시,토요일,전라남도 순천시 승주읍,경상사고,0,0,1,0,차대차 - 추돌,안전운전불이행,젖음/습기,비,교차로 - 교차로부근,화물,남,62세,상해없음,승용,여,59세,경상
2021082100100130,2021년 8월 21일 11시,토요일,전라남도 광양시 광양읍,경상사고,0,0,1,0,차대차 - 측면충돌,교차로운행방법위반,젖음/습기,비,교차로 - 교차로안,승용,여,44세,상해없음,이륜,남,26세,경상
2021082100100166,2021년 8월 21일 12시,토요일,전라남도 목포시 옥암동,경상사고,0,0,1,0,차대차 - 측면충돌,신호위반,건조,맑음,교차로 - 교차로안,승합,남,47세,상해없음,승용,남,29세,경상
2021082100100167,2021년 8월 21일 12시,토요일,전라남도 순천시 연향동,경상사고,0,0,1,0,차대차 - 기타,안전운전불이행,젖음/습기,비,단일로 - 기타,승용,남,40세,상해없음,승용,여,26세,경상
2021082100100168,2021년 8월 21일 12시,토요일,전라남도 광양시 중동,경상사고,0,0,2,0,차대차 - 측면충돌,교차로운행방법위반,젖음/습기,비,교차로 - 교차로안,승용,남,39세,경상,승용,여,55세,경상
2021082100100216,2021년 8월 21일 13시,토요일,전라남도 여수시 신기동,경상사고,0,0,1,0,차대차 - 추돌,안전운전불이행,젖음/습기,흐림,단일로 - 기타,승용,남,52세,상해없음,승용,여,36세,경상
2021082100100217,2021년 8월 21일 13시,토요일,전라남도 화순군 동복면,중상사고,0,3,1,0,차대차 - 정면충돌,기타,젖음/습기,비,단일로 - 기타,승용,남,21세,상해없음,승용,남,19세,경상
2021082100100259,2021년 8월 21일 14시,토요일,전라남도 목포시 연산동,경상사고,0,0,1,0,차대사람 - 기타,안전운전불이행,건조,맑음,단일로 - 기타,승용,여,40세,상해없음,보행자,남,21세,경상
2021082100100289,2021년 8월 21일 15시,토요일,전라남도 광양시 중동,경상사고,0,0,1,0,차대차 - 측면충돌,안전운전불이행,젖음/습기,흐림,교차로 - 교차로안,승용,기타불명,31세,기타불명,승용,남,48세,경상
2021082100100317,2021년 8월 21일 16시,토요일,전라남도 여수시 소라면,중상사고,0,1,0,0,차대차 - 기타,중앙선침범,젖음/습기,비,교차로 - 교차로부근,이륜,남,47세,상해없음,이륜,남,58세,중상
2021082100100352,2021년 8월 21일 17시,토요일,전라남도 함평군 함평읍,경상사고,0,0,3,0,차대차 - 측면충돌,교차로운행방법위반,건조,맑음,교차로 - 교차로안,승용,남,39세,경상,화물,남,49세,경상
2021082100100377,2021년 8월 21일 18시,토요일,전라남도 화순군 화순읍,경상사고,0,0,1,0,차대차 - 측면충돌,중앙선침범,젖음/습기,흐림,단일로 - 기타,승용,남,24세,상해없음,원동기,남,22세,경상
2021082100100464,2021년 8월 21일 21시,토요일,전라남도 진도군 의신면,경상사고,0,0,2,0,차대차 - 측면충돌,중앙선침범,젖음/습기,흐림,단일로 - 기타,승용,남,61세,상해없음,승용,남,40세,경상
2021082200100010,2021년 8월 22일 01시,일요일,전라남도 목포시 상동,경상사고,0,0,1,0,차대차 - 추돌,안전운전불이행,젖음/습기,흐림,단일로 - 기타,승용,남,32세,상해없음,승용,남,43세,상해없음
2021082200100044,2021년 8월 22일 07시,일요일,전라남도 고흥군 과역면,중상사고,0,1,1,0,차대차 - 기타,안전운전불이행,건조,맑음,단일로 - 기타,승용,남,44세,경상,화물,남,59세,중상
2021082200100052,2021년 8월 22일 08시,일요일,전라남도 함평군 월야면,중상사고,0,2,0,0,차대차 - 추돌,안전운전불이행,건조,맑음,단일로 - 기타,승용,남,21세,중상,승용,남,37세,중상
2021082200100062,2021년 8월 22일 09시,일요일,전라남도 장흥군 장흥읍,경상사고,0,0,1,0,차대차 - 정면충돌,중앙선침범,건조,맑음,단일로 - 기타,승용,남,42세,상해없음,승용,남,78세,경상
2021082200100070,2021년 8월 22일 10시,일요일,전라남도 여수시 돌산읍,중상사고,0,1,0,0,차대차 - 측면충돌,안전운전불이행,건조,맑음,단일로 - 기타,이륜,남,52세,중상,승용,남,21세,상해없음
2021082200100095,2021년 8월 22일 11시,일요일,전라남도 담양군 가사문학면,경상사고,0,0,1,0,차량단독 - 기타,안전운전불이행,건조,맑음,단일로 - 기타,화물,남,77세,경상,,,,
2021082200100113,2021년 8월 22일 12시,일요일,전라남도 고흥군 고흥읍,경상사고,0,0,1,0,차대차 - 기타,안전운전불이행,건조,맑음,단일로 - 기타,승용,남,25세,상해없음,이륜,남,77세,경상
2021082200100114,2021년 8월 22일 12시,일요일,전라남도 무안군 삼향읍,경상사고,0,0,1,0,차대차 - 기타,신호위반,건조,맑음,교차로 - 교차로횡단보도내,승용,여,24세,상해없음,이륜,남,61세,경상
2021082200100148,2021년 8월 22일 13시,일요일,전라남도 목포시 죽교동,중상사고,0,1,0,0,차대차 - 기타,직진우회전진행방해,건조,맑음,교차로 - 교차로부근,화물,남,50세,상해없음,이륜,남,83세,중상
2021082200100149,2021년 8월 22일 13시,일요일,전라남도 여수시 여서동,경상사고,0,0,1,0,차대차 - 측면충돌,안전운전불이행,건조,맑음,교차로 - 교차로부근,자전거,남,33세,경상,승용,남,53세,상해없음
2021082200100182,2021년 8월 22일 14시,일요일,전라남도 여수시 덕충동,경상사고,0,0,1,0,차대차 - 추돌,안전운전불이행,건조,맑음,단일로 - 기타,승용,남,47세,상해없음,승용,남,62세,경상
2021082200100242,2021년 8월 22일 16시,일요일,전라남도 고흥군 영남면,경상사고,0,0,4,1,차대차 - 측면충돌,교차로운행방법위반,건조,맑음,교차로 - 교차로안,승용,남,43세,경상,화물,남,26세,상해없음
2021082200100243,2021년 8월 22일 16시,일요일,전라남도 화순군 화순읍,경상사고,0,0,1,0,차량단독 - 전도전복 - 전도,안전운전불이행,건조,맑음,단일로 - 기타,사륜오토바이(ATV),남,84세,경상,,,,
2021082200100267,2021년 8월 22일 17시,일요일,전라남도 강진군 성전면,경상사고,0,0,6,1,차대차 - 추돌,안전운전불이행,건조,맑음,단일로 - 기타,승용,여,63세,부상신고,승용,여,28세,경상
2021082200100268,2021년 8월 22일 17시,일요일,전라남도 광양시 진상면,중상사고,0,1,2,0,차대차 - 기타,차로위반,건조,맑음,교차로 - 교차로부근,승용,남,49세,경상,승용,남,34세,중상
2021082200100296,2021년 8월 22일 18시,일요일,전라남도 강진군 칠량면,중상사고,0,1,0,0,차대차 - 측면충돌,기타,건조,맑음,교차로 - 교차로안,화물,남,49세,상해없음,사륜오토바이(ATV),여,60세,중상
2021082200100367,2021년 8월 22일 22시,일요일,전라남도 광양시 광양읍,경상사고,0,0,1,0,차대차 - 측면충돌,안전운전불이행,젖음/습기,흐림,교차로 - 교차로안,개인형이동수단(PM),남,14세,경상,승합,남,71세,상해없음
2021082300100003,2021년 8월 23일 01시,월요일,전라남도 해남군 북평면,경상사고,0,0,2,0,차대차 - 추돌,안전운전불이행,건조,맑음,기타 - 기타,화물,남,20세,상해없음,승용,남,36세,경상
2021082300100032,2021년 8월 23일 07시,월요일,전라남도 완도군 신지면,경상사고,0,0,2,0,차대사람 - 기타,안전운전불이행,젖음/습기,흐림,단일로 - 기타,승용,남,80세,상해없음,보행자,남,82세,경상
2021082300100059,2021년 8월 23일 08시,월요일,전라남도 여수시 주삼동,경상사고,0,0,3,0,차대차 - 측면충돌,안전운전불이행,젖음/습기,비,기타 - 기타,승용,여,38세,경상,승용,여,46세,경상
2021082300100060,2021년 8월 23일 08시,월요일,전라남도 함평군 나산면,경상사고,0,0,4,0,차대차 - 기타,기타,젖음/습기,비,단일로 - 기타,승합,남,56세,경상,승용,여,44세,경상
2021082300100061,2021년 8월 23일 08시,월요일,전라남도 장성군 진원면,중상사고,0,1,0,0,차대차 - 측면충돌,안전운전불이행,젖음/습기,흐림,교차로 - 교차로안,승용,남,21세,상해없음,승용,여,66세,중상
2021082300100062,2021년 8월 23일 08시,월요일,전라남도 무안군 삼향읍,경상사고,0,0,1,0,차대차 - 기타,신호위반,건조,맑음,교차로 - 교차로안,승용,여,25세,상해없음,승용,여,32세,경상
2021082300100091,2021년 8월 23일 09시,월요일,전라남도 목포시 상동,경상사고,0,0,2,0,차대차 - 측면충돌,교차로운행방법위반,건조,맑음,교차로 - 교차로안,승용,남,65세,경상,승용,남,62세,경상
2021082300100092,2021년 8월 23일 09시,월요일,전라남도 순천시 연향동,부상신고사고,0,0,0,1,차대차 - 추돌,안전거리미확보,젖음/습기,비,단일로 - 기타,승용,여,54세,부상신고,화물,남,72세,상해없음
2021082300100093,2021년 8월 23일 09시,월요일,전라남도 고흥군 고흥읍,중상사고,0,1,0,0,차대사람 - 기타,안전운전불이행,건조,맑음,단일로 - 기타,건설기계,남,50세,상해없음,보행자,남,80세,중상
2021082300100117,2021년 8월 23일 10시,월요일,전라남도 목포시 산정동,경상사고,0,0,1,0,차대차 - 기타,신호위반,건조,맑음,교차로 - 교차로부근,화물,남,68세,상해없음,승용,여,41세,경상
2021082300100119,2021년 8월 23일 10시,월요일,전라남도 해남군 화산면,중상사고,0,1,2,0,차대차 - 측면충돌,교차로운행방법위반,건조,맑음,교차로 - 교차로안,화물,남,58세,경상,승용,남,62세,중상
2021082300100150,2021년 8월 23일 11시,월요일,전라남도 나주시 빛가람동,경상사고,0,0,1,0,차대차 - 기타,안전거리미확보,젖음/습기,비,단일로 - 기타,화물,남,59세,상해없음,이륜,남,27세,경상
2021082300100195,2021년 8월 23일 12시,월요일,전라남도 순천시 연향동,경상사고,0,0,1,0,차대차 - 측면충돌,안전거리미확보,젖음/습기,비,단일로 - 기타,이륜,남,30세,경상,승용,남,73세,상해없음
2021082300100239,2021년 8월 23일 13시,월요일,전라남도 신안군 도초면,경상사고,0,0,1,0,차대차 - 기타,안전운전불이행,건조,맑음,교차로 - 교차로안,화물,남,64세,상해없음,승용,여,41세,경상
2021082300100240,2021년 8월 23일 13시,월요일,전라남도 담양군 용면,경상사고,0,0,1,0,차대차 - 정면충돌,중앙선침범,젖음/습기,비,단일로 - 기타,승용,남,56세,상해없음,승용,여,59세,경상
2021082300100275,2021년 8월 23일 14시,월요일,전라남도 광양시 태인동,경상사고,0,0,1,0,차량단독 - 기타,안전운전불이행,젖음/습기,비,단일로 - 기타,화물,남,65세,경상,,,,
2021082300100331,2021년 8월 23일 16시,월요일,전라남도 순천시 조례동,경상사고,0,0,2,0,차대차 - 측면충돌,차로위반,건조,맑음,단일로 - 기타,승용,남,60세,상해없음,승용,여,37세,경상
2021082300100377,2021년 8월 23일 17시,월요일,전라남도 순천시 서면,경상사고,0,0,1,0,차대차 - 측면충돌,차로위반,젖음/습기,비,단일로 - 기타,승합,남,52세,상해없음,승용,여,44세,상해없음
2021082300100378,2021년 8월 23일 17시,월요일,전라남도 강진군 강진읍,경상사고,0,0,1,0,차대차 - 측면충돌,직진우회전진행방해,젖음/습기,비,교차로 - 교차로안,이륜,남,73세,경상,승용,남,59세,상해없음
2021082300100379,2021년 8월 23일 17시,월요일,전라남도 강진군 도암면,중상사고,0,1,0,0,차량단독 - 기타,안전운전불이행,젖음/습기,비,교차로 - 교차로부근,사륜오토바이(ATV),여,77세,중상,,,,
2021082300100417,2021년 8월 23일 18시,월요일,전라남도 목포시 옥암동,경상사고,0,0,3,0,차대차 - 측면충돌,안전운전불이행,젖음/습기,비,교차로 - 교차로부근,승용,남,54세,경상,승용,여,50세,경상
2021082300100460,2021년 8월 23일 19시,월요일,전라남도 순천시 주암면,경상사고,0,0,1,2,차대차 - 기타,직진우회전진행방해,젖음/습기,비,교차로 - 교차로안,승용,여,55세,경상,승용,남,28세,부상신고