사고번호,사고일시,요일,시군구,사고내용,사망자수,중상자수,경상자수,부상신고자수,사고유형,법규위반,노면상태,기상상태,도로형태,가해운전자 차종,가해운전자 성별,가해운전자 연령,가해운전자 상해정도,피해운전자 차종,피해운전자 성별,피해운전자 연령,피해운전자 상해정도
2021082300100506,2021년 8월 23일 20시,월요일,전라남도 순천시 연향동,중상사고,0,1,1,0,차대차 - 기타,신호위반,젖음/습기,비,교차로 - 교차로부근,승용,남,24세,상해없음,승용,여,61세,중상
2021082300100544,2021년 8월 23일 21시,월요일,전라남도 담양군 대전면,중상사고,0,1,0,0,차대차 - 추돌,안전운전불이행,젖음/습기,비,단일로 - 기타,화물,남,42세,상해없음,특수,남,41세,상해없음
2021082400100005,2021년 8월 24일 00시,화요일,전라남도 나주시 산포면,경상사고,0,0,1,0,차대차 - 측면충돌,중앙선침범,젖음/습기,비,단일로 - 기타,승용,남,44세,상해없음,승용,남,28세,경상
2021082400100016,2021년 8월 24일 03시,화요일,전라남도 영암군 삼호읍,중상사고,0,1,1,0,차량단독 - 공작물충돌,안전운전불이행,젖음/습기,기타,단일로 - 기타,승용,남,25세,경상,,,,
2021082400100025,2021년 8월 24일 05시,화요일,전라남도 순천시 해룡면,중상사고,0,1,0,0,차대차 - 기타,안전운전불이행,젖음/습기,비,교차로 - 교차로안,자전거,남,69세,중상,승용,남,61세,상해없음
2021082400100035,2021년 8월 24일 06시,화요일,전라남도 목포시 산정동,경상사고,0,0,1,0,차대차 - 기타,교차로운행방법위반,젖음/습기,비,교차로 - 교차로안,승용,남,64세,상해없음,화물,남,30세,경상
2021082400100053,2021년 8월 24일 07시,화요일,전라남도 여수시 화치동,경상사고,0,0,1,0,차대차 - 측면충돌,안전운전불이행,젖음/습기,비,교차로 - 교차로안,승용,남,49세,경상,화물,남,53세,상해없음
2021082400100081,2021년 8월 24일 08시,화요일,전라남도 나주시 경현동,경상사고,0,0,1,0,차대사람 - 기타,안전운전불이행,젖음/습기,비,주차장 - 주차장,승용,남,68세,상해없음,보행자,남,14세,경상
2021082400100082,2021년 8월 24일 08시,화요일,전라남도 장흥군 관산읍,사망사고,1,0,0,0,차량단독 - 기타,안전운전불이행,젖음/습기,비,단일로 - 교량,사륜오토바이(ATV),여,78세,사망,,,,
2021082400100105,2021년 8월 24일 09시,화요일,전라남도 순천시 조례동,경상사고,0,0,1,0,차대사람 - 횡단중,보행자보호의무위반,건조,맑음,교차로 - 교차로횡단보도내,승용,남,69세,상해없음,보행자,여,62세,경상
2021082400100106,2021년 8월 24일 09시,화요일,전라남도 광양시 광영동,중상사고,0,1,0,0,차대차 - 측면충돌,교차로운행방법위반,젖음/습기,흐림,교차로 - 교차로부근,승합,남,24세,상해없음,승용,여,42세,중상
2021082400100144,2021년 8월 24일 11시,화요일,전라남도 목포시 호남동,경상사고,0,0,1,0,차대차 - 추돌,안전운전불이행,건조,맑음,교차로 - 교차로부근,화물,남,64세,상해없음,승용,남,34세,경상
2021082400100145,2021년 8월 24일 11시,화요일,전라남도 화순군 화순읍,중상사고,0,1,0,0,차대차 - 측면충돌,신호위반,건조,맑음,교차로 - 교차로안,화물,남,69세,상해없음,승용,여,78세,중상
2021082400100146,2021년 8월 24일 11시,화요일,전라남도 무안군 망운면,경상사고,0,0,1,0,차대차 - 기타,기타,건조,맑음,교차로 - 교차로안,승용,남,69세,상해없음,승용,남,65세,경상
2021082400100178,2021년 8월 24일 12시,화요일,전라남도 영광군 홍농읍,경상사고,0,0,1,0,차대차 - 측면충돌,중앙선침범,건조,맑음,교차로 - 교차로안,승용,남,63세,상해없음,승용,남,50세,경상
2021082400100248,2021년 8월 24일 14시,화요일,전라남도 강진군 강진읍,경상사고,0,0,1,0,차대사람 - 횡단중,안전운전불이행,건조,맑음,단일로 - 기타,승용,남,43세,상해없음,보행자,남,7세,경상
2021082400100283,2021년 8월 24일 15시,화요일,전라남도 여수시 신기동,경상사고,0,0,2,0,차대차 - 추돌,신호위반,건조,맑음,교차로 - 교차로안,승용,여,54세,상해없음,승합,여,36세,경상
2021082400100315,2021년 8월 24일 16시,화요일,전라남도 해남군 해남읍,경상사고,0,0,1,0,차대차 - 측면충돌,교차로운행방법위반,건조,맑음,교차로 - 교차로안,화물,남,63세,기타불명,화물,남,32세,경상
2021082400100351,2021년 8월 24일 17시,화요일,전라남도 목포시 상동,중상사고,0,1,0,0,차대차 - 측면충돌,안전거리미확보,건조,맑음,단일로 - 기타,승용,여,50세,상해없음,이륜,남,18세,중상
2021082400100352,2021년 8월 24일 17시,화요일,전라남도 여수시 문수동,경상사고,0,0,1,0,차대사람 - 횡단중,안전운전불이행,건조,맑음,교차로 - 교차로안,승용,남,61세,상해없음,보행자,여,73세,경상
2021082400100389,2021년 8월 24일 18시,화요일,전라남도 목포시 산정동,경상사고,0,0,1,0,차대차 - 기타,교차로운행방법위반,건조,맑음,교차로 - 교차로횡단보도내,승용,여,26세,상해없음,승용,남,50세,상해없음
2021082400100390,2021년 8월 24일 18시,화요일,전라남도 여수시 웅천동,경상사고,0,0,1,0,차대사람 - 기타,기타,건조,맑음,교차로 - 교차로안,개인형이동수단(PM),남,15세,상해없음,보행자,여,28세,경상
2021082400100433,2021년 8월 24일 19시,화요일,전라남도 여수시 학동,경상사고,0,0,2,0,차대사람 - 횡단중,보행자보호의무위반,건조,맑음,단일로 - 기타,승용,여,50세,상해없음,보행자,여,16세,경상
2021082400100498,2021년 8월 24일 21시,화요일,전라남도 순천시 연향동,중상사고,0,1,0,0,차대차 - 측면충돌,보행자보호의무위반,건조,맑음,교차로 - 교차로안,승용,남,49세,상해없음,자전거,남,8세,중상
2021082400100524,2021년 8월 24일 22시,화요일,전라남도 여수시 웅천동,경상사고,0,0,1,0,차대차 - 추돌,안전운전불이행,건조,맑음,교차로 - 교차로부근,승용,남,68세,상해없음,이륜,남,44세,경상
2021082400100525,2021년 8월 24일 22시,화요일,전라남도 순천시 조곡동,경상사고,0,0,2,0,차대차 - 측면충돌,안전운전불이행,건조,맑음,교차로 - 교차로부근,승용,남,30세,상해없음,승용,남,43세,경상
2021082500100009,2021년 8월 25일 00시,수요일,전라남도 순천시 연향동,경상사고,0,0,4,0,차대차 - 측면충돌,안전운전불이행,건조,맑음,단일로 - 기타,승용,남,35세,경상,승합,여,56세,상해없음
2021082500100033,2021년 8월 25일 05시,수요일,전라남도 목포시 옥암동,경상사고,0,0,1,0,차대차 - 측면충돌,안전운전불이행,젖음/습기,비,단일로 - 기타,승용,남,71세,경상,화물,남,38세,상해없음
2021082500100042,2021년 8월 25일 06시,수요일,전라남도 나주시 금천면,중상사고,0,1,0,0,차대차 - 추돌,안전운전불이행,젖음/습기,비,교차로 - 교차로부근,승용,남,21세,상해없음,화물,남,47세,중상
2021082500100084,2021년 8월 25일 08시,수요일,전라남도 여수시 소라면,중상사고,0,1,0,0,차대차 - 측면충돌,안전운전불이행,건조,흐림,교차로 - 교차로안,승용,여,58세,상해없음,이륜,남,61세,중상
2021082500100085,2021년 8월 25일 08시,수요일,전라남도 장성군 삼계면,경상사고,0,0,1,0,차대차 - 측면충돌,직진우회전진행방해,젖음/습기,비,교차로 - 교차로안,승합,남,49세,상해없음,화물,남,61세,상해없음
2021082500100169,2021년 8월 25일 11시,수요일,전라남도 여수시 남산동,경상사고,0,0,1,0,차대차 - 후진중충돌,안전운전불이행,젖음/습기,비,단일로 - 기타,승용,남,64세,상해없음,승용,남,32세,경상
2021082500100199,2021년 8월 25일 12시,수요일,전라남도 목포시 용해동,경상사고,0,0,2,0,차대차 - 후진중충돌,안전운전불이행,건조,맑음,기타 - 기타,승용,여,37세,상해없음,승용,여,50세,경상
2021082500100200,2021년 8월 25일 12시,수요일,전라남도 보성군 벌교읍,경상사고,0,0,2,0,차대차 - 정면충돌,직진우회전진행방해,젖음/습기,흐림,교차로 - 교차로안,승용,남,80세,상해없음,화물,남,60세,경상
2021082500100232,2021년 8월 25일 13시,수요일,전라남도 영암군 삼호읍,경상사고,0,0,4,0,차대차 - 측면충돌,교차로운행방법위반,건조,맑음,교차로 - 교차로안,승용,남,80세,경상,승용,남,20세,경상
2021082500100233,2021년 8월 25일 13시,수요일,전라남도 무안군 현경면,경상사고,0,0,1,0,차대차 - 측면충돌,안전운전불이행,건조,흐림,교차로 - 교차로부근,승용,남,67세,상해없음,화물,남,52세,경상
2021082500100268,2021년 8월 25일 14시,수요일,전라남도 여수시 화치동,경상사고,0,0,1,0,차대차 - 추돌,안전운전불이행,건조,흐림,단일로 - 기타,특수,남,53세,상해없음,화물,남,30세,경상
2021082500100344,2021년 8월 25일 16시,수요일,전라남도 목포시 해안동2가,경상사고,0,0,1,0,차대사람 - 차도통행중,안전운전불이행,건조,맑음,교차로 - 교차로안,승합,남,67세,상해없음,보행자,남,14세,경상
2021082500100378,2021년 8월 25일 17시,수요일,전라남도 화순군 화순읍,경상사고,0,0,2,0,차대차 - 측면충돌,안전거리미확보,건조,맑음,교차로 - 교차로부근,승용,여,53세,경상,승용,여,20세,경상
2021082500100428,2021년 8월 25일 18시,수요일,전라남도 목포시 용당동,중상사고,0,1,1,0,차대차 - 측면충돌,안전운전불이행,젖음/습기,비,단일로 - 기타,개인형이동수단(PM),남,22세,중상,승용,남,42세,상해없음
2021082500100429,2021년 8월 25일 18시,수요일,전라남도 목포시 옥암동,중상사고,0,1,0,0,차대차 - 기타,안전운전불이행,젖음/습기,비,교차로 - 교차로안,승용,여,50세,상해없음,이륜,남,38세,중상
2021082500100461,2021년 8월 25일 19시,수요일,전라남도 나주시 빛가람동,경상사고,0,0,1,0,차대차 - 측면충돌,안전거리미확보,젖음/습기,비,단일로 - 기타,승용,여,58세,기타불명,승용,여,41세,경상
2021082500100462,2021년 8월 25일 19시,수요일,전라남도 보성군 벌교읍,중상사고,0,1,0,0,차대차 - 정면충돌,중앙선침범,젖음/습기,비,교차로 - 교차로부근,승용,여,62세,상해없음,화물,남,51세,중상
2021082500100463,2021년 8월 25일 19시,수요일,전라남도 화순군 화순읍,부상신고사고,0,0,0,1,차량단독 - 공작물충돌,안전운전불이행,젖음/습기,비,단일로 - 기타,이륜,남,37세,부상신고,,,,
2021082500100540,2021년 8월 25일 22시,수요일,전라남도 목포시 옥암동,경상사고,0,0,2,0,차대차 - 추돌,안전운전불이행,건조,맑음,교차로 - 교차로부근,승합,남,31세,상해없음,승용,여,49세,경상
2021082500100541,2021년 8월 25일 22시,수요일,전라남도 목포시 산정동,중상사고,0,1,1,0,차대차 - 정면충돌,신호위반,젖음/습기,흐림,교차로 - 교차로안,승용,남,20세,경상,이륜,남,20세,중상
2021082500100542,2021년 8월 25일 22시,수요일,전라남도 광양시 중동,경상사고,0,0,2,0,차대차 - 추돌,안전운전불이행,건조,맑음,교차로 - 교차로안,승용,남,35세,상해없음,승용,남,27세,경상
2021082500100569,2021년 8월 25일 23시,수요일,전라남도 목포시 상동,경상사고,0,0,1,0,차대차 - 기타,안전운전불이행,기타,맑음,교차로 - 교차로부근,승용,남,24세,상해없음,승용,남,44세,경상
2021082600100016,2021년 8월 26일 02시,목요일,전라남도 광양시 봉강면,경상사고,0,0,2,0,차량단독 - 공작물충돌,안전운전불이행,젖음/습기,비,단일로 - 기타,이륜,남,23세,경상,,,,
2021082600100030,2021년 8월 26일 05시,목요일,전라남도 순천시 풍덕동,경상사고,0,0,1,0,차대차 - 기타,안전거리미확보,건조,맑음,교차로 - 교차로안,승용,여,61세,상해없음,승용,남,63세,경상
2021082600100043,2021년 8월 26일 06시,목요일,전라남도 순천시 오천동,경상사고,0,0,2,0,차대차 - 추돌,안전운전불이행,건조,맑음,단일로 - 기타,승용,남,24세,상해없음,승용,남,37세,경상
2021082600100124,2021년 8월 26일 09시,목요일,전라남도 나주시 빛가람동,경상사고,0,0,1,0,차대차 - 측면충돌,중앙선침범,건조,맑음,단일로 - 기타,승용,남,55세,상해없음,승용,여,30세,경상
2021082600100125,2021년 8월 26일 09시,목요일,전라남도 목포시 옥암동,경상사고,0,0,1,0,차량단독 - 공작물충돌,안전운전불이행,건조,맑음,단일로 - 기타,화물,남,23세,경상,,,,
2021082600100126,2021년 8월 26일 09시,목요일,전라남도 구례군 간전면,중상사고,0,1,0,0,차대차 - 측면충돌,중앙선침범,건조,맑음,단일로 - 기타,화물,남,47세,상해없음,자전거,남,54세,중상
2021082600100181,2021년 8월 26일 11시,목요일,전라남도 담양군 담양읍,경상사고,0,0,2,0,차대차 - 측면충돌,안전운전불이행,건조,맑음,단일로 - 기타,승용,남,67세,상해없음,승용,남,50세,경상
2021082600100182,2021년 8월 26일 11시,목요일,전라남도 광양시 중동,경상사고,0,0,1,0,차대차 - 추돌,안전운전불이행,건조,맑음,단일로 - 기타,승용,여,38세,기타불명,승용,여,26세,경상
2021082600100222,2021년 8월 26일 12시,목요일,전라남도 광양시 마동,경상사고,0,0,1,0,차대차 - 측면충돌,안전운전불이행,건조,맑음,기타 - 기타,승용,여,53세,기타불명,승용,남,41세,경상
2021082600100288,2021년 8월 26일 14시,목요일,전라남도 진도군 의신면,경상사고,0,0,3,0,차대차 - 측면충돌,중앙선침범,건조,맑음,단일로 - 기타,화물,남,70세,상해없음,승용,남,35세,경상
2021082600100330,2021년 8월 26일 15시,목요일,전라남도 해남군 황산면,중상사고,0,4,0,0,차량단독 - 공작물충돌,안전운전불이행,건조,맑음,단일로 - 기타,화물,여,70세,중상,,,,
2021082600100331,2021년 8월 26일 15시,목요일,전라남도 함평군 함평읍,중상사고,0,1,0,0,차량단독 - 공작물충돌,안전운전불이행,건조,맑음,단일로 - 기타,승용,여,59세,중상,,,,
2021082600100332,2021년 8월 26일 15시,목요일,전라남도 진도군 군내면,경상사고,0,0,3,0,차대차 - 추돌,안전운전불이행,건조,맑음,단일로 - 기타,화물,남,42세,경상,화물,남,60세,경상
2021082600100364,2021년 8월 26일 16시,목요일,전라남도 목포시 대안동,경상사고,0,0,1,0,차대차 - 추돌,안전운전불이행,건조,맑음,단일로 - 기타,승용,남,29세,상해없음,승용,여,44세,경상
2021082600100365,2021년 8월 26일 16시,목요일,전라남도 여수시 돌산읍,경상사고,0,0,1,0,차대사람 - 차도통행중,기타,건조,맑음,단일로 - 기타,승용,남,50세,상해없음,보행자,남,9세,경상
2021082600100366,2021년 8월 26일 16시,목요일,전라남도 여수시 율촌면,중상사고,0,1,0,0,차량단독 - 공작물충돌,안전운전불이행,건조,맑음,단일로 - 기타,승용,여,66세,중상,,,,
2021082600100367,2021년 8월 26일 16시,목요일,전라남도 순천시 조곡동,경상사고,0,0,3,0,차대차 - 기타,신호위반,건조,맑음,교차로 - 교차로안,이륜,남,62세,경상,승합,여,43세,경상
2021082600100368,2021년 8월 26일 16시,목요일,전라남도 장흥군 장평면,부상신고사고,0,0,0,1,차량단독 - 전도전복 - 전도,안전운전불이행,건조,맑음,단일로 - 기타,이륜,남,77세,부상신고,,,,
2021082600100369,2021년 8월 26일 16시,목요일,전라남도 무안군 삼향읍,경상사고,0,0,1,0,차대차 - 측면충돌,안전운전불이행,건조,맑음,단일로 - 기타,승용,여,64세,상해없음,승용,남,42세,경상
2021082600100410,2021년 8월 26일 17시,목요일,전라남도 고흥군 도양읍,경상사고,0,0,1,0,차대차 - 기타,안전운전불이행,건조,맑음,단일로 - 기타,승용,여,50세,상해없음,사륜오토바이(ATV),남,71세,경상
2021082600100448,2021년 8월 26일 18시,목요일,전라남도 화순군 화순읍,중상사고,0,1,0,0,차대사람 - 차도통행중,안전운전불이행,건조,맑음,단일로 - 기타,화물,남,62세,상해없음,보행자,여,79세,중상
2021082600100449,2021년 8월 26일 18시,목요일,전라남도 영암군 삼호읍,중상사고,0,1,0,0,차대사람 - 횡단중,안전운전불이행,건조,맑음,교차로 - 교차로부근,화물,남,62세,상해없음,보행자,남,7세,중상
2021082600100481,2021년 8월 26일 19시,목요일,전라남도 해남군 해남읍,경상사고,0,0,2,0,차대차 - 추돌,안전운전불이행,건조,맑음,교차로 - 교차로부근,승용,남,54세,상해없음,승용,남,41세,경상
2021082600100556,2021년 8월 26일 22시,목요일,전라남도 구례군 구례읍,경상사고,0,0,2,0,차량단독 - 기타,안전운전불이행,건조,맑음,단일로 - 기타,이륜,남,19세,경상,,,,
2021082700100007,2021년 8월 27일 00시,금요일,전라남도 구례군 마산면,경상사고,0,0,1,0,차대차 - 측면충돌,차로위반,건조,맑음,단일로 - 기타,승용,남,39세,상해없음,화물,남,70세,상해없음
2021082700100019,2021년 8월 27일 03시,금요일,전라남도 목포시 달동,사망사고,1,0,1,0,차량단독 - 기타,안전운전불이행,건조,맑음,기타 - 기타,이륜,남,18세,경상,,,,
2021082700100040,2021년 8월 27일 06시,금요일,전라남도 영광군 불갑면,경상사고,0,0,1,0,차대사람 - 차도통행중,안전운전불이행,젖음/습기,비,단일로 - 기타,이륜,남,64세,기타불명,보행자,여,74세,경상
2021082700100079,2021년 8월 27일 08시,금요일,전라남도 여수시 화장동,경상사고,0,0,1,0,차대차 - 측면충돌,안전운전불이행,건조,맑음,교차로 - 교차로안,승용,남,53세,상해없음,승용,남,42세,경상
2021082700100080,2021년 8월 27일 08시,금요일,전라남도 순천시 풍덕동,경상사고,0,0,1,0,차대차 - 기타,안전운전불이행,건조,맑음,교차로 - 교차로안,승용,남,76세,경상,승용,남,43세,상해없음
2021082700100081,2021년 8월 27일 08시,금요일,전라남도 강진군 강진읍,부상신고사고,0,0,0,1,차대차 - 기타,교차로운행방법위반,건조,맑음,교차로 - 교차로안,승용,여,45세,부상신고,화물,남,85세,상해없음
2021082700100082,2021년 8월 27일 08시,금요일,전라남도 담양군 담양읍,경상사고,0,0,1,0,차대사람 - 기타,안전운전불이행,건조,맑음,단일로 - 기타,승합,남,64세,상해없음,보행자,남,50세,경상
2021082700100102,2021년 8월 27일 09시,금요일,전라남도 목포시 호남동,중상사고,0,1,0,0,차대차 - 기타,직진우회전진행방해,건조,맑음,교차로 - 교차로안,승용,남,54세,상해없음,이륜,남,46세,중상
2021082700100126,2021년 8월 27일 10시,금요일,전라남도 순천시 조례동,경상사고,0,0,1,0,차대차 - 추돌,안전운전불이행,건조,맑음,교차로 - 교차로부근,승용,남,65세,상해없음,승용,여,36세,경상
2021082700100127,2021년 8월 27일 10시,금요일,전라남도 무안군 삼향읍,경상사고,0,0,1,0,차대차 - 측면충돌,안전운전불이행,건조,맑음,교차로 - 교차로부근,화물,여,47세,상해없음,승용,여,23세,경상
2021082700100155,2021년 8월 27일 11시,금요일,전라남도 고흥군 동강면,경상사고,0,0,1,0,차대차 - 기타,교차로운행방법위반,건조,맑음,교차로 - 교차로안,승용,남,69세,상해없음,화물,남,78세,경상
2021082700100193,2021년 8월 27일 12시,금요일,전라남도 고흥군 도양읍,중상사고,0,1,0,0,차대차 - 기타,교차로운행방법위반,건조,맑음,교차로 - 교차로안,승용,여,56세,상해없음,자전거,남,62세,중상
2021082700100226,2021년 8월 27일 13시,금요일,전라남도 영암군 삼호읍,중상사고,0,3,1,0,차대차 - 측면충돌,신호위반,건조,맑음,교차로 - 교차로안,승용,남,61세,상해없음,화물,남,66세,중상
2021082700100260,2021년 8월 27일 14시,금요일,전라남도 여수시 율촌면,경상사고,0,0,1,0,차대차 - 측면충돌,교차로운행방법위반,건조,맑음,기타 - 기타,승용,여,55세,기타불명,승용,남,23세,경상
2021082700100261,2021년 8월 27일 14시,금요일,전라남도 곡성군 석곡면,중상사고,0,1,0,0,차대차 - 후진중충돌,안전운전불이행,건조,맑음,단일로 - 기타,화물,남,58세,상해없음,이륜,남,77세,중상
2021082700100262,2021년 8월 27일 14시,금요일,전라남도 무안군 무안읍,경상사고,0,0,1,0,차대차 - 측면충돌,안전운전불이행,건조,맑음,교차로 - 교차로안,화물,남,38세,상해없음,승합,여,24세,경상
2021082700100364,2021년 8월 27일 17시,금요일,전라남도 신안군 압해읍,경상사고,0,0,2,0,차대차 - 기타,중앙선침범,젖음/습기,비,단일로 - 기타,승용,남,76세,상해없음,승용,남,49세,경상
2021082700100365,2021년 8월 27일 17시,금요일,전라남도 화순군 화순읍,경상사고,0,0,1,0,차대차 - 측면충돌,신호위반,젖음/습기,비,교차로 - 교차로안,화물,남,55세,상해없음,승용,남,73세,경상
2021082700100410,2021년 8월 27일 18시,금요일,전라남도 목포시 석현동,경상사고,0,0,2,0,차대차 - 기타,안전운전불이행,젖음/습기,비,기타 - 기타,승용,여,32세,경상,승용,여,49세,경상
2021082700100411,2021년 8월 27일 18시,금요일,전라남도 여수시 교동,경상사고,0,0,1,0,차대사람 - 길가장자리구역통행중,안전운전불이행,건조,맑음,교차로 - 교차로안,승합,남,67세,상해없음,보행자,남,38세,경상
2021082700100412,2021년 8월 27일 18시,금요일,전라남도 여수시 학동,경상사고,0,0,1,0,차대차 - 측면충돌,안전거리미확보,건조,맑음,교차로 - 교차로안,승용,여,54세,상해없음,이륜,남,17세,경상
2021082700100413,2021년 8월 27일 18시,금요일,전라남도 나주시 빛가람동,경상사고,0,0,1,0,차대차 - 측면충돌,안전운전불이행,젖음/습기,비,교차로 - 교차로부근,승용,남,70세,상해없음,승용,남,20세,경상
2021082700100414,2021년 8월 27일 18시,금요일,전라남도 완도군 청산면,사망사고,1,0,0,0,차대사람 - 기타,안전운전불이행,건조,맑음,교차로 - 교차로횡단보도내,승용,여,40세,상해없음,보행자,여,80세,사망
2021082700100415,2021년 8월 27일 18시,금요일,전라남도 장성군 진원면,부상신고사고,0,0,0,1,차량단독 - 공작물충돌,안전운전불이행,젖음/습기,비,단일로 - 기타,승용,남,47세,부상신고,,,,
2021082700100500,2021년 8월 27일 20시,금요일,전라남도 강진군 군동면,부상신고사고,0,0,0,1,차량단독 - 도로외이탈 - 추락,안전운전불이행,젖음/습기,비,단일로 - 기타,화물,남,55세,부상신고,,,,
2021082700100501,2021년 8월 27일 20시,금요일,전라남도 완도군 고금면,경상사고,0,0,1,0,차대사람 - 기타,안전운전불이행,젖음/습기,비,단일로 - 기타,승용,남,39세,상해없음,보행자,남,40세,경상
2021082700100567,2021년 8월 27일 22시,금요일,전라남도 여수시 학동,부상신고사고,0,0,0,1,차대차 - 기타,안전운전불이행,젖음/습기,비,단일로 - 기타,기타불명,기타불명,미분류,기타불명,이륜,남,25세,부상신고
2021082700100568,2021년 8월 27일 22시,금요일,전라남도 나주시 삼영동,경상사고,0,0,1,0,차대차 - 측면충돌,신호위반,젖음/습기,흐림,교차로 - 교차로안,승용,남,21세,상해없음,승용,남,25세,경상
2021082700100569,2021년 8월 27일 22시,금요일,전라남도 나주시 영산동,경상사고,0,0,1,0,차대차 - 측면충돌,안전운전불이행,젖음/습기,비,단일로 - 기타,화물,남,58세,상해없음,승용,남,38세,경상
2021082700100570,2021년 8월 27일 22시,금요일,전라남도 고흥군 포두면,중상사고,0,1,0,0,차대사람 - 차도통행중,안전운전불이행,젖음/습기,흐림,단일로 - 기타,승용,남,67세,상해없음,보행자,남,59세,중상
2021082800100016,2021년 8월 28일 01시,토요일,전라남도 여수시 돌산읍,중상사고,0,1,0,0,차량단독 - 공작물충돌,안전운전불이행,건조,맑음,교차로 - 교차로안,승용,여,37세,상해없음,,,,
2021082800100025,2021년 8월 28일 02시,토요일,전라남도 장흥군 용산면,경상사고,0,0,2,0,차대사람 - 기타,안전운전불이행,건조,맑음,단일로 - 기타,승용,남,61세,상해없음,보행자,남,50세,경상
2021082800100036,2021년 8월 28일 04시,토요일,전라남도 순천시 해룡면,경상사고,0,0,2,0,차대차 - 기타,직진우회전진행방해,젖음/습기,맑음,교차로 - 교차로부근,화물,남,57세,상해없음,승용,남,55세,상해없음
2021082800100041,2021년 8월 28일 05시,토요일,전라남도 목포시 용해동,경상사고,0,0,1,0,차대차 - 측면충돌,안전거리미확보,건조,맑음,단일로 - 기타,승용,남,56세,상해없음,승용,남,55세,경상
2021082800100042,2021년 8월 28일 05시,토요일,전라남도 완도군 완도읍,중상사고,0,1,0,0,차대사람 - 기타,안전운전불이행,건조,맑음,단일로 - 기타,승합,남,83세,상해없음,보행자,여,79세,중상
2021082800100048,2021년 8월 28일 06시,토요일,전라남도 광양시 중동,경상사고,0,0,1,0,차대차 - 측면충돌,교차로운행방법위반,건조,맑음,교차로 - 교차로부근,승용,남,52세,상해없음,화물,남,61세,경상
2021082800100109,2021년 8월 28일 10시,토요일,전라남도 여수시 학동,경상사고,0,0,2,0,차대차 - 측면충돌,안전운전불이행,건조,맑음,교차로 - 교차로안,화물,남,70세,상해없음,승용,여,46세,경상
2021082800100110,2021년 8월 28일 10시,토요일,전라남도 여수시 학동,경상사고,0,0,1,0,차대차 - 측면충돌,안전거리미확보,건조,맑음,교차로 - 교차로안,화물,남,39세,상해없음,승용,남,66세,경상
2021082800100111,2021년 8월 28일 10시,토요일,전라남도 함평군 엄다면,중상사고,0,1,0,0,차대차 - 측면충돌,교차로운행방법위반,건조,맑음,교차로 - 교차로안,승용,남,59세,상해없음,이륜,남,73세,중상
2021082800100112,2021년 8월 28일 10시,토요일,전라남도 영암군 삼호읍,경상사고,0,0,1,0,차대차 - 측면충돌,안전운전불이행,기타,기타,교차로 - 교차로안,화물,남,41세,기타불명,승용,남,63세,경상
2021082800100217,2021년 8월 28일 13시,토요일,전라남도 순천시 조례동,경상사고,0,0,1,0,차대차 - 측면충돌,안전운전불이행,건조,맑음,교차로 - 교차로부근,이륜,남,27세,경상,화물,남,49세,상해없음
2021082800100218,2021년 8월 28일 13시,토요일,전라남도 강진군 강진읍,경상사고,0,0,1,0,차대차 - 기타,안전운전불이행,건조,맑음,교차로 - 교차로안,자전거,남,14세,경상,승용,여,56세,상해없음
2021082800100250,2021년 8월 28일 14시,토요일,전라남도 장성군 북하면,중상사고,0,1,0,0,차량단독 - 기타,안전운전불이행,건조,흐림,단일로 - 기타,이륜,남,61세,중상,,,,
2021082800100290,2021년 8월 28일 15시,토요일,전라남도 나주시 삼영동,경상사고,0,0,1,0,차대차 - 기타,신호위반,건조,맑음,교차로 - 교차로안,승용,남,77세,상해없음,승용,여,55세,경상
2021082800100291,2021년 8월 28일 15시,토요일,전라남도 무안군 무안읍,경상사고,0,0,1,0,차량단독 - 전도전복 - 전도,안전운전불이행,건조,맑음,교차로 - 교차로부근,사륜오토바이(ATV),남,69세,경상,,,,
2021082800100336,2021년 8월 28일 16시,토요일,전라남도 여수시 문수동,중상사고,0,1,0,0,차대차 - 측면충돌,안전운전불이행,건조,맑음,단일로 - 기타,승용,남,59세,상해없음,이륜,남,23세,중상
2021082800100337,2021년 8월 28일 16시,토요일,전라남도 순천시 풍덕동,중상사고,0,3,0,0,차대차 - 기타,안전거리미확보,건조,맑음,단일로 - 기타,승용,여,23세,상해없음,승용,여,64세,중상
2021082800100367,2021년 8월 28일 17시,토요일,전라남도 여수시 신기동,경상사고,0,0,2,0,차대차 - 측면충돌,신호위반,건조,맑음,교차로 - 교차로안,이륜,남,19세,상해없음,승용,여,30세,경상
2021082800100368,2021년 8월 28일 17시,토요일,전라남도 여수시 소호동,중상사고,0,1,5,0,차대차 - 측면충돌,안전운전불이행,건조,맑음,교차로 - 교차로안,화물,여,49세,경상,화물,남,57세,경상
2021082800100369,2021년 8월 28일 17시,토요일,전라남도 여수시 여서동,경상사고,0,0,1,0,차대차 - 측면충돌,안전운전불이행,건조,맑음,교차로 - 교차로안,승용,남,47세,상해없음,승용,남,54세,경상
2021082800100370,2021년 8월 28일 17시,토요일,전라남도 화순군 화순읍,경상사고,0,0,1,0,차대차 - 기타,안전운전불이행,건조,흐림,교차로 - 교차로부근,승용,여,23세,기타불명,자전거,남,59세,경상
2021082800100495,2021년 8월 28일 21시,토요일,전라남도 여수시 여서동,경상사고,0,0,1,0,차대차 - 측면충돌,신호위반,건조,맑음,단일로 - 터널,승용,남,36세,상해없음,승용,남,65세,경상