사고번호,사고일시,요일,시군구,사고내용,사망자수,중상자수,경상자수,부상신고자수,사고유형,법규위반,노면상태,기상상태,도로형태,가해운전자 차종,가해운전자 성별,가해운전자 연령,가해운전자 상해정도,피해운전자 차종,피해운전자 성별,피해운전자 연령,피해운전자 상해정도
2021082800100496,2021년 8월 28일 21시,토요일,전라남도 고흥군 도덕면,경상사고,0,0,1,0,차대차 - 측면충돌,안전운전불이행,건조,맑음,단일로 - 기타,이륜,남,17세,경상,승용,남,54세,기타불명
2021082900100003,2021년 8월 29일 00시,일요일,전라남도 목포시 연산동,경상사고,0,0,1,0,차대사람 - 기타,보행자보호의무위반,건조,맑음,교차로 - 교차로횡단보도내,승용,여,48세,상해없음,보행자,여,14세,경상
2021082900100042,2021년 8월 29일 09시,일요일,전라남도 고흥군 동강면,중상사고,0,2,2,0,차대차 - 측면충돌,안전운전불이행,건조,흐림,단일로 - 기타,승용,남,50세,상해없음,승용,남,37세,경상
2021082900100054,2021년 8월 29일 10시,일요일,전라남도 순천시 해룡면,경상사고,0,0,1,1,차량단독 - 기타,안전운전불이행,건조,맑음,교차로 - 교차로부근,화물,남,60세,부상신고,,,,
2021082900100099,2021년 8월 29일 12시,일요일,전라남도 목포시 상락동2가,경상사고,0,0,3,0,차대차 - 측면충돌,안전운전불이행,건조,맑음,교차로 - 교차로안,이륜,남,62세,경상,승용,여,55세,경상
2021082900100100,2021년 8월 29일 12시,일요일,전라남도 영암군 삼호읍,경상사고,0,0,1,0,차대차 - 측면충돌,안전운전불이행,기타,맑음,기타 - 기타,승용,남,30세,상해없음,승용,여,21세,경상
2021082900100101,2021년 8월 29일 12시,일요일,전라남도 완도군 군외면,경상사고,0,0,2,0,차대차 - 기타,안전운전불이행,건조,맑음,교차로 - 교차로부근,승용,여,54세,경상,화물,남,66세,경상
2021082900100124,2021년 8월 29일 13시,일요일,전라남도 목포시 상동,경상사고,0,0,2,0,차대사람 - 기타,안전운전불이행,건조,맑음,단일로 - 기타,승용,여,50세,상해없음,보행자,남,36세,경상
2021082900100125,2021년 8월 29일 13시,일요일,전라남도 순천시 장천동,경상사고,0,0,1,0,차대사람 - 기타,안전운전불이행,건조,맑음,기타 - 기타,승용,남,56세,상해없음,보행자,남,41세,경상
2021082900100126,2021년 8월 29일 13시,일요일,전라남도 함평군 함평읍,경상사고,0,0,1,0,차대차 - 추돌,안전거리미확보,건조,맑음,단일로 - 기타,승합,남,52세,상해없음,승용,남,50세,상해없음
2021082900100127,2021년 8월 29일 13시,일요일,전라남도 강진군 신전면,경상사고,0,0,2,0,차량단독 - 전도전복 - 전도,안전운전불이행,젖음/습기,비,단일로 - 기타,농기계,남,69세,경상,,,,
2021082900100128,2021년 8월 29일 13시,일요일,전라남도 무안군 삼향읍,경상사고,0,0,1,0,차대차 - 기타,안전운전불이행,건조,맑음,교차로 - 교차로안,승용,남,50세,상해없음,이륜,남,18세,경상
2021082900100166,2021년 8월 29일 14시,일요일,전라남도 신안군 암태면,경상사고,0,0,2,0,차대차 - 기타,중앙선침범,건조,맑음,단일로 - 교량,승용,남,18세,상해없음,특수,남,71세,경상
2021082900100200,2021년 8월 29일 15시,일요일,전라남도 광양시 마동,경상사고,0,0,1,0,차대차 - 기타,직진우회전진행방해,젖음/습기,비,교차로 - 교차로안,승용,남,65세,상해없음,승용,여,41세,경상
2021082900100340,2021년 8월 29일 19시,일요일,전라남도 장성군 남면,경상사고,0,0,2,0,차대차 - 측면충돌,신호위반,건조,흐림,교차로 - 교차로안,승용,남,61세,상해없음,승용,여,57세,경상
2021082900100362,2021년 8월 29일 20시,일요일,전라남도 장흥군 용산면,중상사고,0,1,0,0,차량단독 - 공작물충돌,안전운전불이행,건조,흐림,교차로 - 교차로안,승용,남,38세,중상,,,,
2021082900100363,2021년 8월 29일 20시,일요일,전라남도 광양시 광양읍,경상사고,0,0,1,0,차대차 - 기타,불법유턴,건조,기타,단일로 - 기타,승용,남,57세,상해없음,자전거,남,51세,경상
2021082900100395,2021년 8월 29일 21시,일요일,전라남도 순천시 조례동,경상사고,0,0,1,0,차대차 - 기타,안전운전불이행,건조,맑음,단일로 - 기타,승용,남,25세,기타불명,이륜,남,33세,경상
2021083000100063,2021년 8월 30일 08시,월요일,전라남도 목포시 상동,경상사고,0,0,2,0,차대차 - 기타,직진우회전진행방해,건조,맑음,기타 - 기타,승용,여,27세,경상,승합,남,43세,경상
2021083000100064,2021년 8월 30일 08시,월요일,전라남도 화순군 화순읍,경상사고,0,0,2,0,차대차 - 측면충돌,교차로운행방법위반,건조,맑음,교차로 - 교차로안,승용,남,37세,상해없음,승용,남,61세,경상
2021083000100065,2021년 8월 30일 08시,월요일,전라남도 영암군 덕진면,경상사고,0,0,1,0,차대차 - 정면충돌,신호위반,건조,맑음,교차로 - 교차로안,승용,여,69세,상해없음,승용,여,24세,경상
2021083000100094,2021년 8월 30일 09시,월요일,전라남도 여수시 화양면,중상사고,0,1,2,0,차대차 - 측면충돌,신호위반,건조,맑음,교차로 - 교차로안,승용,남,33세,상해없음,승합,남,38세,경상
2021083000100171,2021년 8월 30일 11시,월요일,전라남도 해남군 문내면,중상사고,0,1,1,0,차량단독 - 도로외이탈 - 추락,안전운전불이행,건조,맑음,단일로 - 기타,승용,남,73세,경상,,,,
2021083000100172,2021년 8월 30일 11시,월요일,전라남도 보성군 벌교읍,중상사고,0,1,0,0,차대차 - 측면충돌,직진우회전진행방해,건조,맑음,교차로 - 교차로안,이륜,남,85세,중상,이륜,남,57세,상해없음
2021083000100234,2021년 8월 30일 13시,월요일,전라남도 강진군 강진읍,중상사고,0,1,2,0,차대차 - 측면충돌,기타,건조,맑음,교차로 - 교차로안,승용,남,79세,경상,화물,남,49세,중상
2021083000100296,2021년 8월 30일 15시,월요일,전라남도 순천시 왕지동,경상사고,0,0,1,0,차대차 - 정면충돌,직진우회전진행방해,건조,맑음,교차로 - 교차로안,승용,남,26세,상해없음,승용,여,53세,경상
2021083000100297,2021년 8월 30일 15시,월요일,전라남도 영암군 삼호읍,경상사고,0,0,1,0,차대차 - 측면충돌,교차로운행방법위반,건조,맑음,교차로 - 교차로안,화물,남,51세,상해없음,승용,여,25세,경상
2021083000100335,2021년 8월 30일 16시,월요일,전라남도 목포시 상동,중상사고,0,1,0,0,차대사람 - 횡단중,보행자보호의무위반,건조,흐림,단일로 - 기타,승용,남,27세,상해없음,보행자,여,69세,중상
2021083000100336,2021년 8월 30일 16시,월요일,전라남도 목포시 상동,경상사고,0,0,1,0,차대차 - 추돌,안전운전불이행,건조,맑음,단일로 - 기타,승용,여,49세,상해없음,승용,여,64세,경상
2021083000100337,2021년 8월 30일 16시,월요일,전라남도 강진군 마량면,부상신고사고,0,0,0,1,차대차 - 측면충돌,교차로운행방법위반,건조,맑음,교차로 - 교차로안,이륜,남,41세,부상신고,화물,남,39세,상해없음
2021083000100375,2021년 8월 30일 17시,월요일,전라남도 여수시 학동,경상사고,0,0,1,0,차대차 - 측면충돌,중앙선침범,건조,맑음,교차로 - 교차로부근,승용,남,63세,상해없음,승용,남,46세,경상
2021083000100376,2021년 8월 30일 17시,월요일,전라남도 해남군 현산면,중상사고,0,1,0,0,차대차 - 정면충돌,직진우회전진행방해,건조,맑음,교차로 - 교차로안,승용,남,47세,상해없음,승용,여,56세,중상
2021083000100409,2021년 8월 30일 18시,월요일,전라남도 목포시 산정동,경상사고,0,0,4,1,차대차 - 기타,안전운전불이행,젖음/습기,비,단일로 - 기타,승용,여,29세,부상신고,승용,남,61세,기타불명
2021083000100410,2021년 8월 30일 18시,월요일,전라남도 나주시 이창동,경상사고,0,0,1,0,차대차 - 측면충돌,안전운전불이행,건조,맑음,단일로 - 기타,승용,여,53세,경상,승용,여,66세,상해없음
2021083000100460,2021년 8월 30일 19시,월요일,전라남도 순천시 연향동,경상사고,0,0,1,0,차대차 - 측면충돌,중앙선침범,젖음/습기,비,단일로 - 기타,승용,남,25세,상해없음,이륜,남,55세,경상
2021083000100461,2021년 8월 30일 19시,월요일,전라남도 장성군 장성읍,중상사고,0,1,0,0,차대사람 - 차도통행중,안전운전불이행,젖음/습기,비,단일로 - 기타,승용,남,68세,상해없음,보행자,여,49세,중상
2021083000100462,2021년 8월 30일 19시,월요일,전라남도 무안군 삼향읍,중상사고,0,1,0,0,차대사람 - 횡단중,신호위반,건조,기타,기타 - 기타,이륜,남,57세,상해없음,보행자,남,39세,중상
2021083000100463,2021년 8월 30일 19시,월요일,전라남도 광양시 광양읍,사망사고,1,0,0,0,차대사람 - 횡단중,안전운전불이행,젖음/습기,비,단일로 - 기타,승용,남,30세,상해없음,보행자,남,68세,사망
2021083100100039,2021년 8월 31일 06시,화요일,전라남도 순천시 왕지동,경상사고,0,0,1,0,차대차 - 측면충돌,안전운전불이행,건조,맑음,단일로 - 기타,화물,남,61세,상해없음,승합,남,48세,상해없음
2021083100100050,2021년 8월 31일 07시,화요일,전라남도 함평군 함평읍,경상사고,0,0,1,0,차대차 - 측면충돌,교차로운행방법위반,건조,맑음,교차로 - 교차로안,이륜,남,56세,경상,승용,남,27세,상해없음
2021083100100076,2021년 8월 31일 08시,화요일,전라남도 목포시 연산동,경상사고,0,0,6,0,차대차 - 추돌,안전운전불이행,건조,맑음,단일로 - 기타,특수,남,40세,상해없음,승용,남,64세,경상
2021083100100118,2021년 8월 31일 09시,화요일,전라남도 목포시 용해동,경상사고,0,0,1,0,차대차 - 기타,안전운전불이행,건조,맑음,단일로 - 기타,승용,여,55세,상해없음,승용,여,41세,경상
2021083100100119,2021년 8월 31일 09시,화요일,전라남도 순천시 연향동,경상사고,0,0,1,0,차대차 - 추돌,안전운전불이행,건조,맑음,교차로 - 교차로안,승용,여,38세,상해없음,승용,남,34세,경상
2021083100100120,2021년 8월 31일 09시,화요일,전라남도 해남군 황산면,중상사고,0,1,1,0,차대차 - 추돌,안전운전불이행,건조,맑음,기타 - 기타,건설기계,남,55세,상해없음,화물,남,49세,중상
2021083100100121,2021년 8월 31일 09시,화요일,전라남도 진도군 진도읍,중상사고,0,1,1,0,차대차 - 측면충돌,교차로운행방법위반,건조,맑음,교차로 - 교차로안,화물,남,79세,상해없음,화물,남,55세,경상
2021083100100153,2021년 8월 31일 10시,화요일,전라남도 목포시 산정동,중상사고,0,1,0,0,차대차 - 측면충돌,안전운전불이행,건조,맑음,단일로 - 기타,이륜,남,60세,중상,승용,남,68세,상해없음
2021083100100180,2021년 8월 31일 11시,화요일,전라남도 강진군 강진읍,경상사고,0,0,1,0,차대사람 - 차도통행중,중앙선침범,건조,맑음,교차로 - 교차로부근,승용,남,77세,상해없음,보행자,여,84세,경상
2021083100100181,2021년 8월 31일 11시,화요일,전라남도 담양군 담양읍,경상사고,0,0,3,0,차대차 - 측면충돌,불법유턴,건조,맑음,단일로 - 기타,승용,남,59세,상해없음,승용,남,31세,경상
2021083100100218,2021년 8월 31일 12시,화요일,전라남도 여수시 웅천동,중상사고,0,1,0,0,차대차 - 정면충돌,안전운전불이행,건조,맑음,교차로 - 교차로안,승용,남,35세,상해없음,이륜,남,30세,중상
2021083100100257,2021년 8월 31일 13시,화요일,전라남도 영광군 군서면,경상사고,0,0,1,0,차대차 - 정면충돌,중앙선침범,건조,맑음,단일로 - 기타,승용,여,57세,상해없음,승용,여,38세,경상
2021083100100258,2021년 8월 31일 13시,화요일,전라남도 강진군 성전면,경상사고,0,0,4,0,차대차 - 측면충돌,안전거리미확보,건조,맑음,단일로 - 기타,화물,남,73세,상해없음,승용,남,63세,경상
2021083100100293,2021년 8월 31일 14시,화요일,전라남도 순천시 연향동,중상사고,0,3,0,0,차대차 - 추돌,안전운전불이행,건조,맑음,단일로 - 기타,승용,남,27세,상해없음,승용,남,57세,중상
2021083100100294,2021년 8월 31일 14시,화요일,전라남도 나주시 중앙동,중상사고,0,1,0,0,차대사람 - 기타,안전운전불이행,건조,맑음,주차장 - 주차장,승합,남,60세,기타불명,보행자,여,72세,중상
2021083100100295,2021년 8월 31일 14시,화요일,전라남도 함평군 함평읍,경상사고,0,0,2,1,차대차 - 측면충돌,교차로운행방법위반,건조,맑음,교차로 - 교차로안,승용,여,25세,부상신고,승용,여,50세,경상
2021083100100342,2021년 8월 31일 15시,화요일,전라남도 목포시 서산동,중상사고,0,1,0,0,차대차 - 기타,중앙선침범,건조,맑음,단일로 - 기타,승용,남,62세,상해없음,승용,남,47세,중상
2021083100100343,2021년 8월 31일 15시,화요일,전라남도 목포시 상동,경상사고,0,0,1,0,차대차 - 기타,교차로운행방법위반,건조,맑음,교차로 - 교차로안,승합,남,72세,상해없음,승용,남,42세,경상
2021083100100344,2021년 8월 31일 15시,화요일,전라남도 순천시 서면,중상사고,0,1,0,0,차량단독 - 공작물충돌,안전운전불이행,건조,맑음,단일로 - 기타,승합,남,63세,상해없음,,,,
2021083100100345,2021년 8월 31일 15시,화요일,전라남도 고흥군 점암면,경상사고,0,0,1,0,차대차 - 기타,직진우회전진행방해,건조,맑음,교차로 - 교차로안,승용,여,49세,상해없음,화물,남,62세,경상
2021083100100346,2021년 8월 31일 15시,화요일,전라남도 영암군 삼호읍,경상사고,0,0,1,0,차대차 - 측면충돌,중앙선침범,건조,맑음,단일로 - 기타,승용,남,70세,상해없음,승용,여,38세,경상
2021083100100347,2021년 8월 31일 15시,화요일,전라남도 구례군 용방면,경상사고,0,0,1,0,차대차 - 추돌,안전운전불이행,건조,맑음,단일로 - 기타,승용,남,30세,상해없음,승용,남,55세,경상
2021083100100390,2021년 8월 31일 16시,화요일,전라남도 목포시 상동,경상사고,0,0,1,0,차대사람 - 횡단중,보행자보호의무위반,건조,맑음,단일로 - 기타,기타불명,기타불명,미분류,기타불명,보행자,여,19세,경상
2021083100100391,2021년 8월 31일 16시,화요일,전라남도 여수시 덕충동,경상사고,0,0,4,0,차대차 - 측면충돌,안전운전불이행,건조,맑음,단일로 - 기타,승합,남,49세,상해없음,승용,여,61세,경상
2021083100100392,2021년 8월 31일 16시,화요일,전라남도 완도군 고금면,경상사고,0,0,1,0,차량단독 - 공작물충돌,안전운전불이행,건조,맑음,단일로 - 기타,이륜,남,41세,상해없음,,,,
2021083100100471,2021년 8월 31일 18시,화요일,전라남도 목포시 연산동,중상사고,0,1,1,0,차대차 - 기타,안전운전불이행,건조,맑음,교차로 - 교차로안,승용,남,67세,경상,이륜,남,27세,중상
2021083100100472,2021년 8월 31일 18시,화요일,전라남도 순천시 연향동,부상신고사고,0,0,0,1,차대사람 - 기타,안전운전불이행,건조,맑음,단일로 - 기타,승용,남,25세,상해없음,보행자,여,21세,부상신고
2021083100100514,2021년 8월 31일 19시,화요일,전라남도 목포시 상동,중상사고,0,2,0,0,차대차 - 기타,안전운전불이행,건조,맑음,단일로 - 기타,이륜,남,47세,중상,이륜,남,54세,중상
2021083100100515,2021년 8월 31일 19시,화요일,전라남도 목포시 용해동,경상사고,0,0,1,0,차대차 - 측면충돌,안전운전불이행,건조,맑음,교차로 - 교차로횡단보도내,승용,남,50세,상해없음,승용,여,33세,경상
2021083100100574,2021년 8월 31일 20시,화요일,전라남도 순천시 조례동,경상사고,0,0,1,0,차대차 - 측면충돌,안전운전불이행,건조,맑음,교차로 - 교차로부근,승용,남,29세,상해없음,승용,남,68세,경상
2021083100100620,2021년 8월 31일 21시,화요일,전라남도 진도군 진도읍,경상사고,0,0,1,0,차대사람 - 길가장자리구역통행중,안전운전불이행,젖음/습기,비,단일로 - 기타,승용,여,55세,상해없음,보행자,남,70세,경상
2021083100100650,2021년 8월 31일 22시,화요일,전라남도 목포시 연산동,부상신고사고,0,0,0,1,차량단독 - 공작물충돌,안전운전불이행,건조,맑음,단일로 - 기타,승용,남,30세,부상신고,,,,
2021083100100672,2021년 8월 31일 23시,화요일,전라남도 순천시 풍덕동,중상사고,0,1,0,0,차대사람 - 횡단중,안전운전불이행,건조,맑음,교차로 - 교차로안,화물,남,63세,상해없음,보행자,남,50세,중상
2021090100100009,2021년 9월 1일 01시,수요일,전라남도 순천시 해룡면,경상사고,0,0,1,0,차량단독 - 전도전복 - 전도,안전운전불이행,건조,맑음,단일로 - 기타,개인형이동수단(PM),남,43세,경상,,,,
2021090100100014,2021년 9월 1일 02시,수요일,전라남도 함평군 엄다면,부상신고사고,0,0,0,1,차량단독 - 기타,안전운전불이행,건조,맑음,단일로 - 기타,이륜,남,55세,부상신고,,,,
2021090100100023,2021년 9월 1일 05시,수요일,전라남도 완도군 고금면,중상사고,0,1,0,0,차대차 - 추돌,안전운전불이행,건조,흐림,단일로 - 기타,화물,남,73세,상해없음,농기계,남,65세,중상
2021090100100079,2021년 9월 1일 08시,수요일,전라남도 화순군 화순읍,경상사고,0,0,1,0,차대차 - 측면충돌,안전운전불이행,건조,맑음,교차로 - 교차로안,승용,여,48세,상해없음,승용,여,37세,경상
2021090100100128,2021년 9월 1일 10시,수요일,전라남도 순천시 월등면,사망사고,1,0,0,0,차대사람 - 차도통행중,안전운전불이행,젖음/습기,비,단일로 - 기타,화물,남,61세,상해없음,보행자,남,83세,사망
2021090100100129,2021년 9월 1일 10시,수요일,전라남도 나주시 금천면,경상사고,0,0,3,0,차대차 - 추돌,안전거리미확보,젖음/습기,비,단일로 - 교량,승합,남,19세,상해없음,승용,남,31세,경상
2021090100100130,2021년 9월 1일 10시,수요일,전라남도 해남군 해남읍,중상사고,0,1,0,0,차대차 - 측면충돌,중앙선침범,젖음/습기,비,단일로 - 기타,승용,여,64세,상해없음,승합,남,55세,상해없음
2021090100100180,2021년 9월 1일 12시,수요일,전라남도 순천시 연향동,경상사고,0,0,1,0,차대차 - 기타,안전운전불이행,건조,맑음,단일로 - 기타,화물,남,58세,상해없음,화물,남,30세,경상
2021090100100181,2021년 9월 1일 12시,수요일,전라남도 영암군 시종면,경상사고,0,0,6,0,차대차 - 측면충돌,교차로운행방법위반,건조,맑음,교차로 - 교차로안,승합,남,52세,경상,승용,여,66세,경상
2021090100100217,2021년 9월 1일 13시,수요일,전라남도 목포시 산정동,경상사고,0,0,2,0,차대차 - 기타,기타,건조,맑음,교차로 - 교차로안,승용,남,59세,경상,승용,남,56세,경상
2021090100100218,2021년 9월 1일 13시,수요일,전라남도 여수시 학동,경상사고,0,0,1,0,차대차 - 측면충돌,교차로운행방법위반,건조,맑음,교차로 - 교차로안,승용,여,38세,상해없음,승용,남,38세,경상
2021090100100219,2021년 9월 1일 13시,수요일,전라남도 여수시 신월동,경상사고,0,0,1,0,차대사람 - 기타,안전운전불이행,건조,맑음,단일로 - 기타,개인형이동수단(PM),남,14세,상해없음,보행자,여,62세,경상
2021090100100220,2021년 9월 1일 13시,수요일,전라남도 고흥군 도덕면,중상사고,0,1,2,0,차대차 - 기타,교차로운행방법위반,건조,맑음,교차로 - 교차로안,화물,남,61세,상해없음,화물,남,74세,경상
2021090100100221,2021년 9월 1일 13시,수요일,전라남도 완도군 완도읍,경상사고,0,0,1,0,차대차 - 측면충돌,중앙선침범,젖음/습기,비,단일로 - 기타,화물,남,53세,상해없음,승용,남,46세,경상
2021090100100222,2021년 9월 1일 13시,수요일,전라남도 무안군 해제면,중상사고,0,1,2,0,차대차 - 기타,기타,건조,맑음,교차로 - 교차로안,승용,여,29세,경상,승용,남,58세,경상
2021090100100257,2021년 9월 1일 14시,수요일,전라남도 해남군 해남읍,중상사고,0,1,0,0,차대차 - 기타,안전운전불이행,건조,맑음,단일로 - 기타,이륜,남,80세,중상,농기계,남,49세,상해없음
2021090100100259,2021년 9월 1일 14시,수요일,전라남도 광양시 광양읍,경상사고,0,0,1,0,차대차 - 측면충돌,신호위반,건조,맑음,교차로 - 교차로안,승용,여,19세,상해없음,승용,여,30세,경상
2021090100100320,2021년 9월 1일 16시,수요일,전라남도 순천시 왕지동,경상사고,0,0,1,0,차대사람 - 기타,안전운전불이행,건조,맑음,교차로 - 교차로부근,승용,여,39세,상해없음,보행자,여,8세,경상
2021090100100321,2021년 9월 1일 16시,수요일,전라남도 해남군 화산면,경상사고,0,0,2,0,차대차 - 측면충돌,안전운전불이행,건조,맑음,단일로 - 기타,화물,남,62세,상해없음,승용,남,53세,경상
2021090100100322,2021년 9월 1일 16시,수요일,전라남도 보성군 보성읍,경상사고,0,0,1,0,차대차 - 측면충돌,직진우회전진행방해,건조,맑음,교차로 - 교차로안,승용,여,50세,상해없음,승용,여,26세,경상
2021090100100323,2021년 9월 1일 16시,수요일,전라남도 보성군 조성면,중상사고,0,1,0,0,차대사람 - 차도통행중,안전운전불이행,젖음/습기,비,단일로 - 기타,화물,남,53세,상해없음,보행자,여,14세,중상
2021090100100324,2021년 9월 1일 16시,수요일,전라남도 영암군 신북면,경상사고,0,0,2,0,차대차 - 측면충돌,신호위반,젖음/습기,흐림,교차로 - 교차로안,승용,여,38세,상해없음,승용,여,47세,경상
2021090100100357,2021년 9월 1일 17시,수요일,전라남도 광양시 광양읍,경상사고,0,0,1,0,차대차 - 추돌,안전운전불이행,젖음/습기,비,교차로 - 교차로부근,승용,남,30세,기타불명,승용,남,29세,경상
2021090100100388,2021년 9월 1일 18시,수요일,전라남도 고흥군 도화면,경상사고,0,0,1,0,차대차 - 기타,교차로운행방법위반,건조,맑음,교차로 - 교차로안,승용,남,62세,상해없음,이륜,남,78세,경상
2021090100100389,2021년 9월 1일 18시,수요일,전라남도 영광군 영광읍,경상사고,0,0,1,0,차대차 - 측면충돌,안전운전불이행,건조,맑음,교차로 - 교차로안,승용,남,67세,상해없음,승용,남,68세,경상
2021090100100421,2021년 9월 1일 19시,수요일,전라남도 목포시 상동,사망사고,1,0,0,0,차대사람 - 기타,안전운전불이행,건조,맑음,단일로 - 기타,승용,남,33세,상해없음,보행자,남,70세,사망
2021090100100422,2021년 9월 1일 19시,수요일,전라남도 나주시 세지면,경상사고,0,0,1,0,차대차 - 측면충돌,직진우회전진행방해,건조,맑음,교차로 - 교차로안,이륜,남,86세,경상,화물,남,41세,상해없음
2021090100100457,2021년 9월 1일 20시,수요일,전라남도 순천시 덕월동,경상사고,0,0,1,0,차대차 - 측면충돌,안전운전불이행,건조,맑음,단일로 - 기타,승용,남,42세,상해없음,승용,남,38세,경상
2021090100100496,2021년 9월 1일 21시,수요일,전라남도 목포시 상동,경상사고,0,0,1,0,차대차 - 측면충돌,안전운전불이행,건조,맑음,단일로 - 기타,승용,남,25세,상해없음,승용,여,61세,경상
2021090100100526,2021년 9월 1일 22시,수요일,전라남도 영암군 삼호읍,경상사고,0,0,1,0,차대차 - 추돌,안전운전불이행,건조,맑음,교차로 - 교차로부근,승용,남,54세,상해없음,승용,여,62세,경상
2021090100100544,2021년 9월 1일 23시,수요일,전라남도 해남군 옥천면,사망사고,1,1,1,0,차대차 - 추돌,기타,건조,맑음,단일로 - 기타,승용,여,20세,중상,화물,남,56세,사망
2021090200100049,2021년 9월 2일 07시,목요일,전라남도 여수시 국동,중상사고,0,1,0,0,차대사람 - 기타,안전운전불이행,건조,흐림,기타 - 기타,승합,여,42세,상해없음,보행자,남,12세,중상
2021090200100050,2021년 9월 2일 07시,목요일,전라남도 고흥군 금산면,중상사고,0,1,0,0,차대사람 - 기타,안전운전불이행,건조,맑음,기타 - 기타,승용,남,38세,상해없음,보행자,여,87세,중상
2021090200100051,2021년 9월 2일 07시,목요일,전라남도 완도군 금일읍,경상사고,0,0,1,0,차대차 - 기타,안전운전불이행,건조,맑음,교차로 - 교차로안,화물,남,65세,상해없음,화물,남,64세,경상
2021090200100052,2021년 9월 2일 07시,목요일,전라남도 무안군 청계면,중상사고,0,1,0,0,차대차 - 측면충돌,안전운전불이행,건조,맑음,기타 - 기타,이륜,남,59세,중상,승용,남,45세,상해없음
2021090200100077,2021년 9월 2일 08시,목요일,전라남도 목포시 석현동,중상사고,0,1,0,0,차대사람 - 기타,안전운전불이행,건조,맑음,기타 - 기타,승용,남,44세,기타불명,보행자,여,56세,중상
2021090200100143,2021년 9월 2일 10시,목요일,전라남도 장성군 장성읍,중상사고,0,1,0,0,차대차 - 측면충돌,안전운전불이행,건조,맑음,교차로 - 교차로안,승용,남,52세,상해없음,이륜,남,73세,중상
2021090200100144,2021년 9월 2일 10시,목요일,전라남도 광양시 금호동,경상사고,0,0,1,0,차대차 - 측면충돌,직진우회전진행방해,건조,맑음,교차로 - 교차로안,승용,남,69세,상해없음,이륜,남,48세,경상
2021090200100160,2021년 9월 2일 11시,목요일,전라남도 목포시 옥암동,중상사고,0,1,0,0,차대차 - 측면충돌,교차로운행방법위반,젖음/습기,비,교차로 - 교차로안,승용,여,37세,상해없음,자전거,남,75세,중상
2021090200100191,2021년 9월 2일 12시,목요일,전라남도 여수시 학동,경상사고,0,0,1,0,차대차 - 측면충돌,차로위반,젖음/습기,비,교차로 - 교차로안,승용,여,62세,상해없음,승용,남,41세,경상
2021090200100218,2021년 9월 2일 13시,목요일,전라남도 목포시 용해동,경상사고,0,0,1,0,차대차 - 측면충돌,안전운전불이행,건조,흐림,교차로 - 교차로안,이륜,남,71세,경상,화물,남,39세,상해없음
2021090200100219,2021년 9월 2일 13시,목요일,전라남도 여수시 웅천동,경상사고,0,0,1,0,차대차 - 추돌,안전운전불이행,건조,맑음,교차로 - 교차로부근,승용,여,37세,상해없음,승용,여,37세,경상
2021090200100220,2021년 9월 2일 13시,목요일,전라남도 영암군 삼호읍,경상사고,0,0,1,0,차대차 - 측면충돌,안전운전불이행,젖음/습기,비,기타 - 기타,승용,남,62세,상해없음,승용,남,37세,경상
2021090200100285,2021년 9월 2일 15시,목요일,전라남도 여수시 덕충동,경상사고,0,0,1,0,차대사람 - 횡단중,보행자보호의무위반,젖음/습기,비,교차로 - 교차로횡단보도내,화물,남,56세,상해없음,보행자,남,9세,경상
2021090200100286,2021년 9월 2일 15시,목요일,전라남도 여수시 돌산읍,경상사고,0,0,2,0,차대차 - 추돌,안전운전불이행,건조,맑음,교차로 - 교차로부근,승용,여,23세,상해없음,승용,남,34세,경상
2021090200100287,2021년 9월 2일 15시,목요일,전라남도 순천시 왕지동,경상사고,0,0,1,1,차대차 - 기타,직진우회전진행방해,젖음/습기,흐림,교차로 - 교차로안,승용,남,29세,부상신고,승용,남,61세,경상
2021090200100288,2021년 9월 2일 15시,목요일,전라남도 순천시 매곡동,경상사고,0,0,1,0,차대차 - 기타,안전운전불이행,건조,맑음,기타 - 기타,승용,남,74세,기타불명,승용,여,43세,경상
2021090200100318,2021년 9월 2일 16시,목요일,전라남도 무안군 운남면,중상사고,0,1,0,0,차대사람 - 기타,안전운전불이행,건조,맑음,기타 - 기타,화물,남,46세,상해없음,보행자,남,80세,중상
2021090200100319,2021년 9월 2일 16시,목요일,전라남도 광양시 옥곡면,경상사고,0,0,1,0,차대차 - 측면충돌,직진우회전진행방해,젖음/습기,비,교차로 - 교차로안,화물,남,56세,상해없음,승용,남,42세,경상
2021090200100364,2021년 9월 2일 17시,목요일,전라남도 목포시 산정동,경상사고,0,0,2,0,차대차 - 측면충돌,직진우회전진행방해,건조,맑음,교차로 - 교차로안,승용,여,31세,경상,이륜,남,21세,경상
2021090200100365,2021년 9월 2일 17시,목요일,전라남도 목포시 산정동,중상사고,0,1,1,0,차대차 - 측면충돌,안전거리미확보,건조,맑음,단일로 - 기타,화물,남,61세,상해없음,승용,남,57세,경상
2021090200100366,2021년 9월 2일 17시,목요일,전라남도 함평군 대동면,경상사고,0,0,3,1,차대차 - 측면충돌,직진우회전진행방해,건조,맑음,교차로 - 교차로안,승용,남,47세,부상신고,승용,남,53세,경상
2021090200100419,2021년 9월 2일 18시,목요일,전라남도 광양시 중동,경상사고,0,0,1,0,차대차 - 기타,교차로운행방법위반,젖음/습기,비,교차로 - 교차로안,승용,여,72세,상해없음,이륜,남,47세,경상