사고번호,사고일시,요일,시군구,사고내용,사망자수,중상자수,경상자수,부상신고자수,사고유형,법규위반,노면상태,기상상태,도로형태,가해운전자 차종,가해운전자 성별,가해운전자 연령,가해운전자 상해정도,피해운전자 차종,피해운전자 성별,피해운전자 연령,피해운전자 상해정도
2021090200100544,2021년 9월 2일 22시,목요일,전라남도 순천시 조례동,경상사고,0,0,1,0,차대사람 - 기타,안전운전불이행,건조,맑음,교차로 - 교차로안,승용,남,24세,상해없음,보행자,남,70세,경상
2021090200100545,2021년 9월 2일 22시,목요일,전라남도 광양시 광양읍,경상사고,0,0,1,0,차대사람 - 차도통행중,안전운전불이행,젖음/습기,비,단일로 - 기타,이륜,남,30세,기타불명,보행자,남,23세,경상
2021090200100558,2021년 9월 2일 23시,목요일,전라남도 화순군 화순읍,경상사고,0,0,2,0,차대차 - 측면충돌,안전운전불이행,젖음/습기,비,교차로 - 교차로부근,화물,남,60세,상해없음,승용,여,48세,경상
2021090300100039,2021년 9월 3일 06시,금요일,전라남도 여수시 율촌면,경상사고,0,0,1,0,차대차 - 측면충돌,기타,건조,맑음,교차로 - 교차로안,승용,여,61세,상해없음,승용,남,45세,경상
2021090300100040,2021년 9월 3일 06시,금요일,전라남도 화순군 사평면,중상사고,0,1,0,0,차량단독 - 도로외이탈 - 추락,안전운전불이행,건조,맑음,단일로 - 기타,승용,남,83세,상해없음,,,,
2021090300100084,2021년 9월 3일 08시,금요일,전라남도 여수시 봉강동,경상사고,0,0,1,0,차대차 - 측면충돌,안전운전불이행,건조,맑음,단일로 - 기타,승용,여,74세,상해없음,승용,여,53세,경상
2021090300100085,2021년 9월 3일 08시,금요일,전라남도 고흥군 동강면,중상사고,0,1,0,0,차대차 - 기타,안전운전불이행,젖음/습기,흐림,교차로 - 교차로안,화물,남,60세,상해없음,이륜,남,76세,중상
2021090300100086,2021년 9월 3일 08시,금요일,전라남도 장성군 진원면,경상사고,0,0,1,0,차대차 - 측면충돌,기타,건조,맑음,교차로 - 교차로안,승용,남,29세,상해없음,이륜,남,84세,경상
2021090300100087,2021년 9월 3일 08시,금요일,전라남도 강진군 강진읍,경상사고,0,0,1,1,차대차 - 측면충돌,교차로운행방법위반,건조,맑음,교차로 - 교차로안,승용,여,47세,부상신고,승용,여,51세,경상
2021090300100088,2021년 9월 3일 08시,금요일,전라남도 담양군 용면,중상사고,0,2,0,0,차대차 - 정면충돌,중앙선침범,젖음/습기,흐림,단일로 - 지하차도(도로)내,승용,남,80세,중상,화물,남,73세,중상
2021090300100118,2021년 9월 3일 09시,금요일,전라남도 순천시 가곡동,경상사고,0,0,4,0,차대차 - 측면충돌,안전운전불이행,건조,맑음,단일로 - 기타,승용,여,54세,경상,승용,남,38세,경상
2021090300100119,2021년 9월 3일 09시,금요일,전라남도 무안군 무안읍,경상사고,0,0,1,0,차대차 - 정면충돌,안전운전불이행,건조,맑음,단일로 - 기타,승용,여,53세,상해없음,화물,남,53세,기타불명
2021090300100165,2021년 9월 3일 11시,금요일,전라남도 함평군 신광면,중상사고,0,2,1,0,차대차 - 측면충돌,교차로운행방법위반,건조,맑음,교차로 - 교차로안,승용,남,70세,상해없음,화물,남,28세,경상
2021090300100187,2021년 9월 3일 12시,금요일,전라남도 목포시 산정동,경상사고,0,0,1,0,차량단독 - 기타,안전운전불이행,건조,맑음,단일로 - 기타,승합,남,64세,상해없음,,,,
2021090300100188,2021년 9월 3일 12시,금요일,전라남도 목포시 옥암동,경상사고,0,0,1,0,차대차 - 측면충돌,중앙선침범,건조,맑음,교차로 - 교차로부근,승용,남,24세,상해없음,이륜,남,41세,경상
2021090300100189,2021년 9월 3일 12시,금요일,전라남도 곡성군 곡성읍,중상사고,0,1,0,0,차대사람 - 기타,안전운전불이행,건조,흐림,교차로 - 교차로안,승용,여,62세,상해없음,보행자,여,78세,중상
2021090300100190,2021년 9월 3일 12시,금요일,전라남도 광양시 광영동,경상사고,0,0,1,0,차대차 - 측면충돌,안전운전불이행,건조,맑음,기타 - 기타,승용,남,84세,상해없음,승용,남,38세,경상
2021090300100220,2021년 9월 3일 13시,금요일,전라남도 영광군 법성면,경상사고,0,0,2,0,차대차 - 추돌,기타,건조,맑음,단일로 - 기타,화물,남,30세,경상,승용,남,24세,경상
2021090300100221,2021년 9월 3일 13시,금요일,전라남도 광양시 광양읍,경상사고,0,0,1,0,차대사람 - 기타,기타,건조,흐림,교차로 - 교차로안,승용,여,28세,상해없음,보행자,여,48세,경상
2021090300100325,2021년 9월 3일 16시,금요일,전라남도 여수시 선원동,경상사고,0,0,1,0,차대차 - 측면충돌,교차로운행방법위반,건조,맑음,교차로 - 교차로안,승용,여,39세,상해없음,승용,여,45세,경상
2021090300100326,2021년 9월 3일 16시,금요일,전라남도 순천시 연향동,중상사고,0,1,0,0,차대차 - 측면충돌,신호위반,건조,맑음,교차로 - 교차로횡단보도내,승용,여,52세,상해없음,개인형이동수단(PM),남,21세,중상
2021090300100327,2021년 9월 3일 16시,금요일,전라남도 순천시 석현동,경상사고,0,0,1,0,차대차 - 측면충돌,직진우회전진행방해,건조,맑음,교차로 - 교차로안,승용,여,27세,상해없음,이륜,남,25세,경상
2021090300100328,2021년 9월 3일 16시,금요일,전라남도 순천시 풍덕동,경상사고,0,0,3,0,차대차 - 기타,안전운전불이행,건조,맑음,교차로 - 교차로부근,승용,남,51세,경상,승용,남,21세,경상
2021090300100430,2021년 9월 3일 18시,금요일,전라남도 여수시 여서동,중상사고,0,1,1,0,차대차 - 추돌,안전운전불이행,건조,맑음,교차로 - 교차로안,승용,여,58세,기타불명,승용,남,54세,경상
2021090300100431,2021년 9월 3일 18시,금요일,전라남도 순천시 조례동,경상사고,0,0,2,0,차대사람 - 횡단중,보행자보호의무위반,건조,맑음,교차로 - 교차로횡단보도내,승용,여,52세,상해없음,보행자,여,6세,경상
2021090300100432,2021년 9월 3일 18시,금요일,전라남도 영암군 삼호읍,경상사고,0,0,1,0,차대차 - 측면충돌,안전운전불이행,건조,맑음,단일로 - 기타,승용,남,38세,상해없음,승용,여,47세,경상
2021090300100481,2021년 9월 3일 19시,금요일,전라남도 목포시 상동,경상사고,0,0,2,0,차대사람 - 길가장자리구역통행중,안전운전불이행,건조,맑음,단일로 - 기타,승용,여,19세,경상,보행자,여,24세,경상
2021090300100482,2021년 9월 3일 19시,금요일,전라남도 여수시 오림동,경상사고,0,0,1,0,차대차 - 추돌,안전운전불이행,건조,맑음,단일로 - 기타,자전거,남,63세,상해없음,자전거,여,25세,경상
2021090300100514,2021년 9월 3일 20시,금요일,전라남도 영암군 삼호읍,중상사고,0,1,0,0,차대사람 - 차도통행중,안전운전불이행,건조,맑음,교차로 - 교차로안,화물,남,58세,상해없음,보행자,남,52세,중상
2021090300100557,2021년 9월 3일 21시,금요일,전라남도 여수시 월내동,경상사고,0,0,1,0,차대차 - 측면충돌,안전운전불이행,건조,맑음,교차로 - 교차로안,승용,남,43세,상해없음,승용,남,28세,경상
2021090300100593,2021년 9월 3일 22시,금요일,전라남도 완도군 완도읍,경상사고,0,0,1,0,차대사람 - 횡단중,안전운전불이행,건조,맑음,기타 - 기타,승용,여,41세,상해없음,보행자,남,55세,경상
2021090400100019,2021년 9월 4일 01시,토요일,전라남도 함평군 함평읍,경상사고,0,0,2,0,차대차 - 후진중충돌,안전운전불이행,건조,맑음,기타 - 기타,승용,남,25세,상해없음,승용,남,24세,경상
2021090400100043,2021년 9월 4일 06시,토요일,전라남도 장흥군 관산읍,중상사고,0,2,0,0,차대차 - 추돌,중앙선침범,건조,맑음,단일로 - 기타,승용,남,50세,중상,화물,남,72세,중상
2021090400100066,2021년 9월 4일 08시,토요일,전라남도 장흥군 대덕읍,중상사고,0,1,0,0,차대차 - 추돌,안전운전불이행,건조,맑음,교차로 - 교차로부근,화물,남,64세,상해없음,이륜,여,73세,중상
2021090400100083,2021년 9월 4일 09시,토요일,전라남도 영광군 불갑면,경상사고,0,0,2,0,차대차 - 측면충돌,교차로운행방법위반,건조,맑음,교차로 - 교차로안,승용,남,69세,상해없음,화물,남,60세,경상
2021090400100084,2021년 9월 4일 09시,토요일,전라남도 진도군 진도읍,중상사고,0,1,0,0,차대사람 - 횡단중,기타,건조,맑음,단일로 - 기타,승용,여,48세,상해없음,보행자,여,78세,중상
2021090400100121,2021년 9월 4일 10시,토요일,전라남도 보성군 겸백면,중상사고,0,2,2,0,차대차 - 정면충돌,기타,건조,맑음,교차로 - 교차로안,화물,남,20세,경상,화물,남,77세,경상
2021090400100155,2021년 9월 4일 11시,토요일,전라남도 목포시 옥암동,경상사고,0,0,1,0,차대차 - 측면충돌,안전운전불이행,건조,맑음,교차로 - 교차로안,승용,여,34세,상해없음,승용,남,56세,경상
2021090400100156,2021년 9월 4일 11시,토요일,전라남도 강진군 군동면,경상사고,0,0,1,0,차량단독 - 전도전복 - 전도,안전운전불이행,건조,맑음,단일로 - 기타,이륜,여,74세,경상,,,,
2021090400100265,2021년 9월 4일 14시,토요일,전라남도 순천시 연향동,경상사고,0,0,1,0,차대차 - 기타,차로위반,건조,맑음,단일로 - 기타,승용,남,35세,기타불명,승용,남,52세,경상
2021090400100297,2021년 9월 4일 15시,토요일,전라남도 순천시 덕암동,경상사고,0,0,1,0,차대사람 - 횡단중,보행자보호의무위반,건조,맑음,교차로 - 교차로횡단보도내,승용,남,45세,상해없음,보행자,여,23세,경상
2021090400100298,2021년 9월 4일 15시,토요일,전라남도 보성군 보성읍,경상사고,0,0,2,0,차대차 - 기타,중앙선침범,건조,맑음,교차로 - 교차로부근,승용,여,29세,기타불명,승용,남,21세,경상
2021090400100415,2021년 9월 4일 19시,토요일,전라남도 장흥군 장흥읍,부상신고사고,0,0,0,2,차대차 - 측면충돌,안전운전불이행,건조,흐림,교차로 - 교차로안,승용,남,44세,상해없음,승용,남,68세,부상신고
2021090400100416,2021년 9월 4일 19시,토요일,전라남도 무안군 삼향읍,경상사고,0,0,2,0,차대차 - 추돌,안전운전불이행,건조,맑음,교차로 - 교차로부근,승용,여,62세,상해없음,승용,남,30세,경상
2021090400100470,2021년 9월 4일 21시,토요일,전라남도 광양시 금호동,경상사고,0,0,1,0,차대차 - 추돌,안전운전불이행,건조,맑음,단일로 - 기타,승용,남,41세,상해없음,승용,남,54세,상해없음
2021090400100506,2021년 9월 4일 23시,토요일,전라남도 목포시 용해동,경상사고,0,0,2,0,차대차 - 기타,안전운전불이행,건조,맑음,단일로 - 기타,승합,남,74세,상해없음,승용,남,40세,경상
2021090500100029,2021년 9월 5일 07시,일요일,전라남도 나주시 송월동,중상사고,0,1,1,0,차대차 - 측면충돌,안전운전불이행,건조,맑음,교차로 - 교차로안,승용,남,26세,상해없음,승용,남,65세,경상
2021090500100036,2021년 9월 5일 08시,일요일,전라남도 담양군 담양읍,경상사고,0,0,1,0,차대차 - 측면충돌,안전운전불이행,건조,맑음,단일로 - 기타,화물,남,55세,상해없음,이륜,남,86세,경상
2021090500100059,2021년 9월 5일 10시,일요일,전라남도 강진군 군동면,경상사고,0,0,1,0,차대차 - 측면충돌,안전운전불이행,건조,맑음,단일로 - 기타,승용,여,51세,상해없음,승용,남,21세,경상
2021090500100110,2021년 9월 5일 12시,일요일,전라남도 여수시 웅천동,중상사고,0,1,0,0,차대차 - 측면충돌,신호위반,건조,맑음,교차로 - 교차로안,승용,남,65세,상해없음,화물,남,47세,중상
2021090500100111,2021년 9월 5일 12시,일요일,전라남도 장흥군 장흥읍,경상사고,0,0,1,0,차대차 - 측면충돌,안전운전불이행,젖음/습기,흐림,단일로 - 기타,승용,남,53세,상해없음,승용,남,40세,경상
2021090500100112,2021년 9월 5일 12시,일요일,전라남도 고흥군 풍양면,중상사고,0,1,0,0,차대차 - 측면충돌,안전운전불이행,건조,맑음,단일로 - 기타,이륜,여,70세,상해없음,이륜,남,17세,상해없음
2021090500100136,2021년 9월 5일 13시,일요일,전라남도 고흥군 대서면,중상사고,0,2,0,0,차대차 - 기타,기타,건조,맑음,교차로 - 교차로부근,화물,남,72세,상해없음,이륜,남,49세,중상
2021090500100137,2021년 9월 5일 13시,일요일,전라남도 영암군 삼호읍,경상사고,0,0,1,0,차대차 - 추돌,안전운전불이행,건조,맑음,교차로 - 교차로부근,화물,남,53세,상해없음,승용,남,39세,경상
2021090500100138,2021년 9월 5일 13시,일요일,전라남도 광양시 광양읍,경상사고,0,0,1,0,차대차 - 기타,교차로운행방법위반,건조,맑음,교차로 - 교차로안,승용,남,60세,상해없음,승용,남,42세,경상
2021090500100168,2021년 9월 5일 14시,일요일,전라남도 순천시 해룡면,경상사고,0,0,1,0,차대차 - 측면충돌,신호위반,건조,맑음,교차로 - 교차로안,승용,남,18세,상해없음,승용,남,31세,경상
2021090500100169,2021년 9월 5일 14시,일요일,전라남도 담양군 대덕면,중상사고,0,1,1,0,차대차 - 추돌,안전운전불이행,건조,맑음,단일로 - 기타,화물,남,81세,상해없음,승용,남,64세,경상
2021090500100200,2021년 9월 5일 15시,일요일,전라남도 목포시 용당동,중상사고,0,1,0,0,차량단독 - 공작물충돌,안전운전불이행,젖음/습기,맑음,교차로 - 교차로안,승용,남,38세,중상,,,,
2021090500100201,2021년 9월 5일 15시,일요일,전라남도 나주시 이창동,중상사고,0,1,0,0,차대차 - 측면충돌,불법유턴,건조,흐림,단일로 - 교량,승용,남,38세,상해없음,이륜,남,51세,중상
2021090500100202,2021년 9월 5일 15시,일요일,전라남도 강진군 성전면,경상사고,0,0,4,0,차대차 - 추돌,안전운전불이행,젖음/습기,비,교차로 - 교차로부근,승용,남,77세,상해없음,승용,남,60세,경상
2021090500100263,2021년 9월 5일 17시,일요일,전라남도 목포시 산정동,중상사고,0,1,1,0,차대차 - 측면충돌,직진우회전진행방해,건조,맑음,교차로 - 교차로안,승용,남,42세,상해없음,이륜,남,17세,경상
2021090500100316,2021년 9월 5일 19시,일요일,전라남도 나주시 빛가람동,경상사고,0,0,1,0,차대사람 - 횡단중,신호위반,건조,맑음,교차로 - 교차로안,승용,여,40세,상해없음,보행자,남,27세,경상
2021090500100317,2021년 9월 5일 19시,일요일,전라남도 광양시 중동,중상사고,0,1,0,0,차대차 - 기타,안전운전불이행,건조,맑음,교차로 - 교차로부근,이륜,남,39세,중상,승용,남,51세,상해없음
2021090500100391,2021년 9월 5일 21시,일요일,전라남도 목포시 상동,경상사고,0,0,1,0,차대차 - 정면충돌,신호위반,건조,맑음,교차로 - 교차로안,승용,남,24세,상해없음,승용,남,47세,경상
2021090500100392,2021년 9월 5일 21시,일요일,전라남도 광양시 중동,경상사고,0,0,1,0,차대차 - 측면충돌,신호위반,건조,맑음,교차로 - 교차로안,승용,남,43세,상해없음,승용,남,49세,경상
2021090500100408,2021년 9월 5일 22시,일요일,전라남도 목포시 옥암동,경상사고,0,0,1,0,차대차 - 측면충돌,교차로운행방법위반,건조,맑음,교차로 - 교차로부근,승용,남,65세,상해없음,승합,남,56세,경상
2021090600100056,2021년 9월 6일 07시,월요일,전라남도 목포시 동명동,경상사고,0,0,1,0,차대차 - 기타,신호위반,건조,맑음,교차로 - 교차로안,이륜,남,66세,상해없음,승용,남,54세,경상
2021090600100057,2021년 9월 6일 07시,월요일,전라남도 영암군 군서면,경상사고,0,0,1,0,차대차 - 기타,안전운전불이행,건조,맑음,단일로 - 기타,승용,남,57세,상해없음,자전거,남,87세,경상
2021090600100102,2021년 9월 6일 08시,월요일,전라남도 여수시 소라면,경상사고,0,0,1,0,차대차 - 기타,안전운전불이행,젖음/습기,흐림,교차로 - 교차로안,화물,남,68세,상해없음,승용,남,46세,경상
2021090600100103,2021년 9월 6일 08시,월요일,전라남도 진도군 진도읍,경상사고,0,0,2,1,차대차 - 측면충돌,신호위반,건조,맑음,교차로 - 교차로안,이륜,남,47세,부상신고,승용,여,37세,경상
2021090600100141,2021년 9월 6일 09시,월요일,전라남도 목포시 옥암동,경상사고,0,0,2,0,차대차 - 기타,직진우회전진행방해,건조,맑음,교차로 - 교차로안,승용,여,53세,경상,화물,남,49세,경상
2021090600100142,2021년 9월 6일 09시,월요일,전라남도 여수시 신덕동,중상사고,0,3,0,0,차대차 - 측면충돌,교차로운행방법위반,젖음/습기,비,교차로 - 교차로안,화물,남,41세,중상,화물,남,62세,중상
2021090600100143,2021년 9월 6일 09시,월요일,전라남도 해남군 해남읍,경상사고,0,0,1,0,차대차 - 기타,신호위반,건조,맑음,교차로 - 교차로안,승용,남,63세,상해없음,이륜,남,67세,경상
2021090600100182,2021년 9월 6일 10시,월요일,전라남도 목포시 산정동,경상사고,0,0,1,0,차량단독 - 공작물충돌,안전운전불이행,건조,맑음,교차로 - 교차로부근,화물,남,64세,경상,,,,
2021090600100183,2021년 9월 6일 10시,월요일,전라남도 여수시 율촌면,중상사고,0,1,2,0,차대차 - 측면충돌,신호위반,젖음/습기,비,교차로 - 교차로안,승용,여,32세,중상,승용,남,58세,경상
2021090600100184,2021년 9월 6일 10시,월요일,전라남도 여수시 신기동,경상사고,0,0,1,0,차대사람 - 차도통행중,안전운전불이행,젖음/습기,비,단일로 - 기타,승용,여,50세,상해없음,보행자,여,79세,경상
2021090600100185,2021년 9월 6일 10시,월요일,전라남도 고흥군 도양읍,경상사고,0,0,1,0,차대차 - 기타,안전운전불이행,건조,맑음,교차로 - 교차로안,이륜,남,78세,경상,승합,남,65세,상해없음
2021090600100186,2021년 9월 6일 10시,월요일,전라남도 영암군 미암면,중상사고,0,1,0,0,차대차 - 측면충돌,안전운전불이행,건조,맑음,단일로 - 기타,승용,여,37세,상해없음,자전거,남,81세,중상
2021090600100220,2021년 9월 6일 11시,월요일,전라남도 진도군 진도읍,경상사고,0,0,1,0,차대차 - 후진중충돌,안전운전불이행,건조,맑음,단일로 - 기타,승용,여,73세,상해없음,특수,남,44세,경상
2021090600100221,2021년 9월 6일 11시,월요일,전라남도 구례군 산동면,경상사고,0,0,2,0,차대차 - 측면충돌,중앙선침범,젖음/습기,흐림,단일로 - 기타,화물,여,31세,상해없음,승용,남,62세,경상
2021090600100252,2021년 9월 6일 12시,월요일,전라남도 여수시 웅천동,경상사고,0,0,1,0,차대차 - 측면충돌,안전운전불이행,건조,맑음,교차로 - 교차로부근,승용,남,59세,상해없음,승용,여,71세,경상
2021090600100283,2021년 9월 6일 13시,월요일,전라남도 여수시 여서동,중상사고,0,1,0,0,차대사람 - 횡단중,안전운전불이행,젖음/습기,흐림,교차로 - 교차로부근,승합,남,56세,상해없음,보행자,남,70세,중상
2021090600100383,2021년 9월 6일 16시,월요일,전라남도 여수시 관문동,경상사고,0,0,1,0,차대차 - 기타,안전운전불이행,건조,맑음,교차로 - 교차로안,승용,남,70세,상해없음,승용,남,55세,경상
2021090600100423,2021년 9월 6일 17시,월요일,전라남도 목포시 산정동,경상사고,0,0,2,1,차대차 - 기타,안전운전불이행,건조,맑음,단일로 - 기타,승용,남,66세,부상신고,화물,남,55세,경상
2021090600100424,2021년 9월 6일 17시,월요일,전라남도 여수시 돌산읍,경상사고,0,0,1,0,차대차 - 측면충돌,안전운전불이행,건조,맑음,단일로 - 기타,승용,여,55세,상해없음,승합,남,67세,경상
2021090600100464,2021년 9월 6일 18시,월요일,전라남도 목포시 연산동,경상사고,0,0,1,0,차대차 - 기타,안전운전불이행,건조,맑음,교차로 - 교차로안,승용,여,46세,상해없음,승용,남,38세,경상
2021090600100465,2021년 9월 6일 18시,월요일,전라남도 여수시 봉계동,경상사고,0,0,1,0,차대차 - 추돌,안전운전불이행,젖음/습기,비,교차로 - 교차로안,승용,여,58세,기타불명,승용,여,43세,경상
2021090600100466,2021년 9월 6일 18시,월요일,전라남도 강진군 도암면,중상사고,0,4,2,1,차대차 - 측면충돌,안전운전불이행,건조,맑음,단일로 - 기타,승합,남,69세,부상신고,승용,남,55세,경상
2021090600100651,2021년 9월 6일 22시,월요일,전라남도 여수시 미평동,경상사고,0,0,4,0,차대차 - 기타,중앙선침범,젖음/습기,흐림,단일로 - 교량,승용,남,37세,상해없음,승용,남,38세,경상
2021090600100673,2021년 9월 6일 23시,월요일,전라남도 영암군 삼호읍,중상사고,0,1,0,0,차대사람 - 기타,안전운전불이행,건조,맑음,단일로 - 기타,승용,남,55세,상해없음,보행자,남,미분류,중상
2021090600100674,2021년 9월 6일 23시,월요일,전라남도 광양시 중동,사망사고,1,0,0,0,차대사람 - 기타,안전운전불이행,건조,흐림,교차로 - 교차로안,승용,남,44세,상해없음,보행자,남,27세,사망
2021090700100034,2021년 9월 7일 05시,화요일,전라남도 보성군 미력면,경상사고,0,0,2,0,차대차 - 추돌,안전운전불이행,건조,맑음,단일로 - 기타,화물,여,56세,상해없음,화물,남,73세,경상
2021090700100045,2021년 9월 7일 06시,화요일,전라남도 순천시 풍덕동,경상사고,0,0,1,0,차대차 - 기타,안전운전불이행,건조,맑음,단일로 - 기타,화물,남,76세,상해없음,화물,남,57세,경상
2021090700100063,2021년 9월 7일 07시,화요일,전라남도 화순군 이양면,중상사고,0,1,0,0,차대차 - 측면충돌,중앙선침범,건조,맑음,교차로 - 교차로부근,승합,남,47세,상해없음,승용,여,57세,중상
2021090700100089,2021년 9월 7일 08시,화요일,전라남도 담양군 봉산면,경상사고,0,0,3,0,차대차 - 측면충돌,안전운전불이행,건조,맑음,교차로 - 교차로안,승용,여,42세,경상,승용,여,24세,경상
2021090700100090,2021년 9월 7일 08시,화요일,전라남도 무안군 삼향읍,경상사고,0,0,1,0,차대차 - 측면충돌,안전운전불이행,건조,맑음,교차로 - 교차로부근,승용,여,31세,상해없음,승합,남,38세,상해없음
2021090700100130,2021년 9월 7일 09시,화요일,전라남도 나주시 동수동,경상사고,0,0,1,0,차대차 - 추돌,안전운전불이행,젖음/습기,흐림,단일로 - 기타,승합,남,64세,경상,화물,남,47세,상해없음
2021090700100131,2021년 9월 7일 09시,화요일,전라남도 장흥군 장흥읍,경상사고,0,0,1,0,차대사람 - 횡단중,보행자보호의무위반,젖음/습기,흐림,교차로 - 교차로횡단보도내,승용,여,41세,기타불명,보행자,여,79세,경상
2021090700100168,2021년 9월 7일 10시,화요일,전라남도 순천시 가곡동,중상사고,0,1,1,0,차대차 - 기타,안전운전불이행,건조,맑음,교차로 - 교차로부근,화물,남,48세,상해없음,승용,여,21세,경상
2021090700100169,2021년 9월 7일 10시,화요일,전라남도 함평군 함평읍,경상사고,0,0,1,0,차대차 - 측면충돌,교차로운행방법위반,젖음/습기,비,교차로 - 교차로안,이륜,남,84세,경상,승용,남,40세,상해없음
2021090700100260,2021년 9월 7일 13시,화요일,전라남도 목포시 호남동,중상사고,0,1,1,0,차대차 - 추돌,안전운전불이행,건조,맑음,교차로 - 교차로안,승용,여,61세,상해없음,이륜,남,81세,중상
2021090700100261,2021년 9월 7일 13시,화요일,전라남도 여수시 봉산동,중상사고,0,1,0,0,차대차 - 측면충돌,중앙선침범,건조,맑음,교차로 - 교차로부근,승용,여,46세,상해없음,이륜,남,55세,중상
2021090700100289,2021년 9월 7일 14시,화요일,전라남도 여수시 여서동,경상사고,0,0,1,0,차대차 - 후진중충돌,교차로운행방법위반,건조,맑음,교차로 - 교차로안,화물,남,71세,상해없음,화물,남,50세,경상
2021090700100290,2021년 9월 7일 14시,화요일,전라남도 해남군 문내면,경상사고,0,0,1,0,차대사람 - 기타,안전운전불이행,건조,맑음,기타 - 기타,이륜,남,59세,상해없음,보행자,남,43세,경상
2021090700100327,2021년 9월 7일 15시,화요일,전라남도 목포시 호남동,중상사고,0,2,5,0,차대차 - 기타,기타,건조,맑음,기타 - 기타,승용,여,29세,상해없음,승용,남,29세,경상
2021090700100360,2021년 9월 7일 16시,화요일,전라남도 목포시 연산동,경상사고,0,0,2,0,차대차 - 측면충돌,안전거리미확보,건조,맑음,단일로 - 기타,승용,여,70세,경상,승용,여,40세,경상
2021090700100361,2021년 9월 7일 16시,화요일,전라남도 화순군 화순읍,경상사고,0,0,2,1,차대차 - 측면충돌,안전거리미확보,젖음/습기,비,단일로 - 기타,승용,여,50세,상해없음,승합,남,27세,경상
2021090700100387,2021년 9월 7일 17시,화요일,전라남도 완도군 완도읍,경상사고,0,0,1,0,차대차 - 기타,안전운전불이행,건조,맑음,교차로 - 교차로부근,화물,남,39세,상해없음,승용,여,77세,경상
2021090700100463,2021년 9월 7일 19시,화요일,전라남도 목포시 연산동,경상사고,0,0,4,0,차대차 - 추돌,안전운전불이행,건조,맑음,단일로 - 고가도로위,승용,남,38세,상해없음,승용,남,65세,경상
2021090700100464,2021년 9월 7일 19시,화요일,전라남도 광양시 중동,중상사고,0,1,0,0,차대차 - 기타,안전운전불이행,건조,맑음,기타 - 기타,이륜,남,17세,기타불명,승용,여,29세,기타불명
2021090700100506,2021년 9월 7일 20시,화요일,전라남도 영광군 영광읍,경상사고,0,0,1,0,차대차 - 추돌,안전운전불이행,건조,맑음,교차로 - 교차로안,승용,여,23세,상해없음,이륜,남,34세,경상
2021090700100541,2021년 9월 7일 21시,화요일,전라남도 목포시 석현동,경상사고,0,0,1,0,차대차 - 측면충돌,신호위반,건조,맑음,교차로 - 교차로안,승용,남,60세,상해없음,승용,남,51세,경상
2021090700100542,2021년 9월 7일 21시,화요일,전라남도 여수시 웅천동,경상사고,0,0,1,0,차대차 - 측면충돌,안전운전불이행,건조,맑음,교차로 - 교차로안,승용,남,66세,상해없음,승용,남,60세,경상
2021090800100061,2021년 9월 8일 07시,수요일,전라남도 함평군 함평읍,중상사고,0,1,0,0,차량단독 - 전도전복 - 전도,안전운전불이행,건조,맑음,단일로 - 기타,이륜,남,77세,중상,,,,
2021090800100062,2021년 9월 8일 07시,수요일,전라남도 담양군 담양읍,경상사고,0,0,1,0,차대차 - 기타,안전운전불이행,젖음/습기,비,교차로 - 교차로안,승용,남,53세,상해없음,승합,남,70세,경상
2021090800100106,2021년 9월 8일 08시,수요일,전라남도 목포시 죽교동,중상사고,0,1,0,0,차대사람 - 기타,안전운전불이행,건조,맑음,교차로 - 교차로부근,승용,남,77세,상해없음,보행자,여,85세,중상
2021090800100107,2021년 9월 8일 08시,수요일,전라남도 고흥군 포두면,중상사고,0,1,0,0,차량단독 - 공작물충돌,안전운전불이행,건조,맑음,단일로 - 기타,농기계,남,70세,중상,,,,
2021090800100108,2021년 9월 8일 08시,수요일,전라남도 영광군 영광읍,경상사고,0,0,1,0,차대사람 - 차도통행중,안전운전불이행,건조,맑음,단일로 - 기타,승용,여,41세,상해없음,보행자,여,13세,경상
2021090800100109,2021년 9월 8일 08시,수요일,전라남도 무안군 삼향읍,경상사고,0,0,1,0,차대사람 - 보도통행중,안전운전불이행,건조,맑음,교차로 - 교차로횡단보도내,승용,남,64세,기타불명,보행자,여,12세,경상
2021090800100144,2021년 9월 8일 09시,수요일,전라남도 목포시 연산동,경상사고,0,0,1,0,차대차 - 기타,안전운전불이행,건조,맑음,교차로 - 교차로부근,승용,남,58세,상해없음,승용,여,42세,경상
2021090800100145,2021년 9월 8일 09시,수요일,전라남도 장흥군 장흥읍,경상사고,0,0,2,0,차대차 - 기타,안전운전불이행,건조,맑음,기타 - 기타,화물,남,58세,경상,특수,남,28세,경상
2021090800100178,2021년 9월 8일 10시,수요일,전라남도 화순군 화순읍,경상사고,0,0,1,0,차대사람 - 기타,안전운전불이행,건조,맑음,단일로 - 기타,승용,남,69세,상해없음,보행자,남,62세,경상
2021090800100213,2021년 9월 8일 11시,수요일,전라남도 목포시 항동,경상사고,0,0,1,0,차대사람 - 횡단중,보행자보호의무위반,건조,맑음,교차로 - 교차로횡단보도내,승용,남,64세,상해없음,보행자,여,79세,경상
2021090800100214,2021년 9월 8일 11시,수요일,전라남도 고흥군 풍양면,중상사고,0,1,0,0,차대사람 - 기타,기타,건조,맑음,단일로 - 기타,화물,남,42세,상해없음,보행자,여,81세,중상
2021090800100246,2021년 9월 8일 12시,수요일,전라남도 강진군 강진읍,부상신고사고,0,0,0,1,차대차 - 측면충돌,교차로운행방법위반,건조,맑음,교차로 - 교차로안,이륜,남,18세,부상신고,승용,남,56세,상해없음