사고번호,사고일시,요일,시군구,사고내용,사망자수,중상자수,경상자수,부상신고자수,사고유형,법규위반,노면상태,기상상태,도로형태,가해운전자 차종,가해운전자 성별,가해운전자 연령,가해운전자 상해정도,피해운전자 차종,피해운전자 성별,피해운전자 연령,피해운전자 상해정도
2021090800100281,2021년 9월 8일 13시,수요일,전라남도 목포시 연산동,중상사고,0,1,0,0,차대차 - 기타,신호위반,건조,맑음,단일로 - 기타,승용,남,30세,상해없음,이륜,남,27세,중상
2021090800100282,2021년 9월 8일 13시,수요일,전라남도 여수시 학동,경상사고,0,0,2,0,차대차 - 측면충돌,안전운전불이행,건조,맑음,단일로 - 기타,이륜,남,19세,상해없음,승용,여,33세,경상
2021090800100324,2021년 9월 8일 14시,수요일,전라남도 담양군 수북면,중상사고,0,1,0,0,차대차 - 기타,안전운전불이행,건조,맑음,교차로 - 교차로안,승용,남,49세,상해없음,이륜,남,79세,중상
2021090800100365,2021년 9월 8일 15시,수요일,전라남도 강진군 강진읍,경상사고,0,0,1,0,차량단독 - 전도전복 - 전도,안전운전불이행,건조,맑음,기타 - 기타,이륜,남,59세,경상,,,,
2021090800100366,2021년 9월 8일 15시,수요일,전라남도 강진군 강진읍,부상신고사고,0,0,0,1,차대사람 - 차도통행중,안전운전불이행,건조,맑음,교차로 - 교차로안,승용,여,55세,상해없음,보행자,남,81세,부상신고
2021090800100411,2021년 9월 8일 16시,수요일,전라남도 화순군 사평면,경상사고,0,0,1,0,차대차 - 후진중충돌,안전운전불이행,건조,맑음,단일로 - 기타,화물,남,84세,상해없음,자전거,남,69세,경상
2021090800100412,2021년 9월 8일 16시,수요일,전라남도 무안군 삼향읍,경상사고,0,0,2,0,차대차 - 추돌,안전운전불이행,건조,맑음,교차로 - 교차로횡단보도내,승용,여,41세,상해없음,승용,남,42세,경상
2021090800100468,2021년 9월 8일 17시,수요일,전라남도 화순군 도암면,경상사고,0,0,2,0,차대차 - 기타,중앙선침범,건조,맑음,단일로 - 기타,화물,남,64세,상해없음,화물,남,65세,경상
2021090800100514,2021년 9월 8일 18시,수요일,전라남도 순천시 연향동,경상사고,0,0,1,0,차대차 - 추돌,안전운전불이행,건조,맑음,교차로 - 교차로안,승용,남,26세,상해없음,이륜,남,41세,경상
2021090800100556,2021년 9월 8일 19시,수요일,전라남도 여수시 미평동,경상사고,0,0,1,0,차대차 - 측면충돌,안전운전불이행,건조,맑음,교차로 - 교차로안,화물,남,64세,상해없음,승용,여,40세,경상
2021090800100557,2021년 9월 8일 19시,수요일,전라남도 화순군 춘양면,중상사고,0,1,0,0,차대차 - 측면충돌,중앙선침범,건조,맑음,단일로 - 기타,농기계,남,64세,상해없음,화물,남,66세,중상
2021090800100558,2021년 9월 8일 19시,수요일,전라남도 광양시 중동,경상사고,0,0,1,0,차대차 - 측면충돌,안전운전불이행,건조,기타,교차로 - 교차로안,승용,여,64세,상해없음,승용,여,29세,경상
2021090800100614,2021년 9월 8일 21시,수요일,전라남도 여수시 학동,사망사고,1,0,0,0,차대사람 - 횡단중,안전운전불이행,건조,맑음,단일로 - 기타,승용,남,28세,상해없음,보행자,남,82세,사망
2021090800100641,2021년 9월 8일 22시,수요일,전라남도 여수시 돌산읍,중상사고,0,1,6,0,차대차 - 측면충돌,중앙선침범,건조,맑음,교차로 - 교차로안,승용,남,38세,상해없음,승합,남,54세,경상
2021090900100006,2021년 9월 9일 00시,목요일,전라남도 광양시 마동,경상사고,0,0,2,0,차대차 - 추돌,안전운전불이행,건조,맑음,교차로 - 교차로안,승용,남,48세,상해없음,승용,남,29세,경상
2021090900100034,2021년 9월 9일 06시,목요일,전라남도 영암군 금정면,경상사고,0,0,2,0,차대차 - 측면충돌,교차로운행방법위반,건조,맑음,교차로 - 교차로안,승용,여,51세,상해없음,승용,여,57세,경상
2021090900100054,2021년 9월 9일 07시,목요일,전라남도 장성군 남면,경상사고,0,0,1,0,차대차 - 추돌,안전운전불이행,건조,맑음,단일로 - 기타,화물,남,50세,상해없음,승용,남,55세,경상
2021090900100055,2021년 9월 9일 07시,목요일,전라남도 장성군 서삼면,경상사고,0,0,1,0,차대차 - 측면충돌,안전운전불이행,건조,맑음,단일로 - 기타,화물,남,62세,기타불명,사륜오토바이(ATV),여,74세,경상
2021090900100096,2021년 9월 9일 08시,목요일,전라남도 광양시 광양읍,경상사고,0,0,1,0,차대차 - 측면충돌,안전운전불이행,건조,맑음,교차로 - 교차로안,이륜,남,68세,경상,승용,여,46세,상해없음
2021090900100160,2021년 9월 9일 10시,목요일,전라남도 목포시 상동,경상사고,0,0,1,0,차대차 - 기타,안전운전불이행,건조,맑음,단일로 - 기타,승용,남,47세,상해없음,승용,남,55세,상해없음
2021090900100161,2021년 9월 9일 10시,목요일,전라남도 장흥군 장흥읍,경상사고,0,0,1,0,차대차 - 측면충돌,안전운전불이행,건조,맑음,교차로 - 교차로안,원동기,여,78세,경상,승용,남,61세,상해없음
2021090900100195,2021년 9월 9일 11시,목요일,전라남도 광양시 태인동,경상사고,0,0,1,0,차대차 - 추돌,교차로운행방법위반,건조,맑음,교차로 - 교차로안,건설기계,남,51세,상해없음,건설기계,남,39세,경상
2021090900100229,2021년 9월 9일 12시,목요일,전라남도 순천시 별량면,경상사고,0,0,2,0,차대차 - 추돌,안전운전불이행,건조,맑음,교차로 - 교차로부근,승용,남,77세,경상,화물,남,65세,경상
2021090900100230,2021년 9월 9일 12시,목요일,전라남도 고흥군 과역면,중상사고,0,1,0,0,차대사람 - 길가장자리구역통행중,안전운전불이행,건조,맑음,단일로 - 기타,승용,남,76세,상해없음,보행자,여,74세,중상
2021090900100266,2021년 9월 9일 13시,목요일,전라남도 여수시 학동,경상사고,0,0,2,0,차대차 - 기타,차로위반,건조,맑음,교차로 - 교차로안,화물,남,52세,상해없음,승용,남,24세,경상
2021090900100267,2021년 9월 9일 13시,목요일,전라남도 장흥군 관산읍,경상사고,0,0,1,0,차대차 - 정면충돌,중앙선침범,건조,맑음,단일로 - 기타,이륜,남,66세,기타불명,승용,여,43세,경상
2021090900100377,2021년 9월 9일 16시,목요일,전라남도 광양시 광양읍,경상사고,0,0,1,0,차대사람 - 차도통행중,안전운전불이행,건조,맑음,교차로 - 교차로부근,승용,남,59세,상해없음,보행자,여,82세,경상
2021090900100456,2021년 9월 9일 18시,목요일,전라남도 여수시 문수동,경상사고,0,0,1,0,차대차 - 추돌,안전운전불이행,건조,맑음,단일로 - 기타,승용,남,56세,상해없음,승용,남,38세,경상
2021090900100494,2021년 9월 9일 19시,목요일,전라남도 보성군 득량면,사망사고,1,1,0,0,차량단독 - 공작물충돌,안전운전불이행,건조,맑음,단일로 - 기타,화물,남,62세,중상,,,,
2021090900100527,2021년 9월 9일 20시,목요일,전라남도 함평군 함평읍,부상신고사고,0,0,0,1,차량단독 - 공작물충돌,안전운전불이행,건조,맑음,단일로 - 기타,승용,여,48세,부상신고,,,,
2021090900100573,2021년 9월 9일 22시,목요일,전라남도 여수시 선원동,경상사고,0,0,2,0,차대차 - 측면충돌,안전운전불이행,건조,맑음,교차로 - 교차로부근,승용,남,27세,상해없음,승용,남,24세,경상
2021091000100005,2021년 9월 10일 00시,금요일,전라남도 목포시 옥암동,경상사고,0,0,1,0,차대차 - 측면충돌,중앙선침범,건조,맑음,단일로 - 기타,승용,여,25세,상해없음,승용,남,25세,경상
2021091000100006,2021년 9월 10일 00시,금요일,전라남도 목포시 용당동,경상사고,0,0,1,0,차대차 - 측면충돌,교차로운행방법위반,건조,맑음,교차로 - 교차로안,승용,남,42세,상해없음,승용,여,51세,경상
2021091000100023,2021년 9월 10일 04시,금요일,전라남도 목포시 용당동,사망사고,1,0,0,1,차대차 - 기타,안전운전불이행,젖음/습기,맑음,단일로 - 기타,이륜,남,16세,부상신고,자전거,남,81세,사망
2021091000100036,2021년 9월 10일 05시,금요일,전라남도 순천시 조례동,경상사고,0,0,1,0,차대사람 - 기타,안전운전불이행,건조,맑음,교차로 - 교차로부근,승용,여,30세,상해없음,보행자,여,20세,경상
2021091000100050,2021년 9월 10일 06시,금요일,전라남도 장성군 삼서면,경상사고,0,0,1,0,차대차 - 측면충돌,안전운전불이행,건조,맑음,단일로 - 기타,승용,남,58세,상해없음,승용,남,58세,경상
2021091000100062,2021년 9월 10일 07시,금요일,전라남도 순천시 연향동,경상사고,0,0,1,0,차대차 - 측면충돌,신호위반,건조,맑음,단일로 - 기타,화물,여,53세,상해없음,승용,남,48세,경상
2021091000100094,2021년 9월 10일 08시,금요일,전라남도 목포시 상동,경상사고,0,0,3,0,차대차 - 기타,직진우회전진행방해,건조,맑음,교차로 - 교차로안,승용,남,49세,경상,승용,남,23세,경상
2021091000100095,2021년 9월 10일 08시,금요일,전라남도 장성군 장성읍,중상사고,0,1,0,0,차대사람 - 횡단중,보행자보호의무위반,건조,맑음,교차로 - 교차로횡단보도내,승용,남,59세,상해없음,보행자,여,65세,중상
2021091000100123,2021년 9월 10일 09시,금요일,전라남도 여수시 신기동,경상사고,0,0,1,0,차대차 - 추돌,안전거리미확보,젖음/습기,비,교차로 - 교차로부근,승합,남,48세,상해없음,승용,여,57세,경상
2021091000100124,2021년 9월 10일 09시,금요일,전라남도 나주시 왕곡면,경상사고,0,0,1,0,차대차 - 측면충돌,안전운전불이행,건조,맑음,단일로 - 기타,건설기계,남,51세,상해없음,승용,남,61세,경상
2021091000100125,2021년 9월 10일 09시,금요일,전라남도 나주시 빛가람동,경상사고,0,0,1,0,차대차 - 측면충돌,안전거리미확보,건조,맑음,교차로 - 교차로안,승용,여,68세,상해없음,승용,여,39세,경상
2021091000100197,2021년 9월 10일 11시,금요일,전라남도 장흥군 장흥읍,경상사고,0,0,1,0,차대차 - 측면충돌,직진우회전진행방해,건조,흐림,교차로 - 교차로안,승용,남,51세,상해없음,자전거,남,71세,경상
2021091000100232,2021년 9월 10일 12시,금요일,전라남도 나주시 남평읍,경상사고,0,0,1,0,차대차 - 측면충돌,중앙선침범,건조,맑음,교차로 - 교차로안,자전거,여,64세,경상,화물,남,58세,상해없음
2021091000100255,2021년 9월 10일 13시,금요일,전라남도 목포시 상동,경상사고,0,0,1,0,차량단독 - 기타,안전운전불이행,건조,맑음,단일로 - 기타,승용,여,61세,경상,,,,
2021091000100256,2021년 9월 10일 13시,금요일,전라남도 순천시 덕월동,경상사고,0,0,1,0,차대차 - 추돌,안전운전불이행,건조,맑음,단일로 - 기타,화물,남,54세,상해없음,승용,여,62세,경상
2021091000100284,2021년 9월 10일 14시,금요일,전라남도 나주시 봉황면,부상신고사고,0,0,0,1,차대차 - 측면충돌,기타,건조,맑음,단일로 - 기타,건설기계,남,67세,상해없음,승용,여,22세,상해없음
2021091000100285,2021년 9월 10일 14시,금요일,전라남도 해남군 현산면,경상사고,0,0,1,0,차대차 - 측면충돌,안전운전불이행,건조,맑음,단일로 - 기타,화물,남,61세,상해없음,화물,남,44세,경상
2021091000100327,2021년 9월 10일 15시,금요일,전라남도 무안군 일로읍,경상사고,0,0,1,0,차대차 - 기타,직진우회전진행방해,건조,맑음,교차로 - 교차로안,승용,남,63세,경상,화물,남,50세,상해없음
2021091000100422,2021년 9월 10일 17시,금요일,전라남도 화순군 도곡면,경상사고,0,0,1,0,차대차 - 측면충돌,중앙선침범,건조,맑음,교차로 - 교차로부근,승용,남,65세,상해없음,화물,여,61세,경상
2021091000100481,2021년 9월 10일 18시,금요일,전라남도 여수시 신기동,경상사고,0,0,1,0,차대차 - 측면충돌,안전운전불이행,건조,맑음,단일로 - 기타,승용,남,59세,상해없음,승용,남,56세,경상
2021091000100482,2021년 9월 10일 18시,금요일,전라남도 장흥군 장흥읍,경상사고,0,0,1,0,차대차 - 측면충돌,교차로운행방법위반,건조,맑음,교차로 - 교차로안,승용,여,43세,상해없음,자전거,남,61세,경상
2021091000100483,2021년 9월 10일 18시,금요일,전라남도 광양시 광양읍,중상사고,0,1,0,0,차대차 - 측면충돌,차로위반,건조,맑음,단일로 - 기타,승용,남,31세,상해없음,이륜,남,45세,중상
2021091000100528,2021년 9월 10일 19시,금요일,전라남도 목포시 용해동,경상사고,0,0,3,0,차대차 - 측면충돌,교차로운행방법위반,건조,맑음,교차로 - 교차로부근,승합,남,69세,상해없음,승용,여,44세,경상
2021091000100529,2021년 9월 10일 19시,금요일,전라남도 신안군 압해읍,중상사고,0,2,0,0,차대차 - 추돌,안전운전불이행,건조,맑음,단일로 - 기타,승용,남,34세,상해없음,농기계,남,72세,중상
2021091000100567,2021년 9월 10일 20시,금요일,전라남도 진도군 임회면,경상사고,0,0,1,0,차대사람 - 길가장자리구역통행중,안전운전불이행,건조,흐림,단일로 - 기타,이륜,남,61세,상해없음,보행자,여,82세,경상
2021091000100604,2021년 9월 10일 21시,금요일,전라남도 영광군 군서면,중상사고,0,1,0,0,차대차 - 기타,중앙선침범,건조,맑음,단일로 - 기타,승용,남,53세,상해없음,승용,남,24세,상해없음
2021091000100669,2021년 9월 10일 23시,금요일,전라남도 목포시 상동,경상사고,0,0,4,0,차대차 - 측면충돌,신호위반,건조,맑음,교차로 - 교차로안,화물,남,53세,상해없음,승용,남,26세,경상
2021091000100670,2021년 9월 10일 23시,금요일,전라남도 고흥군 점암면,사망사고,1,0,0,0,차대사람 - 차도통행중,안전운전불이행,건조,맑음,단일로 - 기타,승용,남,61세,상해없음,보행자,남,46세,사망
2021091100100083,2021년 9월 11일 08시,토요일,전라남도 보성군 벌교읍,경상사고,0,0,1,0,차대사람 - 기타,안전운전불이행,건조,맑음,주차장 - 주차장,승합,남,52세,상해없음,보행자,여,83세,경상
2021091100100106,2021년 9월 11일 09시,토요일,전라남도 화순군 화순읍,경상사고,0,0,1,0,차대차 - 기타,중앙선침범,건조,맑음,교차로 - 교차로안,승용,여,26세,상해없음,승용,남,68세,상해없음
2021091100100182,2021년 9월 11일 11시,토요일,전라남도 여수시 학동,경상사고,0,0,1,0,차대차 - 추돌,안전운전불이행,건조,맑음,단일로 - 기타,승용,남,55세,상해없음,승용,여,49세,경상
2021091100100183,2021년 9월 11일 11시,토요일,전라남도 화순군 화순읍,경상사고,0,0,1,0,차대차 - 기타,안전운전불이행,건조,맑음,단일로 - 기타,승용,남,64세,상해없음,승용,남,29세,경상
2021091100100184,2021년 9월 11일 11시,토요일,전라남도 구례군 구례읍,중상사고,0,1,1,0,차대차 - 기타,안전운전불이행,건조,맑음,단일로 - 기타,승용,남,30세,경상,이륜,남,61세,중상
2021091100100238,2021년 9월 11일 12시,토요일,전라남도 순천시 해룡면,경상사고,0,0,2,0,차대차 - 기타,안전운전불이행,건조,맑음,단일로 - 기타,화물,여,56세,상해없음,승용,남,35세,경상
2021091100100239,2021년 9월 11일 12시,토요일,전라남도 나주시 중앙동,경상사고,0,0,1,0,차대사람 - 횡단중,안전운전불이행,건조,맑음,단일로 - 기타,승용,남,55세,상해없음,보행자,여,50세,경상
2021091100100341,2021년 9월 11일 14시,토요일,전라남도 순천시 해룡면,사망사고,1,0,0,0,차대차 - 측면충돌,안전운전불이행,건조,맑음,교차로 - 교차로부근,승용,남,41세,상해없음,화물,남,77세,사망
2021091100100342,2021년 9월 11일 14시,토요일,전라남도 나주시 토계동,경상사고,0,0,1,0,차대차 - 기타,신호위반,건조,맑음,교차로 - 교차로안,승용,남,59세,상해없음,승용,남,28세,경상
2021091100100343,2021년 9월 11일 14시,토요일,전라남도 고흥군 금산면,경상사고,0,0,1,0,차대차 - 측면충돌,교차로운행방법위반,건조,맑음,교차로 - 교차로안,승용,남,70세,상해없음,승용,남,70세,경상
2021091100100396,2021년 9월 11일 15시,토요일,전라남도 목포시 석현동,경상사고,0,0,1,0,차대차 - 측면충돌,안전운전불이행,건조,맑음,단일로 - 기타,승용,여,51세,상해없음,승용,여,29세,경상
2021091100100397,2021년 9월 11일 15시,토요일,전라남도 강진군 강진읍,경상사고,0,0,3,1,차대차 - 추돌,안전운전불이행,건조,맑음,단일로 - 기타,승용,여,37세,부상신고,승용,남,64세,경상
2021091100100436,2021년 9월 11일 16시,토요일,전라남도 나주시 용산동,경상사고,0,0,1,0,차대차 - 정면충돌,중앙선침범,건조,맑음,단일로 - 기타,승용,남,67세,상해없음,화물,남,25세,경상
2021091100100437,2021년 9월 11일 16시,토요일,전라남도 담양군 용면,경상사고,0,0,5,0,차대차 - 측면충돌,중앙선침범,건조,맑음,단일로 - 기타,화물,남,68세,상해없음,승용,남,38세,경상
2021091100100438,2021년 9월 11일 16시,토요일,전라남도 완도군 완도읍,중상사고,0,1,0,0,차대사람 - 기타,안전운전불이행,건조,맑음,단일로 - 기타,화물,남,42세,상해없음,보행자,남,62세,중상
2021091100100482,2021년 9월 11일 17시,토요일,전라남도 목포시 상동,경상사고,0,0,3,0,차대차 - 기타,직진우회전진행방해,건조,맑음,교차로 - 교차로안,승용,남,64세,경상,승용,남,53세,경상
2021091100100483,2021년 9월 11일 17시,토요일,전라남도 여수시 중흥동,사망사고,1,0,0,0,차량단독 - 도로외이탈 - 추락,안전운전불이행,건조,맑음,단일로 - 기타,승용,남,58세,사망,,,,
2021091100100484,2021년 9월 11일 17시,토요일,전라남도 해남군 해남읍,경상사고,0,0,2,0,차대차 - 측면충돌,안전운전불이행,건조,맑음,단일로 - 기타,승용,남,20세,상해없음,승용,남,51세,경상
2021091100100521,2021년 9월 11일 18시,토요일,전라남도 여수시 선원동,경상사고,0,0,1,0,차대차 - 기타,안전운전불이행,건조,맑음,교차로 - 교차로부근,승용,남,60세,기타불명,승용,남,58세,경상
2021091100100522,2021년 9월 11일 18시,토요일,전라남도 화순군 도곡면,경상사고,0,0,3,0,차대차 - 추돌,안전운전불이행,건조,맑음,단일로 - 기타,화물,남,48세,상해없음,승용,남,39세,경상
2021091100100567,2021년 9월 11일 19시,토요일,전라남도 영암군 영암읍,경상사고,0,0,1,0,차대사람 - 차도통행중,안전운전불이행,건조,맑음,교차로 - 교차로안,승용,남,72세,상해없음,보행자,여,57세,경상
2021091100100640,2021년 9월 11일 21시,토요일,전라남도 나주시 산포면,경상사고,0,0,1,0,차대차 - 추돌,안전운전불이행,건조,맑음,단일로 - 기타,화물,남,66세,상해없음,승용,여,52세,경상
2021091200100060,2021년 9월 12일 09시,일요일,전라남도 화순군 능주면,중상사고,0,1,0,0,차대사람 - 기타,안전운전불이행,건조,맑음,단일로 - 기타,승용,남,54세,상해없음,보행자,남,38세,중상
2021091200100078,2021년 9월 12일 10시,일요일,전라남도 목포시 산정동,경상사고,0,0,1,0,차대차 - 기타,안전운전불이행,건조,맑음,교차로 - 교차로안,승용,여,49세,경상,화물,남,79세,상해없음
2021091200100079,2021년 9월 12일 10시,일요일,전라남도 순천시 덕월동,경상사고,0,0,1,0,차대사람 - 횡단중,안전운전불이행,건조,맑음,단일로 - 기타,특수,남,26세,상해없음,보행자,남,45세,경상
2021091200100095,2021년 9월 12일 11시,일요일,전라남도 순천시 별량면,중상사고,0,1,0,0,차대차 - 기타,안전운전불이행,건조,맑음,교차로 - 교차로부근,승용,남,74세,중상,화물,남,39세,상해없음
2021091200100111,2021년 9월 12일 12시,일요일,전라남도 보성군 보성읍,경상사고,0,0,2,0,차대차 - 추돌,안전운전불이행,건조,맑음,단일로 - 기타,승용,남,61세,상해없음,승용,남,72세,경상
2021091200100160,2021년 9월 12일 13시,일요일,전라남도 순천시 조곡동,경상사고,0,0,1,0,차대차 - 기타,안전운전불이행,건조,맑음,단일로 - 기타,승용,남,29세,경상,이륜,남,30세,상해없음
2021091200100196,2021년 9월 12일 14시,일요일,전라남도 나주시 빛가람동,경상사고,0,0,1,0,차대차 - 측면충돌,차로위반,건조,맑음,교차로 - 교차로안,승용,남,55세,상해없음,승용,여,48세,경상
2021091200100197,2021년 9월 12일 14시,일요일,전라남도 담양군 담양읍,경상사고,0,0,1,0,차대차 - 측면충돌,안전운전불이행,건조,맑음,교차로 - 교차로부근,승용,여,54세,상해없음,승용,여,40세,경상
2021091200100261,2021년 9월 12일 16시,일요일,전라남도 목포시 용해동,중상사고,0,1,3,0,차대차 - 기타,안전운전불이행,건조,맑음,교차로 - 교차로안,승용,남,73세,경상,승용,남,31세,중상
2021091200100262,2021년 9월 12일 16시,일요일,전라남도 여수시 학동,경상사고,0,0,1,0,차대차 - 기타,안전거리미확보,건조,맑음,교차로 - 교차로안,승용,남,68세,기타불명,승합,남,57세,상해없음
2021091200100307,2021년 9월 12일 17시,일요일,전라남도 목포시 용당동,경상사고,0,0,2,0,차대차 - 기타,안전운전불이행,건조,맑음,교차로 - 교차로안,승용,여,58세,경상,이륜,남,39세,경상
2021091200100308,2021년 9월 12일 17시,일요일,전라남도 보성군 벌교읍,사망사고,1,0,0,0,차량단독 - 기타,안전운전불이행,건조,맑음,단일로 - 교량,이륜,남,54세,사망,,,,
2021091200100342,2021년 9월 12일 18시,일요일,전라남도 영광군 영광읍,경상사고,0,0,4,0,차량단독 - 전도전복 - 전도,기타,건조,맑음,단일로 - 기타,승용,남,18세,경상,,,,
2021091200100405,2021년 9월 12일 20시,일요일,전라남도 나주시 노안면,경상사고,0,0,1,0,차대차 - 정면충돌,신호위반,건조,맑음,교차로 - 교차로안,승용,남,21세,상해없음,승용,남,52세,경상
2021091200100443,2021년 9월 12일 22시,일요일,전라남도 해남군 북평면,사망사고,1,0,0,0,차량단독 - 기타,안전운전불이행,건조,맑음,기타 - 기타,화물,남,76세,사망,,,,
2021091300100029,2021년 9월 13일 05시,월요일,전라남도 완도군 노화읍,부상신고사고,0,0,0,1,차대사람 - 길가장자리구역통행중,안전운전불이행,건조,맑음,단일로 - 기타,이륜,남,78세,상해없음,보행자,남,76세,부상신고
2021091300100059,2021년 9월 13일 07시,월요일,전라남도 순천시 낙안면,중상사고,0,1,0,0,차대차 - 측면충돌,직진우회전진행방해,건조,맑음,교차로 - 교차로안,원동기,남,71세,중상,화물,남,39세,상해없음
2021091300100089,2021년 9월 13일 08시,월요일,전라남도 무안군 삼향읍,경상사고,0,0,1,0,차대차 - 측면충돌,안전운전불이행,건조,맑음,단일로 - 기타,특수,남,65세,상해없음,승용,여,37세,경상
2021091300100161,2021년 9월 13일 10시,월요일,전라남도 목포시 용해동,경상사고,0,0,1,0,차대차 - 측면충돌,교차로운행방법위반,건조,맑음,교차로 - 교차로안,승용,남,73세,상해없음,승용,남,40세,경상
2021091300100162,2021년 9월 13일 10시,월요일,전라남도 목포시 연산동,경상사고,0,0,2,0,차대차 - 측면충돌,안전운전불이행,건조,맑음,교차로 - 교차로안,승용,남,52세,상해없음,승용,여,52세,경상
2021091300100163,2021년 9월 13일 10시,월요일,전라남도 장성군 북이면,사망사고,2,0,0,0,차대차 - 측면충돌,안전운전불이행,건조,맑음,교차로 - 교차로안,승용,남,72세,상해없음,이륜,남,75세,사망
2021091300100245,2021년 9월 13일 12시,월요일,전라남도 보성군 복내면,중상사고,0,1,0,0,차대사람 - 기타,안전운전불이행,건조,맑음,교차로 - 교차로부근,승용,남,33세,상해없음,보행자,여,78세,중상
2021091300100295,2021년 9월 13일 13시,월요일,전라남도 여수시 여서동,경상사고,0,0,1,0,차대차 - 추돌,안전운전불이행,건조,맑음,단일로 - 기타,승용,남,56세,상해없음,화물,남,41세,경상
2021091300100296,2021년 9월 13일 13시,월요일,전라남도 강진군 작천면,중상사고,0,1,0,0,차대차 - 추돌,안전운전불이행,건조,맑음,단일로 - 기타,화물,남,51세,상해없음,이륜,여,66세,중상
2021091300100297,2021년 9월 13일 13시,월요일,전라남도 광양시 광양읍,경상사고,0,0,1,0,차대차 - 측면충돌,기타,건조,맑음,단일로 - 기타,승용,남,49세,상해없음,이륜,남,21세,경상
2021091300100344,2021년 9월 13일 14시,월요일,전라남도 나주시 금천면,경상사고,0,0,1,0,차대사람 - 횡단중,안전운전불이행,건조,맑음,단일로 - 기타,승용,남,60세,상해없음,보행자,남,8세,경상
2021091300100345,2021년 9월 13일 14시,월요일,전라남도 담양군 담양읍,부상신고사고,0,0,0,1,차대사람 - 기타,안전운전불이행,건조,맑음,기타 - 기타,자전거,남,10세,상해없음,보행자,여,66세,부상신고
2021091300100377,2021년 9월 13일 15시,월요일,전라남도 구례군 광의면,경상사고,0,0,1,0,차대차 - 기타,안전운전불이행,건조,맑음,단일로 - 기타,승용,여,66세,경상,승용,여,69세,기타불명
2021091300100417,2021년 9월 13일 16시,월요일,전라남도 순천시 해룡면,경상사고,0,0,1,0,차대차 - 기타,안전운전불이행,건조,맑음,단일로 - 기타,승용,남,61세,상해없음,승용,남,45세,상해없음
2021091300100418,2021년 9월 13일 16시,월요일,전라남도 보성군 보성읍,중상사고,0,1,0,0,차대사람 - 기타,안전운전불이행,건조,맑음,주차장 - 주차장,화물,남,26세,상해없음,보행자,남,80세,중상
2021091300100419,2021년 9월 13일 16시,월요일,전라남도 진도군 지산면,경상사고,0,0,1,0,차대차 - 측면충돌,기타,건조,맑음,단일로 - 기타,사륜오토바이(ATV),남,82세,경상,화물,남,49세,상해없음
2021091300100458,2021년 9월 13일 17시,월요일,전라남도 장성군 장성읍,중상사고,0,1,0,0,차대사람 - 차도통행중,안전운전불이행,건조,맑음,단일로 - 기타,승합,남,60세,상해없음,보행자,여,74세,중상
2021091300100511,2021년 9월 13일 18시,월요일,전라남도 여수시 미평동,경상사고,0,0,4,0,차대차 - 추돌,신호위반,건조,흐림,교차로 - 교차로안,승용,여,26세,상해없음,승용,남,28세,경상
2021091300100552,2021년 9월 13일 19시,월요일,전라남도 보성군 조성면,중상사고,0,1,0,0,차대차 - 추돌,안전거리미확보,건조,맑음,단일로 - 기타,화물,남,75세,상해없음,농기계,남,64세,중상
2021091300100553,2021년 9월 13일 19시,월요일,전라남도 무안군 운남면,중상사고,0,1,0,0,차대차 - 기타,중앙선침범,건조,맑음,단일로 - 기타,이륜,남,58세,중상,승합,여,59세,상해없음
2021091300100618,2021년 9월 13일 21시,월요일,전라남도 목포시 석현동,중상사고,0,2,1,0,차대차 - 측면충돌,안전운전불이행,건조,맑음,교차로 - 교차로부근,특수,남,51세,상해없음,승용,남,32세,중상
2021091300100619,2021년 9월 13일 21시,월요일,전라남도 순천시 조례동,중상사고,0,1,0,0,차대사람 - 차도통행중,안전운전불이행,건조,맑음,단일로 - 기타,승용,남,48세,상해없음,보행자,남,53세,중상
2021091300100646,2021년 9월 13일 22시,월요일,전라남도 나주시 빛가람동,경상사고,0,0,2,0,차대차 - 측면충돌,중앙선침범,건조,맑음,단일로 - 기타,승용,여,39세,상해없음,승용,여,29세,경상
2021091300100647,2021년 9월 13일 22시,월요일,전라남도 고흥군 도양읍,중상사고,0,1,0,0,차대사람 - 차도통행중,안전운전불이행,젖음/습기,비,단일로 - 기타,승용,남,47세,상해없음,보행자,남,56세,중상
2021091400100032,2021년 9월 14일 05시,화요일,전라남도 나주시 경현동,경상사고,0,0,1,0,차대차 - 추돌,안전거리미확보,젖음/습기,비,교차로 - 교차로부근,승용,여,26세,상해없음,승용,남,59세,경상
2021091400100070,2021년 9월 14일 07시,화요일,전라남도 목포시 옥암동,경상사고,0,0,4,0,차대차 - 기타,안전운전불이행,건조,맑음,교차로 - 교차로안,승합,남,66세,경상,승용,여,49세,경상
2021091400100108,2021년 9월 14일 08시,화요일,전라남도 곡성군 고달면,경상사고,0,0,1,0,차대차 - 측면충돌,기타,젖음/습기,비,단일로 - 기타,승용,여,61세,상해없음,화물,남,67세,경상
2021091400100155,2021년 9월 14일 09시,화요일,전라남도 나주시 동강면,중상사고,0,1,0,0,차대사람 - 길가장자리구역통행중,안전운전불이행,젖음/습기,비,기타 - 기타,화물,남,56세,상해없음,보행자,여,92세,중상