사고번호,사고일시,요일,시군구,사고내용,사망자수,중상자수,경상자수,부상신고자수,사고유형,법규위반,노면상태,기상상태,도로형태,가해운전자 차종,가해운전자 성별,가해운전자 연령,가해운전자 상해정도,피해운전자 차종,피해운전자 성별,피해운전자 연령,피해운전자 상해정도
2021091800100349,2021년 9월 18일 14시,토요일,전라남도 여수시 국동,경상사고,0,0,5,0,차대차 - 측면충돌,안전운전불이행,건조,맑음,단일로 - 기타,승용,남,28세,경상,승용,남,39세,경상
2021091800100350,2021년 9월 18일 14시,토요일,전라남도 장성군 북이면,경상사고,0,0,1,0,차대사람 - 횡단중,안전운전불이행,건조,맑음,단일로 - 기타,승합,여,63세,상해없음,보행자,여,83세,경상
2021091800100351,2021년 9월 18일 14시,토요일,전라남도 담양군 담양읍,경상사고,0,0,1,0,차대차 - 측면충돌,안전거리미확보,건조,맑음,교차로 - 교차로안,승용,남,49세,상해없음,이륜,남,25세,경상
2021091800100352,2021년 9월 18일 14시,토요일,전라남도 담양군 담양읍,경상사고,0,0,1,0,차대차 - 기타,안전운전불이행,건조,맑음,교차로 - 교차로안,승용,남,63세,상해없음,자전거,남,81세,경상
2021091800100429,2021년 9월 18일 16시,토요일,전라남도 목포시 용해동,경상사고,0,0,2,0,차대차 - 측면충돌,신호위반,건조,맑음,교차로 - 교차로안,승용,남,72세,상해없음,승용,남,44세,경상
2021091800100430,2021년 9월 18일 16시,토요일,전라남도 무안군 운남면,경상사고,0,0,1,0,차대차 - 기타,안전운전불이행,건조,맑음,교차로 - 교차로부근,원동기,남,62세,상해없음,승용,남,35세,경상
2021091800100481,2021년 9월 18일 17시,토요일,전라남도 순천시 풍덕동,경상사고,0,0,2,0,차대차 - 기타,안전운전불이행,건조,맑음,교차로 - 교차로안,승용,남,34세,상해없음,승용,남,27세,경상
2021091800100482,2021년 9월 18일 17시,토요일,전라남도 고흥군 고흥읍,경상사고,0,0,4,0,차대차 - 후진중충돌,안전운전불이행,건조,맑음,단일로 - 기타,승용,여,62세,상해없음,승용,남,38세,경상
2021091800100483,2021년 9월 18일 17시,토요일,전라남도 해남군 삼산면,경상사고,0,0,1,0,차대차 - 기타,안전운전불이행,건조,맑음,교차로 - 교차로안,농기계,여,73세,상해없음,자전거,남,17세,경상
2021091800100484,2021년 9월 18일 17시,토요일,전라남도 화순군 화순읍,경상사고,0,0,1,0,차대차 - 후진중충돌,안전운전불이행,건조,맑음,기타 - 기타,승용,여,60세,상해없음,승용,여,40세,경상
2021091800100485,2021년 9월 18일 17시,토요일,전라남도 영암군 영암읍,경상사고,0,0,4,0,차대차 - 측면충돌,안전운전불이행,건조,맑음,교차로 - 교차로부근,승용,남,57세,상해없음,승용,여,64세,경상
2021091800100486,2021년 9월 18일 17시,토요일,전라남도 완도군 완도읍,중상사고,0,1,0,0,차대사람 - 기타,안전운전불이행,건조,맑음,단일로 - 기타,화물,남,45세,상해없음,보행자,여,85세,중상
2021091800100487,2021년 9월 18일 17시,토요일,전라남도 무안군 삼향읍,경상사고,0,0,1,0,차대차 - 후진중충돌,안전운전불이행,건조,맑음,교차로 - 교차로안,승용,남,58세,상해없음,승용,남,29세,경상
2021091800100529,2021년 9월 18일 18시,토요일,전라남도 여수시 돌산읍,중상사고,0,1,0,0,차대사람 - 횡단중,보행자보호의무위반,건조,맑음,단일로 - 기타,승용,여,55세,상해없음,보행자,남,10세,중상
2021091800100565,2021년 9월 18일 19시,토요일,전라남도 화순군 화순읍,중상사고,0,1,2,0,차대차 - 추돌,안전운전불이행,건조,맑음,단일로 - 기타,승용,남,51세,상해없음,화물,남,50세,경상
2021091800100604,2021년 9월 18일 20시,토요일,전라남도 여수시 공화동,경상사고,0,0,5,0,차대차 - 측면충돌,안전운전불이행,건조,맑음,교차로 - 교차로안,승용,여,19세,상해없음,승용,여,59세,경상
2021091800100605,2021년 9월 18일 20시,토요일,전라남도 순천시 장천동,경상사고,0,0,1,0,차대차 - 측면충돌,안전운전불이행,건조,맑음,교차로 - 교차로안,승용,여,52세,상해없음,승용,남,32세,상해없음
2021091800100606,2021년 9월 18일 20시,토요일,전라남도 고흥군 동강면,경상사고,0,0,2,0,차대차 - 추돌,안전운전불이행,건조,맑음,단일로 - 기타,승용,여,30세,경상,승용,남,41세,경상
2021091800100695,2021년 9월 18일 23시,토요일,전라남도 화순군 화순읍,경상사고,0,0,1,0,차대사람 - 차도통행중,안전운전불이행,건조,맑음,단일로 - 기타,승용,여,42세,상해없음,보행자,남,19세,경상
2021091800100696,2021년 9월 18일 23시,토요일,전라남도 완도군 완도읍,경상사고,0,0,1,0,차대사람 - 횡단중,안전운전불이행,건조,맑음,교차로 - 교차로안,승용,남,55세,상해없음,보행자,남,34세,경상
2021091900100011,2021년 9월 19일 01시,일요일,전라남도 강진군 성전면,경상사고,0,0,1,0,차량단독 - 기타,안전운전불이행,건조,맑음,단일로 - 기타,이륜,여,24세,경상,,,,
2021091900100027,2021년 9월 19일 04시,일요일,전라남도 완도군 완도읍,경상사고,0,0,1,0,차대사람 - 보도통행중,안전운전불이행,건조,맑음,단일로 - 기타,승용,남,43세,상해없음,보행자,남,78세,경상
2021091900100030,2021년 9월 19일 05시,일요일,전라남도 목포시 복만동,경상사고,0,0,2,0,차대차 - 측면충돌,직진우회전진행방해,건조,맑음,교차로 - 교차로안,승용,남,46세,경상,승용,여,34세,경상
2021091900100039,2021년 9월 19일 06시,일요일,전라남도 여수시 여서동,경상사고,0,0,1,0,차대차 - 측면충돌,안전운전불이행,건조,맑음,교차로 - 교차로안,승용,남,25세,상해없음,승용,남,45세,경상
2021091900100043,2021년 9월 19일 07시,일요일,전라남도 목포시 호남동,중상사고,0,1,0,0,차대사람 - 기타,안전운전불이행,건조,맑음,교차로 - 교차로횡단보도내,승용,여,53세,상해없음,보행자,여,74세,중상
2021091900100071,2021년 9월 19일 09시,일요일,전라남도 완도군 완도읍,경상사고,0,0,1,0,차대사람 - 횡단중,안전운전불이행,건조,맑음,교차로 - 교차로안,승용,남,70세,상해없음,보행자,여,85세,경상
2021091900100094,2021년 9월 19일 10시,일요일,전라남도 목포시 산정동,경상사고,0,0,1,0,차대차 - 기타,안전운전불이행,건조,맑음,기타 - 기타,승용,남,69세,상해없음,승용,여,34세,경상
2021091900100095,2021년 9월 19일 10시,일요일,전라남도 여수시 둔덕동,중상사고,0,1,0,0,차대사람 - 횡단중,보행자보호의무위반,건조,맑음,교차로 - 교차로횡단보도내,승용,남,56세,상해없음,보행자,여,83세,중상
2021091900100096,2021년 9월 19일 10시,일요일,전라남도 고흥군 도화면,경상사고,0,0,1,0,차량단독 - 전도전복 - 전도,안전운전불이행,건조,맑음,단일로 - 기타,이륜,남,26세,경상,,,,
2021091900100123,2021년 9월 19일 11시,일요일,전라남도 목포시 양동,경상사고,0,0,1,0,차대사람 - 기타,안전운전불이행,건조,맑음,교차로 - 교차로안,승용,남,30세,상해없음,보행자,남,58세,경상
2021091900100124,2021년 9월 19일 11시,일요일,전라남도 고흥군 금산면,경상사고,0,0,5,3,차대차 - 기타,직진우회전진행방해,건조,맑음,교차로 - 교차로안,화물,남,59세,부상신고,승용,남,58세,경상
2021091900100151,2021년 9월 19일 12시,일요일,전라남도 여수시 서교동,중상사고,0,1,0,0,차대사람 - 기타,안전운전불이행,건조,맑음,단일로 - 기타,승용,남,67세,상해없음,보행자,여,8세,중상
2021091900100212,2021년 9월 19일 14시,일요일,전라남도 여수시 둔덕동,중상사고,0,1,1,0,차대차 - 측면충돌,교차로운행방법위반,건조,맑음,교차로 - 교차로안,승용,남,23세,상해없음,승용,남,55세,경상
2021091900100213,2021년 9월 19일 14시,일요일,전라남도 순천시 조례동,경상사고,0,0,1,0,차대차 - 측면충돌,안전운전불이행,건조,맑음,단일로 - 기타,승용,남,38세,상해없음,이륜,남,35세,경상
2021091900100244,2021년 9월 19일 15시,일요일,전라남도 순천시 연향동,경상사고,0,0,3,0,차대차 - 측면충돌,중앙선침범,건조,맑음,교차로 - 교차로부근,이륜,남,15세,상해없음,승용,남,33세,경상
2021091900100245,2021년 9월 19일 15시,일요일,전라남도 함평군 나산면,사망사고,1,1,0,0,차대차 - 측면충돌,기타,건조,맑음,교차로 - 교차로안,승용,남,22세,상해없음,이륜,남,77세,중상
2021091900100272,2021년 9월 19일 16시,일요일,전라남도 신안군 압해읍,경상사고,0,0,3,0,차대차 - 추돌,안전거리미확보,건조,맑음,단일로 - 기타,화물,남,66세,상해없음,승용,여,24세,경상
2021091900100273,2021년 9월 19일 16시,일요일,전라남도 나주시 동강면,부상신고사고,0,0,0,1,차대차 - 측면충돌,안전운전불이행,건조,맑음,단일로 - 기타,승용,남,54세,상해없음,자전거,남,55세,부상신고
2021091900100274,2021년 9월 19일 16시,일요일,전라남도 강진군 병영면,중상사고,0,1,5,0,차대차 - 측면충돌,중앙선침범,건조,맑음,교차로 - 교차로안,승용,남,22세,중상,승용,남,49세,경상
2021091900100275,2021년 9월 19일 16시,일요일,전라남도 담양군 수북면,중상사고,0,1,0,0,차대차 - 기타,안전운전불이행,건조,맑음,단일로 - 기타,이륜,남,75세,상해없음,자전거,여,5세,중상
2021091900100354,2021년 9월 19일 18시,일요일,전라남도 해남군 송지면,경상사고,0,0,1,0,차대차 - 측면충돌,안전운전불이행,건조,맑음,단일로 - 기타,화물,남,72세,상해없음,승용,남,42세,경상
2021091900100405,2021년 9월 19일 20시,일요일,전라남도 순천시 송광면,부상신고사고,0,0,0,1,차량단독 - 기타,안전운전불이행,건조,맑음,단일로 - 기타,승용,남,50세,부상신고,,,,
2021091900100406,2021년 9월 19일 20시,일요일,전라남도 고흥군 도양읍,경상사고,0,0,1,0,차대사람 - 보도통행중,보행자보호의무위반,건조,맑음,교차로 - 교차로횡단보도내,승용,남,53세,상해없음,보행자,여,5세,경상
2021091900100407,2021년 9월 19일 20시,일요일,전라남도 무안군 현경면,사망사고,1,0,0,0,차대사람 - 횡단중,보행자보호의무위반,건조,맑음,교차로 - 교차로횡단보도내,승용,남,34세,상해없음,보행자,남,81세,사망
2021091900100428,2021년 9월 19일 21시,일요일,전라남도 목포시 산정동,중상사고,0,1,0,0,차대사람 - 횡단중,안전운전불이행,건조,맑음,교차로 - 교차로안,승용,남,47세,상해없음,보행자,남,64세,중상
2021091900100429,2021년 9월 19일 21시,일요일,전라남도 화순군 동면,중상사고,0,1,4,0,차대차 - 측면충돌,안전운전불이행,건조,맑음,단일로 - 기타,승용,남,44세,중상,승용,남,29세,상해없음
2021092000100024,2021년 9월 20일 02시,월요일,전라남도 구례군 용방면,경상사고,0,0,1,0,차대차 - 추돌,안전운전불이행,건조,맑음,단일로 - 기타,승용,남,41세,상해없음,이륜,남,55세,경상
2021092000100026,2021년 9월 20일 03시,월요일,전라남도 순천시 연향동,경상사고,0,0,1,0,차대차 - 측면충돌,직진우회전진행방해,건조,맑음,교차로 - 교차로안,승용,남,24세,상해없음,화물,여,62세,경상
2021092000100030,2021년 9월 20일 04시,월요일,전라남도 목포시 옥암동,경상사고,0,0,1,0,차대차 - 측면충돌,신호위반,건조,맑음,교차로 - 교차로안,화물,남,71세,상해없음,승용,남,39세,경상
2021092000100031,2021년 9월 20일 04시,월요일,전라남도 여수시 문수동,경상사고,0,0,1,0,차대차 - 측면충돌,안전운전불이행,건조,맑음,단일로 - 기타,승용,남,60세,상해없음,이륜,남,24세,경상
2021092000100039,2021년 9월 20일 06시,월요일,전라남도 장흥군 대덕읍,경상사고,0,0,1,0,차대차 - 측면충돌,직진우회전진행방해,건조,맑음,교차로 - 교차로안,화물,남,70세,기타불명,승용,여,59세,경상
2021092000100044,2021년 9월 20일 07시,월요일,전라남도 순천시 풍덕동,중상사고,0,1,0,0,차대차 - 기타,안전운전불이행,건조,맑음,교차로 - 교차로안,자전거,여,70세,중상,승용,남,79세,상해없음
2021092000100045,2021년 9월 20일 07시,월요일,전라남도 담양군 담양읍,경상사고,0,0,2,0,차대차 - 기타,기타,건조,맑음,교차로 - 교차로안,승용,여,53세,경상,승용,여,63세,경상
2021092000100063,2021년 9월 20일 09시,월요일,전라남도 여수시 화양면,경상사고,0,0,2,0,차대차 - 측면충돌,신호위반,건조,맑음,교차로 - 교차로안,승용,남,74세,경상,승용,남,74세,경상
2021092000100065,2021년 9월 20일 09시,월요일,전라남도 나주시 왕곡면,경상사고,0,0,2,4,차대차 - 추돌,안전거리미확보,건조,맑음,단일로 - 기타,승용,남,66세,경상,승용,남,50세,부상신고
2021092000100090,2021년 9월 20일 10시,월요일,전라남도 목포시 용해동,경상사고,0,0,1,1,차대차 - 기타,안전운전불이행,건조,맑음,단일로 - 기타,이륜,남,39세,부상신고,승용,남,32세,경상
2021092000100118,2021년 9월 20일 11시,월요일,전라남도 순천시 해룡면,경상사고,0,0,3,0,차대차 - 추돌,안전운전불이행,건조,맑음,단일로 - 기타,승용,남,49세,상해없음,승용,여,61세,경상
2021092000100119,2021년 9월 20일 11시,월요일,전라남도 함평군 손불면,경상사고,0,0,4,0,차대차 - 측면충돌,교차로운행방법위반,건조,맑음,교차로 - 교차로안,화물,남,62세,상해없음,승용,남,30세,경상
2021092000100153,2021년 9월 20일 12시,월요일,전라남도 목포시 상동,경상사고,0,0,2,0,차대차 - 측면충돌,안전운전불이행,건조,맑음,단일로 - 기타,이륜,남,18세,상해없음,승용,여,27세,경상
2021092000100154,2021년 9월 20일 12시,월요일,전라남도 여수시 남산동,경상사고,0,0,3,0,차대차 - 측면충돌,안전운전불이행,건조,맑음,단일로 - 기타,승용,남,60세,상해없음,승용,남,35세,경상
2021092000100155,2021년 9월 20일 12시,월요일,전라남도 담양군 담양읍,경상사고,0,0,3,0,차대차 - 측면충돌,교차로운행방법위반,건조,맑음,교차로 - 교차로안,승용,남,28세,상해없음,승용,남,43세,경상
2021092000100156,2021년 9월 20일 12시,월요일,전라남도 완도군 완도읍,경상사고,0,0,1,4,차대차 - 기타,안전운전불이행,건조,맑음,단일로 - 기타,승용,남,53세,상해없음,승용,남,25세,상해없음
2021092000100189,2021년 9월 20일 13시,월요일,전라남도 곡성군 옥과면,경상사고,0,0,1,0,차대차 - 측면충돌,안전운전불이행,건조,맑음,교차로 - 교차로안,화물,남,65세,상해없음,자전거,남,14세,경상
2021092000100227,2021년 9월 20일 14시,월요일,전라남도 여수시 종화동,경상사고,0,0,1,0,차대사람 - 횡단중,보행자보호의무위반,건조,맑음,단일로 - 기타,승용,여,58세,상해없음,보행자,남,17세,경상
2021092000100228,2021년 9월 20일 14시,월요일,전라남도 순천시 남내동,중상사고,0,1,0,0,차대차 - 기타,안전운전불이행,건조,맑음,단일로 - 기타,승용,남,40세,상해없음,이륜,남,37세,중상
2021092000100229,2021년 9월 20일 14시,월요일,전라남도 해남군 문내면,경상사고,0,0,1,0,차대차 - 측면충돌,중앙선침범,건조,맑음,단일로 - 기타,승용,남,70세,상해없음,승용,남,30세,경상
2021092000100230,2021년 9월 20일 14시,월요일,전라남도 구례군 광의면,경상사고,0,0,1,0,차량단독 - 도로외이탈 - 기타,안전운전불이행,건조,맑음,단일로 - 기타,승용,남,61세,상해없음,,,,
2021092000100256,2021년 9월 20일 15시,월요일,전라남도 목포시 산정동,경상사고,0,0,1,0,차대차 - 추돌,안전운전불이행,건조,맑음,교차로 - 교차로부근,승용,남,50세,상해없음,승용,남,50세,경상
2021092000100286,2021년 9월 20일 16시,월요일,전라남도 순천시 주암면,중상사고,0,1,4,0,차대차 - 측면충돌,안전운전불이행,건조,맑음,단일로 - 기타,사륜오토바이(ATV),남,80세,상해없음,승용,남,40세,경상
2021092000100287,2021년 9월 20일 16시,월요일,전라남도 순천시 연향동,경상사고,0,0,2,0,차대차 - 기타,직진우회전진행방해,건조,맑음,교차로 - 교차로안,승용,남,41세,상해없음,승용,남,58세,경상
2021092000100288,2021년 9월 20일 16시,월요일,전라남도 장성군 황룡면,경상사고,0,0,3,0,차대차 - 정면충돌,중앙선침범,건조,맑음,단일로 - 기타,화물,남,46세,상해없음,승용,남,34세,경상
2021092000100289,2021년 9월 20일 16시,월요일,전라남도 곡성군 오곡면,경상사고,0,0,1,0,차대사람 - 기타,안전운전불이행,건조,맑음,단일로 - 기타,화물,남,57세,상해없음,보행자,여,5세,경상
2021092000100290,2021년 9월 20일 16시,월요일,전라남도 완도군 고금면,중상사고,0,1,1,0,차대차 - 정면충돌,중앙선침범,건조,맑음,단일로 - 기타,승용,남,45세,상해없음,승용,남,26세,경상
2021092000100291,2021년 9월 20일 16시,월요일,전라남도 광양시 광양읍,경상사고,0,0,1,0,차대차 - 기타,안전운전불이행,건조,맑음,기타 - 기타,승용,여,67세,경상,승용,남,37세,기타불명
2021092000100319,2021년 9월 20일 17시,월요일,전라남도 순천시 서면,경상사고,0,0,5,0,차대차 - 측면충돌,안전운전불이행,건조,맑음,교차로 - 교차로안,승용,남,29세,상해없음,승용,남,59세,상해없음
2021092000100320,2021년 9월 20일 17시,월요일,전라남도 나주시 관정동,경상사고,0,0,1,0,차량단독 - 도로외이탈 - 기타,안전운전불이행,건조,맑음,단일로 - 기타,화물,남,12세,경상,,,,
2021092000100321,2021년 9월 20일 17시,월요일,전라남도 완도군 완도읍,경상사고,0,0,3,0,차대차 - 기타,기타,건조,맑음,교차로 - 교차로안,승용,남,25세,기타불명,승용,남,56세,경상
2021092000100348,2021년 9월 20일 18시,월요일,전라남도 여수시 봉산동,경상사고,0,0,1,0,차대사람 - 차도통행중,안전운전불이행,건조,맑음,단일로 - 기타,승용,남,74세,상해없음,보행자,여,48세,경상
2021092000100349,2021년 9월 20일 18시,월요일,전라남도 광양시 중동,경상사고,0,0,1,0,차대사람 - 기타,안전운전불이행,건조,맑음,교차로 - 교차로안,승용,남,37세,상해없음,보행자,여,58세,경상
2021092000100375,2021년 9월 20일 19시,월요일,전라남도 목포시 상동,중상사고,0,1,0,0,차대사람 - 횡단중,보행자보호의무위반,건조,맑음,교차로 - 교차로횡단보도내,승용,남,24세,상해없음,보행자,여,62세,중상
2021092000100376,2021년 9월 20일 19시,월요일,전라남도 신안군 지도읍,부상신고사고,0,0,0,1,차대차 - 측면충돌,안전운전불이행,건조,맑음,교차로 - 교차로안,이륜,남,77세,부상신고,화물,남,46세,상해없음
2021092000100377,2021년 9월 20일 19시,월요일,전라남도 여수시 여서동,중상사고,0,1,1,0,차대차 - 측면충돌,안전운전불이행,건조,맑음,단일로 - 기타,승용,남,65세,상해없음,이륜,남,17세,중상
2021092000100378,2021년 9월 20일 19시,월요일,전라남도 나주시 빛가람동,중상사고,0,1,2,0,차대차 - 측면충돌,직진우회전진행방해,건조,맑음,교차로 - 교차로안,화물,여,61세,경상,승용,남,48세,경상
2021092000100420,2021년 9월 20일 21시,월요일,전라남도 순천시 주암면,경상사고,0,0,2,1,차대차 - 기타,안전운전불이행,건조,흐림,단일로 - 기타,승용,남,30세,경상,승용,기타불명,미분류,기타불명
2021092000100441,2021년 9월 20일 22시,월요일,전라남도 여수시 미평동,경상사고,0,0,2,0,차대차 - 정면충돌,신호위반,건조,맑음,단일로 - 고가도로위,승용,여,19세,상해없음,승용,남,49세,경상
2021092100100015,2021년 9월 21일 02시,화요일,전라남도 여수시 문수동,경상사고,0,0,4,0,차대차 - 측면충돌,안전운전불이행,건조,맑음,교차로 - 교차로안,승용,남,37세,상해없음,이륜,남,18세,경상
2021092100100044,2021년 9월 21일 09시,화요일,전라남도 장흥군 장흥읍,중상사고,0,1,0,0,차대사람 - 차도통행중,안전운전불이행,건조,맑음,단일로 - 기타,승용,남,61세,상해없음,보행자,남,49세,중상
2021092100100054,2021년 9월 21일 10시,화요일,전라남도 나주시 왕곡면,경상사고,0,0,6,0,차대차 - 추돌,안전거리미확보,젖음/습기,맑음,교차로 - 교차로부근,승용,남,40세,상해없음,승용,남,56세,경상
2021092100100094,2021년 9월 21일 12시,화요일,전라남도 목포시 상동,경상사고,0,0,2,0,차대차 - 추돌,안전운전불이행,건조,맑음,단일로 - 기타,승용,남,23세,상해없음,화물,남,59세,경상
2021092100100095,2021년 9월 21일 12시,화요일,전라남도 신안군 암태면,중상사고,0,1,2,0,차대차 - 추돌,안전운전불이행,건조,맑음,단일로 - 기타,승용,여,62세,경상,승용,남,44세,상해없음
2021092100100096,2021년 9월 21일 12시,화요일,전라남도 화순군 사평면,사망사고,1,3,13,0,차대차 - 측면충돌,중앙선침범,건조,맑음,단일로 - 기타,승용,남,35세,사망,승합,남,62세,경상
2021092100100149,2021년 9월 21일 14시,화요일,전라남도 고흥군 동강면,경상사고,0,0,2,0,차대차 - 추돌,안전운전불이행,건조,맑음,단일로 - 기타,승용,남,46세,상해없음,승용,남,36세,경상
2021092100100150,2021년 9월 21일 14시,화요일,전라남도 강진군 성전면,경상사고,0,0,10,0,차대차 - 추돌,안전운전불이행,건조,맑음,단일로 - 기타,승용,남,42세,경상,승용,남,75세,경상
2021092100100151,2021년 9월 21일 14시,화요일,전라남도 완도군 완도읍,경상사고,0,0,2,0,차대차 - 기타,안전운전불이행,건조,맑음,교차로 - 교차로안,승용,여,37세,기타불명,이륜,남,52세,경상
2021092100100209,2021년 9월 21일 16시,화요일,전라남도 강진군 마량면,경상사고,0,0,1,0,차대차 - 기타,중앙선침범,건조,맑음,단일로 - 교량,승용,남,72세,상해없음,승용,남,23세,경상
2021092100100240,2021년 9월 21일 17시,화요일,전라남도 함평군 월야면,중상사고,0,1,1,0,차량단독 - 공작물충돌,안전운전불이행,건조,맑음,기타 - 기타,이륜,남,22세,경상,,,,
2021092100100286,2021년 9월 21일 19시,화요일,전라남도 광양시 광양읍,경상사고,0,0,4,0,차대차 - 측면충돌,직진우회전진행방해,건조,맑음,교차로 - 교차로안,승용,여,23세,경상,승용,남,32세,경상
2021092100100328,2021년 9월 21일 21시,화요일,전라남도 여수시 학동,경상사고,0,0,2,0,차대차 - 측면충돌,차로위반,건조,맑음,교차로 - 교차로안,승용,남,61세,상해없음,승용,여,42세,경상
2021092100100349,2021년 9월 21일 22시,화요일,전라남도 여수시 공화동,경상사고,0,0,4,0,차대차 - 측면충돌,안전운전불이행,건조,맑음,교차로 - 교차로안,이륜,남,47세,상해없음,승용,남,40세,경상
2021092100100350,2021년 9월 21일 22시,화요일,전라남도 여수시 학동,경상사고,0,0,2,0,차대사람 - 기타,안전운전불이행,건조,맑음,교차로 - 교차로부근,화물,남,64세,상해없음,보행자,여,42세,경상
2021092200100026,2021년 9월 22일 02시,수요일,전라남도 목포시 상동,경상사고,0,0,2,0,차대차 - 기타,직진우회전진행방해,건조,맑음,교차로 - 교차로안,승용,남,50세,경상,승용,남,41세,경상
2021092200100039,2021년 9월 22일 05시,수요일,전라남도 순천시 서면,경상사고,0,0,1,0,차대차 - 측면충돌,신호위반,건조,맑음,교차로 - 교차로안,승용,남,23세,상해없음,승합,남,63세,경상
2021092200100042,2021년 9월 22일 06시,수요일,전라남도 무안군 삼향읍,경상사고,0,0,1,0,차량단독 - 공작물충돌,안전운전불이행,건조,흐림,단일로 - 기타,승용,남,68세,경상,,,,
2021092200100056,2021년 9월 22일 08시,수요일,전라남도 구례군 문척면,경상사고,0,0,1,0,차대차 - 측면충돌,직진우회전진행방해,건조,맑음,교차로 - 교차로부근,이륜,남,72세,경상,화물,남,64세,상해없음
2021092200100119,2021년 9월 22일 12시,수요일,전라남도 목포시 용해동,경상사고,0,0,1,0,차대차 - 측면충돌,안전운전불이행,건조,맑음,단일로 - 기타,자전거,남,62세,경상,승용,여,29세,상해없음
2021092200100153,2021년 9월 22일 13시,수요일,전라남도 순천시 조곡동,경상사고,0,0,1,0,차대차 - 기타,안전운전불이행,건조,기타,단일로 - 교량,승용,여,55세,기타불명,승용,남,38세,경상
2021092200100187,2021년 9월 22일 14시,수요일,전라남도 목포시 옥암동,경상사고,0,0,1,0,차대차 - 기타,안전운전불이행,건조,맑음,단일로 - 기타,승용,남,40세,상해없음,이륜,남,21세,경상
2021092200100188,2021년 9월 22일 14시,수요일,전라남도 여수시 문수동,경상사고,0,0,1,0,차대차 - 정면충돌,안전운전불이행,건조,맑음,단일로 - 기타,승용,남,50세,상해없음,승용,여,45세,경상
2021092200100215,2021년 9월 22일 15시,수요일,전라남도 여수시 소호동,중상사고,0,2,0,0,차대차 - 측면충돌,신호위반,건조,맑음,교차로 - 교차로부근,승용,남,44세,상해없음,이륜,남,17세,중상
2021092200100247,2021년 9월 22일 16시,수요일,전라남도 무안군 일로읍,경상사고,0,0,5,0,차대차 - 추돌,안전운전불이행,건조,맑음,단일로 - 기타,승용,남,45세,상해없음,승용,남,27세,경상
2021092200100274,2021년 9월 22일 17시,수요일,전라남도 장성군 황룡면,중상사고,0,1,0,0,차량단독 - 기타,안전운전불이행,건조,맑음,단일로 - 기타,이륜,남,61세,중상,,,,
2021092200100300,2021년 9월 22일 18시,수요일,전라남도 순천시 조례동,경상사고,0,0,1,0,차대차 - 기타,교차로운행방법위반,건조,맑음,교차로 - 교차로안,승용,남,25세,상해없음,승용,여,35세,경상
2021092200100325,2021년 9월 22일 19시,수요일,전라남도 목포시 산정동,경상사고,0,0,3,0,차대차 - 측면충돌,안전운전불이행,건조,맑음,교차로 - 교차로부근,이륜,남,16세,상해없음,승용,여,23세,경상
2021092200100326,2021년 9월 22일 19시,수요일,전라남도 목포시 산정동,중상사고,0,1,0,0,차대차 - 기타,안전운전불이행,건조,맑음,교차로 - 교차로안,승용,남,57세,상해없음,이륜,남,37세,중상
2021092200100327,2021년 9월 22일 19시,수요일,전라남도 나주시 대호동,경상사고,0,0,1,0,차대차 - 기타,불법유턴,건조,맑음,단일로 - 기타,승용,남,81세,상해없음,이륜,남,23세,경상
2021092200100355,2021년 9월 22일 20시,수요일,전라남도 순천시 조례동,경상사고,0,0,1,0,차대차 - 기타,안전운전불이행,건조,맑음,단일로 - 기타,승용,남,62세,상해없음,승용,여,52세,경상
2021092200100371,2021년 9월 22일 21시,수요일,전라남도 목포시 상동,중상사고,0,2,0,0,차대사람 - 기타,안전운전불이행,건조,흐림,단일로 - 기타,이륜,남,40세,중상,보행자,남,62세,중상
2021092200100403,2021년 9월 22일 22시,수요일,전라남도 목포시 연산동,경상사고,0,0,1,0,차대사람 - 기타,안전운전불이행,건조,맑음,단일로 - 기타,이륜,남,41세,상해없음,보행자,남,43세,경상
2021092300100031,2021년 9월 23일 06시,목요일,전라남도 해남군 해남읍,경상사고,0,0,1,0,차대차 - 정면충돌,중앙선침범,건조,맑음,단일로 - 기타,이륜,남,19세,경상,화물,남,69세,상해없음
2021092300100032,2021년 9월 23일 06시,목요일,전라남도 영암군 삼호읍,경상사고,0,0,1,0,차대차 - 추돌,신호위반,건조,맑음,교차로 - 교차로안,승용,남,61세,상해없음,화물,여,69세,경상
2021092300100033,2021년 9월 23일 06시,목요일,전라남도 담양군 담양읍,중상사고,0,2,0,0,차대차 - 측면충돌,직진우회전진행방해,건조,맑음,교차로 - 교차로안,이륜,남,69세,중상,승용,여,56세,상해없음
2021092300100049,2021년 9월 23일 07시,목요일,전라남도 순천시 오천동,경상사고,0,0,1,0,차대차 - 기타,신호위반,건조,맑음,교차로 - 교차로안,이륜,남,71세,경상,승용,여,57세,상해없음
2021092300100050,2021년 9월 23일 07시,목요일,전라남도 고흥군 봉래면,중상사고,0,1,0,0,차대차 - 측면충돌,안전운전불이행,건조,맑음,교차로 - 교차로안,이륜,남,76세,중상,승용,남,44세,상해없음
2021092300100083,2021년 9월 23일 08시,목요일,전라남도 신안군 압해읍,중상사고,0,1,0,0,차대사람 - 차도통행중,안전운전불이행,건조,맑음,단일로 - 기타,화물,남,71세,상해없음,보행자,남,72세,중상
2021092300100084,2021년 9월 23일 08시,목요일,전라남도 나주시 삼도동,중상사고,0,1,0,0,차대차 - 측면충돌,안전운전불이행,건조,맑음,단일로 - 기타,원동기,남,78세,중상,승합,남,51세,상해없음