사고번호,사고일시,요일,시군구,사고내용,사망자수,중상자수,경상자수,부상신고자수,사고유형,법규위반,노면상태,기상상태,도로형태,가해운전자 차종,가해운전자 성별,가해운전자 연령,가해운전자 상해정도,피해운전자 차종,피해운전자 성별,피해운전자 연령,피해운전자 상해정도
2021092300100119,2021년 9월 23일 09시,목요일,전라남도 여수시 덕충동,경상사고,0,0,1,0,차대차 - 추돌,기타,건조,맑음,단일로 - 기타,이륜,남,34세,상해없음,승용,여,62세,경상
2021092300100120,2021년 9월 23일 09시,목요일,전라남도 여수시 평여동,경상사고,0,0,1,0,차대차 - 측면충돌,안전운전불이행,건조,맑음,단일로 - 기타,특수,남,48세,상해없음,승용,남,50세,경상
2021092300100121,2021년 9월 23일 09시,목요일,전라남도 순천시 조례동,경상사고,0,0,2,0,차대차 - 기타,안전운전불이행,건조,맑음,단일로 - 기타,승용,여,56세,경상,승용,남,27세,경상
2021092300100157,2021년 9월 23일 10시,목요일,전라남도 함평군 신광면,경상사고,0,0,3,0,차대차 - 추돌,안전운전불이행,건조,맑음,교차로 - 교차로부근,화물,남,69세,경상,승용,남,47세,경상
2021092300100196,2021년 9월 23일 11시,목요일,전라남도 목포시 산정동,경상사고,0,0,1,0,차대차 - 측면충돌,안전운전불이행,건조,맑음,교차로 - 교차로안,승용,남,64세,상해없음,이륜,남,45세,경상
2021092300100257,2021년 9월 23일 13시,목요일,전라남도 목포시 대안동,경상사고,0,0,1,0,차대차 - 기타,중앙선침범,건조,맑음,기타 - 기타,승용,여,42세,상해없음,승용,남,58세,경상
2021092300100258,2021년 9월 23일 13시,목요일,전라남도 무안군 무안읍,경상사고,0,0,2,0,차대차 - 기타,직진우회전진행방해,건조,맑음,교차로 - 교차로안,승용,남,60세,경상,승용,남,67세,경상
2021092300100297,2021년 9월 23일 14시,목요일,전라남도 목포시 용해동,경상사고,0,0,1,0,차대차 - 기타,안전운전불이행,건조,맑음,교차로 - 교차로안,승용,여,50세,경상,승용,남,42세,상해없음
2021092300100336,2021년 9월 23일 15시,목요일,전라남도 순천시 덕월동,경상사고,0,0,3,0,차대차 - 측면충돌,신호위반,건조,맑음,교차로 - 교차로안,승용,남,75세,상해없음,승용,여,54세,경상
2021092300100374,2021년 9월 23일 16시,목요일,전라남도 해남군 산이면,경상사고,0,0,1,0,차량단독 - 도로외이탈 - 추락,안전운전불이행,건조,맑음,기타 - 기타,화물,남,50세,경상,,,,
2021092300100375,2021년 9월 23일 16시,목요일,전라남도 화순군 동면,사망사고,1,0,0,0,차대사람 - 기타,안전운전불이행,건조,맑음,단일로 - 기타,승용,남,59세,상해없음,보행자,남,64세,사망
2021092300100376,2021년 9월 23일 16시,목요일,전라남도 장성군 장성읍,경상사고,0,0,1,0,차대차 - 추돌,안전운전불이행,건조,맑음,주차장 - 주차장,승용,남,51세,상해없음,승용,여,47세,상해없음
2021092300100377,2021년 9월 23일 16시,목요일,전라남도 담양군 담양읍,경상사고,0,0,1,0,차대차 - 후진중충돌,안전운전불이행,건조,맑음,단일로 - 기타,화물,남,63세,상해없음,승용,여,30세,경상
2021092300100378,2021년 9월 23일 16시,목요일,전라남도 진도군 지산면,경상사고,0,0,2,0,차량단독 - 공작물충돌,안전운전불이행,건조,맑음,단일로 - 기타,승용,남,56세,상해없음,,,,
2021092300100463,2021년 9월 23일 18시,목요일,전라남도 목포시 옥암동,경상사고,0,0,2,0,차대차 - 기타,차로위반,건조,맑음,교차로 - 교차로안,승용,여,62세,상해없음,승용,여,23세,경상
2021092300100464,2021년 9월 23일 18시,목요일,전라남도 무안군 삼향읍,경상사고,0,0,1,0,차대차 - 기타,신호위반,건조,맑음,교차로 - 교차로안,승용,여,38세,상해없음,승용,남,39세,경상
2021092300100517,2021년 9월 23일 19시,목요일,전라남도 광양시 성황동,중상사고,0,1,2,0,차대차 - 기타,신호위반,건조,기타,교차로 - 교차로안,승용,남,32세,상해없음,승용,남,54세,중상
2021092300100560,2021년 9월 23일 21시,목요일,전라남도 나주시 산포면,경상사고,0,0,1,0,차대차 - 측면충돌,교차로운행방법위반,건조,맑음,교차로 - 교차로안,화물,남,63세,상해없음,자전거,남,19세,경상
2021092300100605,2021년 9월 23일 23시,목요일,전라남도 광양시 광양읍,중상사고,0,1,0,0,차대차 - 측면충돌,안전운전불이행,건조,맑음,단일로 - 기타,승용,남,27세,상해없음,이륜,남,58세,중상
2021092400100007,2021년 9월 24일 01시,금요일,전라남도 화순군 능주면,경상사고,0,0,2,0,차대차 - 기타,안전운전불이행,건조,맑음,교차로 - 교차로안,화물,남,51세,경상,승용,여,27세,경상
2021092400100084,2021년 9월 24일 08시,금요일,전라남도 여수시 미평동,중상사고,0,2,0,0,차대차 - 측면충돌,안전운전불이행,건조,맑음,단일로 - 기타,승용,남,64세,상해없음,이륜,남,69세,중상
2021092400100112,2021년 9월 24일 09시,금요일,전라남도 함평군 함평읍,중상사고,0,1,0,1,차대차 - 측면충돌,직진우회전진행방해,건조,맑음,교차로 - 교차로안,화물,남,62세,부상신고,승용,여,62세,중상
2021092400100113,2021년 9월 24일 09시,금요일,전라남도 곡성군 삼기면,사망사고,1,0,0,0,차량단독 - 주/정차차량 충돌,안전운전불이행,건조,맑음,단일로 - 기타,화물,남,31세,사망,,,,
2021092400100148,2021년 9월 24일 10시,금요일,전라남도 목포시 연산동,경상사고,0,0,3,0,차대차 - 기타,안전거리미확보,건조,맑음,단일로 - 지하차도(도로)내,특수,남,47세,경상,승용,남,70세,경상
2021092400100149,2021년 9월 24일 10시,금요일,전라남도 화순군 이양면,경상사고,0,0,3,0,차대차 - 기타,기타,건조,맑음,단일로 - 기타,건설기계,남,64세,기타불명,승용,여,49세,경상
2021092400100177,2021년 9월 24일 11시,금요일,전라남도 영암군 삼호읍,경상사고,0,0,2,0,차대차 - 추돌,안전운전불이행,건조,맑음,교차로 - 교차로부근,화물,남,38세,상해없음,화물,남,47세,경상
2021092400100178,2021년 9월 24일 11시,금요일,전라남도 장성군 장성읍,경상사고,0,0,1,0,차대차 - 측면충돌,안전운전불이행,건조,맑음,교차로 - 교차로안,이륜,남,19세,경상,승용,여,55세,상해없음
2021092400100179,2021년 9월 24일 11시,금요일,전라남도 광양시 중동,경상사고,0,0,1,0,차대차 - 측면충돌,안전운전불이행,건조,맑음,교차로 - 교차로횡단보도내,자전거,남,65세,경상,승용,여,47세,상해없음
2021092400100208,2021년 9월 24일 12시,금요일,전라남도 순천시 해룡면,경상사고,0,0,1,0,차대차 - 측면충돌,안전운전불이행,건조,맑음,단일로 - 기타,승용,여,38세,상해없음,승용,여,32세,경상
2021092400100209,2021년 9월 24일 12시,금요일,전라남도 나주시 금성동,경상사고,0,0,1,0,차대차 - 측면충돌,직진우회전진행방해,건조,맑음,교차로 - 교차로안,승용,여,42세,상해없음,이륜,남,53세,경상
2021092400100210,2021년 9월 24일 12시,금요일,전라남도 영암군 시종면,경상사고,0,0,1,0,차대차 - 추돌,안전운전불이행,건조,맑음,기타 - 기타,승용,여,28세,상해없음,승용,남,24세,경상
2021092400100244,2021년 9월 24일 13시,금요일,전라남도 여수시 문수동,경상사고,0,0,1,0,차대차 - 측면충돌,안전거리미확보,건조,맑음,교차로 - 교차로부근,화물,남,71세,기타불명,승용,남,26세,경상
2021092400100279,2021년 9월 24일 14시,금요일,전라남도 장흥군 장흥읍,경상사고,0,0,1,0,차대차 - 측면충돌,안전운전불이행,건조,맑음,교차로 - 교차로안,승용,여,37세,기타불명,승용,남,47세,경상
2021092400100280,2021년 9월 24일 14시,금요일,전라남도 무안군 운남면,사망사고,1,0,0,0,차대사람 - 기타,안전운전불이행,건조,맑음,교차로 - 교차로부근,승용,여,63세,상해없음,보행자,남,59세,사망
2021092400100318,2021년 9월 24일 15시,금요일,전라남도 목포시 용당동,경상사고,0,0,2,0,차대차 - 기타,교차로운행방법위반,건조,맑음,교차로 - 교차로안,이륜,남,29세,경상,승용,남,52세,경상
2021092400100349,2021년 9월 24일 16시,금요일,전라남도 순천시 덕암동,경상사고,0,0,1,0,차대차 - 추돌,안전거리미확보,건조,맑음,교차로 - 교차로부근,승용,남,27세,상해없음,승용,남,65세,경상
2021092400100350,2021년 9월 24일 16시,금요일,전라남도 순천시 오천동,중상사고,0,1,0,0,차대사람 - 기타,안전운전불이행,건조,맑음,교차로 - 교차로안,승용,여,58세,상해없음,보행자,남,63세,중상
2021092400100396,2021년 9월 24일 17시,금요일,전라남도 여수시 소라면,경상사고,0,0,2,0,차대차 - 측면충돌,기타,건조,맑음,교차로 - 교차로안,승용,남,60세,상해없음,승용,남,63세,경상
2021092400100397,2021년 9월 24일 17시,금요일,전라남도 함평군 나산면,경상사고,0,0,6,1,차대차 - 추돌,안전운전불이행,건조,맑음,단일로 - 기타,승용,남,21세,부상신고,화물,여,58세,경상
2021092400100440,2021년 9월 24일 18시,금요일,전라남도 목포시 상동,경상사고,0,0,1,0,차대차 - 기타,신호위반,건조,맑음,단일로 - 고가도로위,승용,남,58세,상해없음,승용,남,65세,상해없음
2021092400100441,2021년 9월 24일 18시,금요일,전라남도 여수시 문수동,경상사고,0,0,1,0,차대차 - 기타,안전운전불이행,건조,맑음,단일로 - 기타,승용,여,64세,상해없음,원동기,여,28세,경상
2021092400100517,2021년 9월 24일 20시,금요일,전라남도 광양시 광양읍,경상사고,0,0,1,0,차대사람 - 기타,안전운전불이행,건조,맑음,단일로 - 기타,승용,여,55세,상해없음,보행자,남,27세,경상
2021092500100011,2021년 9월 25일 01시,토요일,전라남도 여수시 미평동,경상사고,0,0,1,0,차대차 - 측면충돌,안전운전불이행,건조,맑음,교차로 - 교차로안,승용,남,29세,상해없음,승용,남,41세,경상
2021092500100015,2021년 9월 25일 02시,토요일,전라남도 여수시 수정동,경상사고,0,0,4,0,차대차 - 측면충돌,안전운전불이행,건조,맑음,단일로 - 기타,승용,남,19세,상해없음,승용,남,18세,상해없음
2021092500100053,2021년 9월 25일 08시,토요일,전라남도 담양군 담양읍,경상사고,0,0,1,0,차대차 - 측면충돌,직진우회전진행방해,건조,맑음,교차로 - 교차로안,승용,남,65세,상해없음,승용,남,28세,경상
2021092500100064,2021년 9월 25일 09시,토요일,전라남도 강진군 군동면,중상사고,0,1,1,0,차대차 - 측면충돌,신호위반,건조,맑음,교차로 - 교차로안,승용,여,45세,중상,화물,남,59세,경상
2021092500100088,2021년 9월 25일 10시,토요일,전라남도 목포시 산정동,중상사고,0,1,0,0,차대사람 - 기타,안전운전불이행,건조,맑음,단일로 - 기타,승용,남,45세,상해없음,보행자,여,81세,중상
2021092500100089,2021년 9월 25일 10시,토요일,전라남도 보성군 회천면,경상사고,0,0,2,0,차대차 - 측면충돌,기타,건조,맑음,교차로 - 교차로부근,승용,남,68세,경상,농기계,남,48세,상해없음
2021092500100217,2021년 9월 25일 14시,토요일,전라남도 영광군 염산면,경상사고,0,0,1,0,차대차 - 측면충돌,직진우회전진행방해,건조,맑음,교차로 - 교차로안,승용,남,58세,상해없음,건설기계,남,59세,경상
2021092500100218,2021년 9월 25일 14시,토요일,전라남도 광양시 중동,중상사고,0,1,0,0,차대차 - 측면충돌,교차로운행방법위반,건조,맑음,교차로 - 교차로안,승용,여,37세,상해없음,자전거,남,9세,중상
2021092500100249,2021년 9월 25일 15시,토요일,전라남도 무안군 삼향읍,경상사고,0,0,2,0,차대차 - 측면충돌,안전거리미확보,건조,맑음,교차로 - 교차로부근,승용,여,30세,상해없음,승용,남,29세,경상
2021092500100282,2021년 9월 25일 16시,토요일,전라남도 영광군 묘량면,경상사고,0,0,1,0,차대사람 - 기타,안전운전불이행,건조,맑음,단일로 - 기타,승합,남,61세,기타불명,보행자,남,72세,경상
2021092500100313,2021년 9월 25일 17시,토요일,전라남도 순천시 덕암동,경상사고,0,0,2,0,차대차 - 측면충돌,직진우회전진행방해,건조,맑음,교차로 - 교차로안,이륜,남,18세,상해없음,승용,남,29세,경상
2021092500100350,2021년 9월 25일 18시,토요일,전라남도 장성군 장성읍,중상사고,0,2,2,4,차대차 - 추돌,안전운전불이행,건조,맑음,단일로 - 기타,승용,남,26세,부상신고,승용,남,51세,중상
2021092500100351,2021년 9월 25일 18시,토요일,전라남도 담양군 담양읍,경상사고,0,0,1,0,차대차 - 추돌,안전운전불이행,건조,맑음,교차로 - 교차로안,승용,남,39세,상해없음,승용,여,39세,경상
2021092500100352,2021년 9월 25일 18시,토요일,전라남도 광양시 옥곡면,경상사고,0,0,2,0,차대차 - 기타,교차로운행방법위반,건조,맑음,교차로 - 교차로안,승용,여,56세,경상,승용,여,52세,경상
2021092500100382,2021년 9월 25일 19시,토요일,전라남도 순천시 조례동,경상사고,0,0,1,0,차대차 - 측면충돌,신호위반,건조,맑음,교차로 - 교차로횡단보도내,이륜,남,30세,상해없음,자전거,남,56세,경상
2021092600100004,2021년 9월 26일 00시,일요일,전라남도 여수시 학동,경상사고,0,0,2,0,차대차 - 추돌,안전운전불이행,건조,맑음,단일로 - 기타,승용,남,47세,상해없음,화물,남,58세,기타불명
2021092600100022,2021년 9월 26일 03시,일요일,전라남도 목포시 옥암동,경상사고,0,0,4,0,차대차 - 측면충돌,안전운전불이행,건조,맑음,단일로 - 기타,승용,남,21세,상해없음,승용,여,22세,경상
2021092600100052,2021년 9월 26일 08시,일요일,전라남도 여수시 화양면,경상사고,0,0,1,0,차대차 - 측면충돌,중앙선침범,건조,맑음,단일로 - 기타,화물,남,62세,상해없음,승용,여,37세,경상
2021092600100061,2021년 9월 26일 09시,일요일,전라남도 여수시 소라면,경상사고,0,0,1,0,차대사람 - 차도통행중,안전운전불이행,건조,맑음,단일로 - 기타,승용,여,45세,상해없음,보행자,여,31세,경상
2021092600100080,2021년 9월 26일 10시,일요일,전라남도 순천시 연향동,경상사고,0,0,5,0,차대차 - 측면충돌,안전운전불이행,건조,맑음,교차로 - 교차로안,승용,남,49세,경상,승합,남,63세,상해없음
2021092600100101,2021년 9월 26일 11시,일요일,전라남도 화순군 화순읍,경상사고,0,0,2,0,차대차 - 추돌,안전운전불이행,건조,맑음,단일로 - 기타,승용,남,79세,상해없음,승용,남,66세,경상
2021092600100128,2021년 9월 26일 12시,일요일,전라남도 화순군 도곡면,경상사고,0,0,3,0,차대차 - 측면충돌,안전거리미확보,건조,맑음,단일로 - 기타,승용,남,47세,상해없음,승용,여,25세,경상
2021092600100129,2021년 9월 26일 12시,일요일,전라남도 광양시 광양읍,중상사고,0,1,0,0,차량단독 - 전도전복 - 전도,안전운전불이행,건조,기타,기타 - 기타,승용,여,81세,상해없음,,,,
2021092600100155,2021년 9월 26일 13시,일요일,전라남도 해남군 화원면,중상사고,0,1,1,0,차대차 - 측면충돌,안전운전불이행,건조,맑음,단일로 - 기타,화물,남,73세,상해없음,원동기,남,84세,중상
2021092600100156,2021년 9월 26일 13시,일요일,전라남도 광양시 광양읍,경상사고,0,0,8,1,차대차 - 추돌,안전운전불이행,건조,맑음,교차로 - 교차로부근,화물,여,65세,상해없음,승용,남,42세,경상
2021092600100246,2021년 9월 26일 16시,일요일,전라남도 나주시 토계동,경상사고,0,0,1,0,차대차 - 측면충돌,신호위반,건조,맑음,교차로 - 교차로안,승용,여,26세,상해없음,화물,남,40세,경상
2021092600100247,2021년 9월 26일 16시,일요일,전라남도 진도군 지산면,사망사고,1,1,0,0,차량단독 - 도로외이탈 - 추락,안전운전불이행,건조,흐림,단일로 - 기타,농기계,남,81세,사망,,,,
2021092600100273,2021년 9월 26일 17시,일요일,전라남도 무안군 청계면,중상사고,0,1,0,0,차대차 - 기타,직진우회전진행방해,건조,맑음,교차로 - 교차로안,승용,남,26세,상해없음,승용,남,63세,중상
2021092600100308,2021년 9월 26일 18시,일요일,전라남도 여수시 돌산읍,경상사고,0,0,2,0,차대차 - 측면충돌,안전운전불이행,건조,맑음,교차로 - 교차로안,승용,남,77세,상해없음,승용,남,42세,경상
2021092600100335,2021년 9월 26일 19시,일요일,전라남도 순천시 해룡면,경상사고,0,0,2,0,차대차 - 기타,안전운전불이행,건조,맑음,단일로 - 기타,화물,남,62세,상해없음,승용,남,23세,경상
2021092600100337,2021년 9월 26일 19시,일요일,전라남도 영광군 묘량면,경상사고,0,0,3,0,차대차 - 측면충돌,안전운전불이행,건조,맑음,단일로 - 기타,승용,남,47세,상해없음,승용,남,63세,경상
2021092600100338,2021년 9월 26일 19시,일요일,전라남도 광양시 광양읍,경상사고,0,0,1,0,차대차 - 측면충돌,차로위반,건조,맑음,교차로 - 교차로안,승용,남,56세,상해없음,이륜,남,70세,경상
2021092600100390,2021년 9월 26일 22시,일요일,전라남도 목포시 옥암동,경상사고,0,0,1,0,차대차 - 추돌,안전운전불이행,건조,맑음,단일로 - 기타,승용,남,23세,상해없음,승합,남,38세,경상
2021092600100391,2021년 9월 26일 22시,일요일,전라남도 목포시 상동,경상사고,0,0,3,0,차대차 - 측면충돌,안전거리미확보,건조,맑음,단일로 - 기타,승용,남,22세,경상,이륜,남,16세,경상
2021092600100400,2021년 9월 26일 23시,일요일,전라남도 여수시 중앙동,중상사고,0,1,0,0,차대차 - 기타,차로위반,건조,맑음,단일로 - 기타,승용,남,25세,상해없음,이륜,남,23세,중상
2021092700100025,2021년 9월 27일 05시,월요일,전라남도 완도군 완도읍,중상사고,0,1,0,0,차대사람 - 보도통행중,안전운전불이행,건조,맑음,단일로 - 기타,화물,남,55세,기타불명,보행자,남,73세,중상
2021092700100090,2021년 9월 27일 08시,월요일,전라남도 목포시 옥암동,경상사고,0,0,1,0,차대차 - 기타,안전운전불이행,건조,맑음,교차로 - 교차로안,승용,여,55세,상해없음,승합,남,53세,경상
2021092700100091,2021년 9월 27일 08시,월요일,전라남도 여수시 학동,경상사고,0,0,1,0,차대차 - 측면충돌,안전운전불이행,건조,맑음,교차로 - 교차로안,승용,여,32세,상해없음,승용,남,34세,경상
2021092700100092,2021년 9월 27일 08시,월요일,전라남도 순천시 매곡동,경상사고,0,0,1,0,차대사람 - 기타,안전운전불이행,건조,맑음,단일로 - 기타,승용,남,69세,상해없음,보행자,남,43세,경상
2021092700100093,2021년 9월 27일 08시,월요일,전라남도 영암군 삼호읍,경상사고,0,0,3,0,차대차 - 측면충돌,신호위반,건조,맑음,교차로 - 교차로안,승용,여,28세,상해없음,승용,여,49세,경상
2021092700100113,2021년 9월 27일 09시,월요일,전라남도 목포시 대성동,중상사고,0,1,0,0,차대차 - 측면충돌,안전운전불이행,건조,맑음,교차로 - 교차로안,승용,남,46세,상해없음,자전거,남,72세,중상
2021092700100114,2021년 9월 27일 09시,월요일,전라남도 보성군 벌교읍,경상사고,0,0,2,0,차대차 - 추돌,안전운전불이행,건조,맑음,단일로 - 기타,승용,남,66세,상해없음,승용,남,58세,경상
2021092700100147,2021년 9월 27일 10시,월요일,전라남도 신안군 임자면,경상사고,0,0,2,0,차대차 - 정면충돌,중앙선침범,건조,맑음,교차로 - 교차로부근,승용,여,47세,상해없음,승합,남,32세,경상
2021092700100148,2021년 9월 27일 10시,월요일,전라남도 고흥군 금산면,중상사고,0,1,0,0,차대차 - 측면충돌,안전운전불이행,건조,맑음,주차장 - 주차장,승용,여,27세,상해없음,원동기,남,76세,상해없음
2021092700100177,2021년 9월 27일 11시,월요일,전라남도 화순군 화순읍,경상사고,0,0,1,0,차대차 - 측면충돌,중앙선침범,건조,맑음,교차로 - 교차로부근,화물,남,42세,상해없음,승용,여,57세,경상
2021092700100178,2021년 9월 27일 11시,월요일,전라남도 무안군 청계면,경상사고,0,0,3,0,차대차 - 추돌,안전운전불이행,건조,맑음,교차로 - 교차로안,승용,남,22세,경상,승용,남,62세,경상
2021092700100179,2021년 9월 27일 11시,월요일,전라남도 광양시 광양읍,경상사고,0,0,1,0,차대차 - 측면충돌,중앙선침범,건조,맑음,교차로 - 교차로부근,승용,여,46세,상해없음,이륜,남,55세,경상
2021092700100243,2021년 9월 27일 13시,월요일,전라남도 목포시 산정동,경상사고,0,0,3,0,차대차 - 기타,교차로운행방법위반,건조,맑음,교차로 - 교차로안,승용,남,63세,경상,승용,남,42세,경상
2021092700100244,2021년 9월 27일 13시,월요일,전라남도 영암군 삼호읍,경상사고,0,0,1,0,차대차 - 측면충돌,교차로운행방법위반,건조,맑음,교차로 - 교차로안,승용,남,42세,상해없음,화물,남,50세,경상
2021092700100308,2021년 9월 27일 15시,월요일,전라남도 목포시 용당동,경상사고,0,0,1,0,차대차 - 기타,안전운전불이행,건조,맑음,단일로 - 기타,승용,여,61세,상해없음,승용,남,68세,상해없음
2021092700100309,2021년 9월 27일 15시,월요일,전라남도 나주시 빛가람동,경상사고,0,0,1,0,차대사람 - 횡단중,신호위반,건조,맑음,교차로 - 교차로횡단보도내,원동기,남,45세,상해없음,보행자,남,8세,경상
2021092700100310,2021년 9월 27일 15시,월요일,전라남도 해남군 해남읍,경상사고,0,0,1,0,차대차 - 측면충돌,안전운전불이행,건조,맑음,교차로 - 교차로안,화물,남,52세,상해없음,승용,남,65세,경상
2021092700100348,2021년 9월 27일 16시,월요일,전라남도 신안군 지도읍,경상사고,0,0,1,1,차대차 - 기타,안전운전불이행,건조,맑음,교차로 - 교차로안,이륜,남,81세,경상,승용,여,55세,부상신고
2021092700100349,2021년 9월 27일 16시,월요일,전라남도 순천시 덕암동,중상사고,0,1,1,0,차대차 - 기타,직진우회전진행방해,건조,맑음,교차로 - 교차로안,승용,여,27세,상해없음,승용,남,50세,중상
2021092700100350,2021년 9월 27일 16시,월요일,전라남도 순천시 연향동,경상사고,0,0,1,0,차대사람 - 기타,교차로운행방법위반,건조,맑음,교차로 - 교차로안,승용,남,60세,상해없음,보행자,여,57세,경상
2021092700100383,2021년 9월 27일 17시,월요일,전라남도 나주시 삼도동,경상사고,0,0,1,0,차대차 - 정면충돌,신호위반,건조,맑음,교차로 - 교차로안,승용,남,60세,상해없음,승용,여,60세,경상
2021092700100425,2021년 9월 27일 18시,월요일,전라남도 여수시 신기동,경상사고,0,0,1,0,차대사람 - 기타,안전운전불이행,건조,맑음,단일로 - 기타,화물,남,38세,상해없음,보행자,여,49세,경상
2021092700100426,2021년 9월 27일 18시,월요일,전라남도 순천시 연향동,경상사고,0,0,1,0,차대차 - 기타,교차로운행방법위반,건조,맑음,교차로 - 교차로안,승용,여,41세,상해없음,이륜,남,33세,경상
2021092700100427,2021년 9월 27일 18시,월요일,전라남도 무안군 삼향읍,중상사고,0,1,0,0,차대차 - 측면충돌,신호위반,건조,맑음,교차로 - 교차로안,이륜,남,18세,중상,승용,남,28세,상해없음
2021092700100465,2021년 9월 27일 19시,월요일,전라남도 고흥군 봉래면,중상사고,0,1,0,0,차량단독 - 기타,안전운전불이행,건조,맑음,단일로 - 기타,농기계,남,78세,중상,,,,
2021092700100521,2021년 9월 27일 21시,월요일,전라남도 화순군 화순읍,경상사고,0,0,1,0,차대차 - 후진중충돌,안전운전불이행,건조,맑음,단일로 - 기타,승용,남,46세,상해없음,승용,남,52세,경상
2021092700100553,2021년 9월 27일 23시,월요일,전라남도 광양시 중동,경상사고,0,0,1,0,차대차 - 측면충돌,중앙선침범,건조,맑음,교차로 - 교차로부근,승용,여,25세,상해없음,승용,남,50세,경상
2021092800100014,2021년 9월 28일 02시,화요일,전라남도 장흥군 장흥읍,중상사고,0,1,1,0,차량단독 - 도로외이탈 - 추락,안전운전불이행,건조,맑음,교차로 - 교차로부근,승용,여,24세,경상,,,,
2021092800100119,2021년 9월 28일 09시,화요일,전라남도 여수시 소라면,경상사고,0,0,1,0,차대차 - 측면충돌,안전운전불이행,건조,맑음,교차로 - 교차로안,이륜,남,69세,경상,승용,여,51세,상해없음
2021092800100120,2021년 9월 28일 09시,화요일,전라남도 여수시 학동,경상사고,0,0,1,0,차대차 - 측면충돌,교차로운행방법위반,건조,맑음,교차로 - 교차로안,승용,여,46세,상해없음,승용,남,74세,경상
2021092800100121,2021년 9월 28일 09시,화요일,전라남도 순천시 풍덕동,중상사고,0,1,0,0,차대사람 - 횡단중,안전운전불이행,건조,맑음,교차로 - 교차로안,화물,남,55세,상해없음,보행자,남,75세,중상
2021092800100122,2021년 9월 28일 09시,화요일,전라남도 영암군 삼호읍,사망사고,2,0,0,0,차대차 - 추돌,기타,기타,맑음,단일로 - 기타,승합,남,58세,기타불명,자전거,남,34세,사망
2021092800100123,2021년 9월 28일 09시,화요일,전라남도 무안군 일로읍,경상사고,0,0,1,0,차대차 - 추돌,안전운전불이행,건조,맑음,단일로 - 기타,화물,남,45세,기타불명,건설기계,남,47세,경상
2021092800100175,2021년 9월 28일 11시,화요일,전라남도 목포시 호남동,경상사고,0,0,1,0,차대차 - 추돌,안전운전불이행,건조,맑음,단일로 - 기타,원동기,남,36세,상해없음,승용,남,48세,경상
2021092800100205,2021년 9월 28일 12시,화요일,전라남도 목포시 달동,경상사고,0,0,1,0,차대차 - 기타,중앙선침범,건조,맑음,단일로 - 기타,승용,남,33세,상해없음,승용,남,29세,상해없음
2021092800100232,2021년 9월 28일 13시,화요일,전라남도 나주시 송월동,중상사고,0,2,1,0,차대차 - 측면충돌,안전운전불이행,건조,맑음,단일로 - 기타,화물,남,24세,경상,특수,남,58세,상해없음
2021092800100233,2021년 9월 28일 13시,화요일,전라남도 영광군 묘량면,중상사고,0,2,0,0,차대차 - 기타,안전운전불이행,건조,맑음,단일로 - 기타,승용,여,66세,상해없음,농기계,남,77세,중상
2021092800100271,2021년 9월 28일 14시,화요일,전라남도 목포시 산정동,경상사고,0,0,1,0,차대차 - 측면충돌,신호위반,건조,맑음,교차로 - 교차로안,이륜,남,20세,경상,승용,남,55세,상해없음
2021092800100272,2021년 9월 28일 14시,화요일,전라남도 광양시 중동,중상사고,0,1,1,0,차대차 - 기타,안전운전불이행,건조,흐림,단일로 - 기타,승용,여,45세,중상,승용,여,64세,상해없음
2021092800100293,2021년 9월 28일 15시,화요일,전라남도 목포시 용당동,경상사고,0,0,1,0,차대차 - 기타,안전거리미확보,건조,맑음,단일로 - 지하차도(도로)내,승용,여,40세,상해없음,승용,여,46세,경상
2021092800100294,2021년 9월 28일 15시,화요일,전라남도 고흥군 고흥읍,중상사고,0,1,0,0,차대사람 - 기타,안전운전불이행,건조,맑음,단일로 - 기타,승용,남,79세,상해없음,보행자,여,49세,중상
2021092800100295,2021년 9월 28일 15시,화요일,전라남도 해남군 해남읍,경상사고,0,0,1,0,차대사람 - 길가장자리구역통행중,안전운전불이행,건조,맑음,단일로 - 기타,승용,남,79세,기타불명,보행자,남,72세,경상
2021092800100362,2021년 9월 28일 17시,화요일,전라남도 완도군 완도읍,경상사고,0,0,2,0,차대차 - 측면충돌,안전운전불이행,건조,맑음,기타 - 기타,승용,남,25세,경상,승용,남,56세,경상
2021092800100417,2021년 9월 28일 18시,화요일,전라남도 목포시 석현동,경상사고,0,0,1,0,차대차 - 기타,안전운전불이행,건조,맑음,교차로 - 교차로부근,화물,남,58세,상해없음,승용,여,26세,경상
2021092800100418,2021년 9월 28일 18시,화요일,전라남도 순천시 해룡면,경상사고,0,0,1,0,차대사람 - 횡단중,안전운전불이행,건조,맑음,교차로 - 교차로횡단보도내,승용,여,32세,상해없음,보행자,남,23세,경상
2021092800100419,2021년 9월 28일 18시,화요일,전라남도 순천시 연향동,경상사고,0,0,1,0,차대차 - 측면충돌,안전운전불이행,건조,맑음,교차로 - 교차로부근,승용,남,41세,상해없음,이륜,남,31세,경상
2021092800100420,2021년 9월 28일 18시,화요일,전라남도 무안군 몽탄면,경상사고,0,0,2,0,차대차 - 측면충돌,안전운전불이행,건조,맑음,교차로 - 교차로안,화물,남,65세,상해없음,승용,여,56세,경상