사고번호,사고일시,요일,시군구,사고내용,사망자수,중상자수,경상자수,부상신고자수,사고유형,법규위반,노면상태,기상상태,도로형태,가해운전자 차종,가해운전자 성별,가해운전자 연령,가해운전자 상해정도,피해운전자 차종,피해운전자 성별,피해운전자 연령,피해운전자 상해정도
2021092800100481,2021년 9월 28일 19시,화요일,전라남도 순천시 남정동,경상사고,0,0,1,0,차대차 - 기타,안전운전불이행,건조,맑음,단일로 - 기타,승용,여,49세,상해없음,승용,남,47세,경상
2021092800100482,2021년 9월 28일 19시,화요일,전라남도 화순군 한천면,경상사고,0,0,2,0,차대차 - 추돌,안전운전불이행,젖음/습기,비,단일로 - 기타,승용,남,40세,경상,농기계,남,72세,경상
2021092800100483,2021년 9월 28일 19시,화요일,전라남도 영암군 삼호읍,중상사고,0,1,0,0,차대사람 - 차도통행중,기타,건조,기타,교차로 - 교차로부근,승용,남,34세,상해없음,보행자,남,50세,중상
2021092800100521,2021년 9월 28일 20시,화요일,전라남도 목포시 상동,경상사고,0,0,1,0,차대사람 - 차도통행중,안전운전불이행,건조,맑음,교차로 - 교차로안,승용,여,28세,상해없음,보행자,남,51세,경상
2021092800100522,2021년 9월 28일 20시,화요일,전라남도 여수시 학동,경상사고,0,0,2,0,차대차 - 추돌,안전운전불이행,젖음/습기,비,교차로 - 교차로안,승용,여,34세,상해없음,승용,여,50세,경상
2021092800100523,2021년 9월 28일 20시,화요일,전라남도 무안군 삼향읍,경상사고,0,0,1,0,차대차 - 기타,신호위반,건조,기타,교차로 - 교차로안,승용,여,27세,상해없음,승용,여,36세,경상
2021092800100587,2021년 9월 28일 22시,화요일,전라남도 여수시 선원동,중상사고,0,1,0,0,차대차 - 기타,교차로운행방법위반,서리/결빙,비,교차로 - 교차로안,화물,남,26세,상해없음,이륜,남,35세,중상
2021092900100008,2021년 9월 29일 00시,수요일,전라남도 나주시 빛가람동,경상사고,0,0,1,0,차대사람 - 횡단중,보행자보호의무위반,건조,맑음,교차로 - 교차로안,승용,남,20세,상해없음,보행자,여,17세,경상
2021092900100061,2021년 9월 29일 07시,수요일,전라남도 여수시 남산동,경상사고,0,0,2,0,차대차 - 추돌,안전거리미확보,건조,맑음,교차로 - 교차로부근,승용,남,75세,상해없음,승용,남,71세,경상
2021092900100092,2021년 9월 29일 08시,수요일,전라남도 진도군 임회면,경상사고,0,0,1,0,차대차 - 측면충돌,직진우회전진행방해,젖음/습기,흐림,교차로 - 교차로부근,승용,남,19세,상해없음,승용,여,63세,경상
2021092900100093,2021년 9월 29일 08시,수요일,전라남도 광양시 중동,경상사고,0,0,1,0,차대차 - 추돌,안전거리미확보,젖음/습기,비,교차로 - 교차로안,승용,여,35세,상해없음,승용,여,66세,경상
2021092900100128,2021년 9월 29일 09시,수요일,전라남도 목포시 용당동,경상사고,0,0,1,0,차대차 - 기타,신호위반,건조,맑음,교차로 - 교차로부근,화물,남,54세,상해없음,화물,남,64세,경상
2021092900100153,2021년 9월 29일 10시,수요일,전라남도 화순군 도암면,중상사고,0,1,0,0,차대차 - 측면충돌,교차로운행방법위반,건조,맑음,교차로 - 교차로안,이륜,여,69세,중상,승용,여,43세,상해없음
2021092900100154,2021년 9월 29일 10시,수요일,전라남도 광양시 중동,경상사고,0,0,2,0,차대사람 - 횡단중,안전운전불이행,건조,맑음,기타 - 기타,승용,남,28세,상해없음,보행자,남,28세,경상
2021092900100188,2021년 9월 29일 11시,수요일,전라남도 순천시 석현동,경상사고,0,0,1,0,차대차 - 측면충돌,교차로운행방법위반,건조,맑음,교차로 - 교차로안,승용,남,74세,상해없음,이륜,남,32세,경상
2021092900100189,2021년 9월 29일 11시,수요일,전라남도 나주시 금성동,경상사고,0,0,2,0,차대차 - 기타,신호위반,건조,흐림,교차로 - 교차로안,승용,여,51세,경상,승용,남,77세,경상
2021092900100190,2021년 9월 29일 11시,수요일,전라남도 화순군 이양면,경상사고,0,0,2,0,차대차 - 측면충돌,교차로운행방법위반,건조,맑음,교차로 - 교차로안,승용,남,39세,상해없음,승용,여,48세,경상
2021092900100191,2021년 9월 29일 11시,수요일,전라남도 광양시 봉강면,사망사고,1,0,0,0,차대차 - 정면충돌,안전운전불이행,건조,흐림,교차로 - 교차로안,이륜,남,39세,사망,화물,남,71세,상해없음
2021092900100222,2021년 9월 29일 12시,수요일,전라남도 목포시 용해동,경상사고,0,0,1,0,차대차 - 기타,안전운전불이행,젖음/습기,비,기타 - 기타,화물,남,40세,상해없음,승용,남,66세,경상
2021092900100255,2021년 9월 29일 13시,수요일,전라남도 목포시 옥암동,경상사고,0,0,1,0,차대차 - 기타,신호위반,젖음/습기,흐림,교차로 - 교차로안,승용,남,67세,상해없음,승용,여,54세,경상
2021092900100256,2021년 9월 29일 13시,수요일,전라남도 고흥군 도양읍,부상신고사고,0,0,0,1,차대차 - 기타,안전운전불이행,건조,맑음,단일로 - 기타,승용,남,54세,상해없음,자전거,남,65세,부상신고
2021092900100257,2021년 9월 29일 13시,수요일,전라남도 해남군 해남읍,중상사고,0,1,0,0,차대차 - 측면충돌,직진우회전진행방해,건조,맑음,교차로 - 교차로안,승용,여,61세,상해없음,사륜오토바이(ATV),여,76세,중상
2021092900100288,2021년 9월 29일 14시,수요일,전라남도 광양시 성황동,경상사고,0,0,2,0,차대차 - 측면충돌,신호위반,건조,맑음,교차로 - 교차로안,승용,여,52세,경상,승용,남,63세,경상
2021092900100320,2021년 9월 29일 15시,수요일,전라남도 순천시 조곡동,경상사고,0,0,1,0,차대차 - 기타,안전거리미확보,젖음/습기,비,교차로 - 교차로부근,승용,남,28세,상해없음,승용,남,65세,경상
2021092900100321,2021년 9월 29일 15시,수요일,전라남도 곡성군 옥과면,중상사고,0,1,0,0,차대사람 - 기타,안전운전불이행,젖음/습기,비,주차장 - 주차장,승용,여,62세,상해없음,보행자,남,86세,중상
2021092900100355,2021년 9월 29일 16시,수요일,전라남도 순천시 풍덕동,경상사고,0,0,1,0,차대차 - 측면충돌,직진우회전진행방해,건조,맑음,교차로 - 교차로안,승용,남,81세,상해없음,이륜,남,28세,경상
2021092900100399,2021년 9월 29일 17시,수요일,전라남도 여수시 여서동,경상사고,0,0,1,0,차대차 - 추돌,안전운전불이행,젖음/습기,비,단일로 - 기타,승용,여,55세,상해없음,승용,남,40세,경상
2021092900100447,2021년 9월 29일 18시,수요일,전라남도 여수시 소라면,경상사고,0,0,1,0,차대차 - 기타,안전운전불이행,젖음/습기,비,단일로 - 기타,이륜,남,19세,경상,승합,남,55세,상해없음
2021092900100448,2021년 9월 29일 18시,수요일,전라남도 여수시 여서동,중상사고,0,1,0,0,차대차 - 측면충돌,신호위반,젖음/습기,비,교차로 - 교차로안,승용,여,59세,상해없음,이륜,남,40세,중상
2021092900100449,2021년 9월 29일 18시,수요일,전라남도 순천시 해룡면,중상사고,0,1,0,0,차대차 - 기타,안전운전불이행,건조,맑음,교차로 - 교차로안,이륜,남,37세,중상,승용,여,44세,상해없음
2021092900100450,2021년 9월 29일 18시,수요일,전라남도 광양시 황금동,경상사고,0,0,4,0,차대차 - 추돌,안전거리미확보,건조,맑음,교차로 - 교차로부근,승용,여,30세,상해없음,승용,여,58세,경상
2021092900100503,2021년 9월 29일 19시,수요일,전라남도 목포시 상동,중상사고,0,1,0,0,차대차 - 측면충돌,신호위반,젖음/습기,비,교차로 - 교차로부근,승용,여,37세,상해없음,이륜,남,28세,중상
2021092900100572,2021년 9월 29일 21시,수요일,전라남도 해남군 해남읍,경상사고,0,0,2,0,차대차 - 기타,안전운전불이행,젖음/습기,비,기타 - 기타,화물,남,47세,경상,승용,남,62세,기타불명
2021092900100573,2021년 9월 29일 21시,수요일,전라남도 화순군 화순읍,경상사고,0,0,1,0,차대차 - 기타,중앙선침범,젖음/습기,비,교차로 - 교차로안,승용,여,55세,상해없음,이륜,남,40세,경상
2021092900100574,2021년 9월 29일 21시,수요일,전라남도 구례군 마산면,중상사고,0,1,0,0,차대사람 - 기타,안전운전불이행,건조,맑음,단일로 - 기타,화물,남,47세,상해없음,보행자,여,56세,중상
2021092900100606,2021년 9월 29일 22시,수요일,전라남도 목포시 상동,경상사고,0,0,1,0,차대사람 - 횡단중,보행자보호의무위반,젖음/습기,비,단일로 - 기타,승용,남,59세,상해없음,보행자,여,23세,경상
2021092900100607,2021년 9월 29일 22시,수요일,전라남도 순천시 해룡면,중상사고,0,2,0,0,차대차 - 측면충돌,안전운전불이행,젖음/습기,비,단일로 - 기타,승용,남,59세,상해없음,승용,여,49세,중상
2021093000100006,2021년 9월 30일 00시,목요일,전라남도 목포시 상동,경상사고,0,0,1,0,차대차 - 측면충돌,신호위반,젖음/습기,비,교차로 - 교차로안,승용,남,65세,상해없음,특수,남,27세,경상
2021093000100033,2021년 9월 30일 04시,목요일,전라남도 고흥군 포두면,중상사고,0,1,0,0,차대차 - 기타,안전운전불이행,건조,맑음,단일로 - 기타,원동기,여,78세,상해없음,자전거,남,61세,중상
2021093000100041,2021년 9월 30일 05시,목요일,전라남도 순천시 연향동,중상사고,0,1,0,0,차대사람 - 횡단중,보행자보호의무위반,젖음/습기,비,교차로 - 교차로횡단보도내,승용,남,70세,상해없음,보행자,남,55세,중상
2021093000100150,2021년 9월 30일 09시,목요일,전라남도 여수시 화장동,경상사고,0,0,1,0,차대차 - 기타,안전운전불이행,건조,맑음,교차로 - 교차로부근,승용,남,24세,상해없음,승용,남,65세,경상
2021093000100178,2021년 9월 30일 10시,목요일,전라남도 여수시 화장동,경상사고,0,0,1,0,차대차 - 측면충돌,안전운전불이행,건조,맑음,단일로 - 기타,승용,남,40세,상해없음,승용,여,37세,경상
2021093000100179,2021년 9월 30일 10시,목요일,전라남도 여수시 해산동,중상사고,0,1,0,0,차대차 - 추돌,안전운전불이행,건조,맑음,단일로 - 기타,화물,여,40세,상해없음,승용,여,32세,중상
2021093000100180,2021년 9월 30일 10시,목요일,전라남도 여수시 소라면,경상사고,0,0,1,0,차대차 - 측면충돌,안전운전불이행,건조,맑음,단일로 - 기타,승용,남,86세,상해없음,승용,남,76세,경상
2021093000100181,2021년 9월 30일 10시,목요일,전라남도 고흥군 과역면,경상사고,0,0,1,0,차대차 - 기타,안전운전불이행,건조,맑음,교차로 - 교차로부근,승용,남,62세,상해없음,사륜오토바이(ATV),여,76세,경상
2021093000100246,2021년 9월 30일 12시,목요일,전라남도 순천시 연향동,중상사고,0,1,0,0,차대사람 - 기타,보행자보호의무위반,건조,맑음,교차로 - 교차로횡단보도내,승용,여,63세,상해없음,보행자,남,45세,중상
2021093000100283,2021년 9월 30일 13시,목요일,전라남도 광양시 중동,경상사고,0,0,1,0,차대차 - 측면충돌,안전운전불이행,건조,맑음,단일로 - 기타,승용,여,51세,상해없음,승용,남,37세,경상
2021093000100317,2021년 9월 30일 14시,목요일,전라남도 목포시 옥암동,경상사고,0,0,4,0,차대차 - 측면충돌,신호위반,건조,맑음,교차로 - 교차로안,승용,남,70세,상해없음,승용,남,36세,경상
2021093000100318,2021년 9월 30일 14시,목요일,전라남도 여수시 둔덕동,경상사고,0,0,1,0,차대사람 - 기타,안전운전불이행,건조,맑음,단일로 - 기타,승용,남,46세,상해없음,보행자,남,51세,경상
2021093000100319,2021년 9월 30일 14시,목요일,전라남도 고흥군 도화면,경상사고,0,0,1,0,차대차 - 기타,교차로운행방법위반,건조,맑음,교차로 - 교차로안,승용,남,72세,상해없음,이륜,남,76세,경상
2021093000100320,2021년 9월 30일 14시,목요일,전라남도 함평군 월야면,중상사고,0,1,2,0,차대차 - 측면충돌,교차로운행방법위반,건조,맑음,교차로 - 교차로안,화물,남,55세,경상,승용,남,33세,중상
2021093000100321,2021년 9월 30일 14시,목요일,전라남도 광양시 광양읍,경상사고,0,0,2,0,차대차 - 측면충돌,교차로운행방법위반,건조,맑음,교차로 - 교차로안,화물,남,67세,상해없음,승용,여,34세,경상
2021093000100362,2021년 9월 30일 15시,목요일,전라남도 목포시 상동,경상사고,0,0,4,0,차대차 - 추돌,안전운전불이행,건조,맑음,단일로 - 기타,화물,남,23세,상해없음,승합,남,62세,경상
2021093000100363,2021년 9월 30일 15시,목요일,전라남도 화순군 화순읍,경상사고,0,0,2,0,차대차 - 측면충돌,안전운전불이행,건조,맑음,교차로 - 교차로부근,승용,여,58세,상해없음,승용,여,37세,경상
2021093000100364,2021년 9월 30일 15시,목요일,전라남도 담양군 월산면,경상사고,0,0,1,0,차대사람 - 차도통행중,안전운전불이행,건조,맑음,교차로 - 교차로부근,화물,남,43세,상해없음,보행자,남,71세,경상
2021093000100409,2021년 9월 30일 16시,목요일,전라남도 목포시 해안동3가,경상사고,0,0,5,0,차대차 - 측면충돌,교차로운행방법위반,건조,맑음,교차로 - 교차로안,승용,여,25세,경상,승용,남,71세,경상
2021093000100410,2021년 9월 30일 16시,목요일,전라남도 여수시 화양면,중상사고,0,1,0,0,차량단독 - 기타,안전운전불이행,건조,맑음,단일로 - 기타,농기계,남,75세,중상,,,,
2021093000100462,2021년 9월 30일 17시,목요일,전라남도 목포시 연산동,경상사고,0,0,1,0,차대차 - 측면충돌,안전거리미확보,건조,맑음,단일로 - 기타,승용,남,21세,상해없음,이륜,남,36세,경상
2021093000100463,2021년 9월 30일 17시,목요일,전라남도 순천시 가곡동,경상사고,0,0,1,0,차대차 - 기타,안전운전불이행,건조,맑음,단일로 - 기타,화물,남,62세,기타불명,이륜,남,23세,경상
2021093000100464,2021년 9월 30일 17시,목요일,전라남도 순천시 연향동,경상사고,0,0,2,0,차대차 - 측면충돌,안전운전불이행,건조,맑음,단일로 - 기타,승용,남,59세,상해없음,승용,남,38세,경상
2021093000100465,2021년 9월 30일 17시,목요일,전라남도 보성군 노동면,경상사고,0,0,1,0,차량단독 - 전도전복 - 전도,안전운전불이행,건조,맑음,단일로 - 기타,이륜,여,74세,경상,,,,
2021093000100466,2021년 9월 30일 17시,목요일,전라남도 화순군 화순읍,경상사고,0,0,1,0,차대사람 - 횡단중,안전운전불이행,건조,흐림,단일로 - 기타,승용,여,57세,상해없음,보행자,남,13세,경상
2021093000100513,2021년 9월 30일 18시,목요일,전라남도 여수시 돌산읍,중상사고,0,1,0,0,차대차 - 추돌,기타,건조,맑음,단일로 - 기타,승용,남,61세,상해없음,농기계,남,75세,중상
2021093000100514,2021년 9월 30일 18시,목요일,전라남도 나주시 빛가람동,경상사고,0,0,1,0,차대차 - 추돌,안전운전불이행,건조,맑음,교차로 - 교차로부근,화물,남,52세,상해없음,승용,남,41세,경상
2021100100100020,2021년 10월 1일 04시,금요일,전라남도 목포시 석현동,중상사고,0,1,0,0,차대사람 - 횡단중,보행자보호의무위반,건조,맑음,단일로 - 기타,승용,여,56세,상해없음,보행자,남,69세,중상
2021100100100021,2021년 10월 1일 04시,금요일,전라남도 여수시 묘도동,경상사고,0,0,1,0,차대차 - 추돌,안전운전불이행,건조,맑음,단일로 - 교량,승용,남,36세,상해없음,화물,남,46세,경상
2021100100100022,2021년 10월 1일 04시,금요일,전라남도 순천시 서면,경상사고,0,0,1,0,차대사람 - 차도통행중,기타,건조,맑음,기타 - 기타,승용,여,48세,상해없음,보행자,남,26세,경상
2021100100100127,2021년 10월 1일 09시,금요일,전라남도 목포시 상동,경상사고,0,0,3,0,차대차 - 측면충돌,직진우회전진행방해,건조,맑음,교차로 - 교차로안,승용,남,69세,경상,승용,남,57세,경상
2021100100100128,2021년 10월 1일 09시,금요일,전라남도 순천시 왕지동,경상사고,0,0,1,0,차대차 - 기타,안전운전불이행,건조,맑음,단일로 - 기타,승용,남,50세,상해없음,승용,여,50세,경상
2021100100100130,2021년 10월 1일 09시,금요일,전라남도 광양시 광양읍,중상사고,0,1,0,0,차대차 - 기타,안전거리미확보,건조,맑음,교차로 - 교차로안,승용,여,34세,상해없음,이륜,남,70세,중상
2021100100100161,2021년 10월 1일 10시,금요일,전라남도 여수시 관문동,중상사고,0,1,0,0,차대차 - 기타,안전운전불이행,건조,맑음,단일로 - 기타,승용,여,60세,상해없음,이륜,남,71세,중상
2021100100100201,2021년 10월 1일 11시,금요일,전라남도 여수시 학동,경상사고,0,0,2,0,차대차 - 기타,차로위반,건조,맑음,단일로 - 기타,승용,여,69세,상해없음,승합,남,51세,경상
2021100100100202,2021년 10월 1일 11시,금요일,전라남도 고흥군 포두면,경상사고,0,0,1,0,차대차 - 기타,안전운전불이행,건조,맑음,교차로 - 교차로안,승용,남,31세,상해없음,승용,여,72세,경상
2021100100100203,2021년 10월 1일 11시,금요일,전라남도 강진군 군동면,경상사고,0,0,2,0,차대차 - 측면충돌,신호위반,건조,맑음,교차로 - 교차로부근,승용,남,74세,상해없음,승용,남,29세,경상
2021100100100236,2021년 10월 1일 12시,금요일,전라남도 여수시 돌산읍,중상사고,0,1,0,0,차대차 - 측면충돌,중앙선침범,건조,맑음,단일로 - 기타,승합,남,55세,상해없음,승용,여,69세,중상
2021100100100237,2021년 10월 1일 12시,금요일,전라남도 순천시 연향동,경상사고,0,0,1,0,차대차 - 측면충돌,교차로운행방법위반,건조,맑음,교차로 - 교차로안,승용,남,49세,상해없음,이륜,남,30세,경상
2021100100100238,2021년 10월 1일 12시,금요일,전라남도 화순군 이양면,경상사고,0,0,2,0,차대차 - 추돌,안전운전불이행,건조,맑음,단일로 - 기타,승용,여,47세,경상,화물,남,35세,경상
2021100100100239,2021년 10월 1일 12시,금요일,전라남도 광양시 중동,경상사고,0,0,1,0,차대차 - 후진중충돌,안전운전불이행,건조,맑음,단일로 - 기타,승용,여,41세,상해없음,승용,남,29세,경상
2021100100100281,2021년 10월 1일 13시,금요일,전라남도 여수시 관문동,경상사고,0,0,1,0,차대차 - 기타,차로위반,건조,맑음,단일로 - 기타,승용,남,43세,상해없음,이륜,남,16세,경상
2021100100100313,2021년 10월 1일 14시,금요일,전라남도 여수시 소라면,경상사고,0,0,2,0,차대차 - 측면충돌,중앙선침범,건조,맑음,교차로 - 교차로안,화물,남,62세,상해없음,승용,남,71세,경상
2021100100100314,2021년 10월 1일 14시,금요일,전라남도 광양시 옥곡면,중상사고,0,1,0,0,차대차 - 정면충돌,안전운전불이행,건조,맑음,단일로 - 기타,화물,남,24세,상해없음,이륜,남,61세,중상
2021100100100315,2021년 10월 1일 14시,금요일,전라남도 구례군 구례읍,중상사고,0,1,0,0,차대차 - 측면충돌,직진우회전진행방해,건조,맑음,교차로 - 교차로안,승용,여,61세,상해없음,이륜,여,55세,중상
2021100100100358,2021년 10월 1일 15시,금요일,전라남도 나주시 문평면,경상사고,0,0,2,0,차대차 - 추돌,안전운전불이행,건조,맑음,단일로 - 기타,화물,남,65세,경상,승용,남,52세,경상
2021100100100409,2021년 10월 1일 16시,금요일,전라남도 영암군 덕진면,중상사고,0,1,9,0,차대차 - 추돌,안전운전불이행,건조,맑음,교차로 - 교차로부근,화물,남,47세,상해없음,승용,남,74세,경상
2021100100100459,2021년 10월 1일 17시,금요일,전라남도 순천시 해룡면,경상사고,0,0,2,0,차대차 - 기타,중앙선침범,건조,맑음,교차로 - 교차로부근,승용,남,61세,경상,승용,남,54세,경상
2021100100100460,2021년 10월 1일 17시,금요일,전라남도 나주시 용산동,경상사고,0,0,1,0,차대차 - 측면충돌,신호위반,건조,맑음,교차로 - 교차로안,화물,남,37세,상해없음,승용,남,35세,경상
2021100100100461,2021년 10월 1일 17시,금요일,전라남도 영암군 삼호읍,중상사고,0,1,0,0,차대차 - 측면충돌,안전운전불이행,건조,맑음,교차로 - 교차로부근,승용,남,60세,상해없음,이륜,남,45세,중상
2021100100100462,2021년 10월 1일 17시,금요일,전라남도 광양시 중동,경상사고,0,0,1,0,차대차 - 측면충돌,차로위반,건조,맑음,기타 - 기타,승용,남,69세,상해없음,승용,남,60세,경상
2021100100100506,2021년 10월 1일 18시,금요일,전라남도 무안군 삼향읍,경상사고,0,0,2,0,차대차 - 기타,안전운전불이행,건조,맑음,교차로 - 교차로부근,기타불명,기타불명,미분류,기타불명,승용,여,49세,경상
2021100100100507,2021년 10월 1일 18시,금요일,전라남도 무안군 몽탄면,경상사고,0,0,1,0,차대차 - 추돌,안전운전불이행,건조,기타,기타 - 기타,승용,남,34세,상해없음,승용,여,52세,경상
2021100100100508,2021년 10월 1일 18시,금요일,전라남도 광양시 광양읍,경상사고,0,0,3,0,차대차 - 추돌,기타,건조,맑음,기타 - 기타,승용,남,57세,상해없음,승용,남,34세,경상
2021100100100571,2021년 10월 1일 19시,금요일,전라남도 여수시 학동,경상사고,0,0,1,0,차대차 - 기타,교차로운행방법위반,건조,맑음,교차로 - 교차로안,이륜,남,47세,상해없음,이륜,남,57세,경상
2021100100100572,2021년 10월 1일 19시,금요일,전라남도 여수시 신기동,경상사고,0,0,2,0,차대차 - 측면충돌,안전운전불이행,건조,맑음,단일로 - 기타,승용,남,30세,상해없음,승용,남,25세,경상
2021100100100573,2021년 10월 1일 19시,금요일,전라남도 무안군 삼향읍,경상사고,0,0,1,0,차대차 - 측면충돌,안전운전불이행,건조,맑음,교차로 - 교차로안,승용,남,40세,상해없음,승용,여,23세,경상
2021100100100604,2021년 10월 1일 20시,금요일,전라남도 무안군 삼향읍,경상사고,0,0,1,0,차대차 - 추돌,안전운전불이행,건조,맑음,단일로 - 기타,승용,남,60세,상해없음,화물,남,34세,상해없음
2021100100100618,2021년 10월 1일 21시,금요일,전라남도 순천시 조례동,경상사고,0,0,1,0,차대사람 - 기타,안전운전불이행,건조,맑음,단일로 - 기타,이륜,남,16세,상해없음,보행자,남,26세,경상
2021100200100013,2021년 10월 2일 01시,토요일,전라남도 순천시 주암면,경상사고,0,0,3,0,차대차 - 정면충돌,중앙선침범,건조,맑음,단일로 - 기타,승용,남,75세,경상,승용,남,59세,경상
2021100200100018,2021년 10월 2일 02시,토요일,전라남도 여수시 선원동,경상사고,0,0,2,0,차대차 - 추돌,안전운전불이행,건조,맑음,단일로 - 기타,승용,남,25세,상해없음,승용,남,22세,경상
2021100200100024,2021년 10월 2일 04시,토요일,전라남도 순천시 석현동,경상사고,0,0,2,0,차대차 - 측면충돌,직진우회전진행방해,건조,맑음,교차로 - 교차로안,승용,여,59세,경상,승용,여,52세,경상
2021100200100033,2021년 10월 2일 05시,토요일,전라남도 나주시 동수동,경상사고,0,0,1,0,차대차 - 추돌,안전운전불이행,건조,맑음,단일로 - 기타,화물,남,66세,상해없음,승용,여,37세,경상
2021100200100052,2021년 10월 2일 07시,토요일,전라남도 광양시 광양읍,중상사고,0,1,0,0,차대차 - 측면충돌,신호위반,건조,맑음,교차로 - 교차로횡단보도내,승용,남,60세,상해없음,이륜,남,27세,중상
2021100200100071,2021년 10월 2일 08시,토요일,전라남도 무안군 해제면,경상사고,0,0,1,0,차대차 - 기타,안전운전불이행,건조,맑음,교차로 - 교차로안,승용,남,66세,상해없음,승용,여,55세,경상
2021100200100099,2021년 10월 2일 09시,토요일,전라남도 광양시 광양읍,경상사고,0,0,1,0,차대차 - 측면충돌,교차로운행방법위반,건조,맑음,교차로 - 교차로안,승용,남,52세,상해없음,이륜,남,83세,경상
2021100200100125,2021년 10월 2일 10시,토요일,전라남도 무안군 삼향읍,경상사고,0,0,1,0,차대차 - 기타,안전운전불이행,건조,맑음,교차로 - 교차로부근,승용,여,38세,상해없음,승용,남,44세,경상
2021100200100176,2021년 10월 2일 11시,토요일,전라남도 순천시 조례동,경상사고,0,0,1,0,차대차 - 기타,신호위반,건조,맑음,교차로 - 교차로안,승용,여,50세,상해없음,원동기,남,44세,경상
2021100200100177,2021년 10월 2일 11시,토요일,전라남도 장흥군 안양면,중상사고,0,1,1,0,차량단독 - 공작물충돌,안전운전불이행,건조,맑음,단일로 - 기타,승용,남,83세,경상,,,,
2021100200100225,2021년 10월 2일 12시,토요일,전라남도 여수시 소호동,중상사고,0,2,0,0,차대차 - 추돌,안전운전불이행,건조,맑음,교차로 - 교차로안,건설기계,남,60세,상해없음,승용,남,32세,중상
2021100200100226,2021년 10월 2일 12시,토요일,전라남도 나주시 산포면,경상사고,0,0,2,0,차대차 - 측면충돌,신호위반,건조,맑음,교차로 - 교차로안,이륜,남,24세,상해없음,승용,남,67세,경상
2021100200100268,2021년 10월 2일 13시,토요일,전라남도 순천시 남정동,경상사고,0,0,1,0,차대차 - 기타,안전운전불이행,건조,맑음,단일로 - 기타,승용,여,32세,상해없음,승용,남,40세,상해없음
2021100200100269,2021년 10월 2일 13시,토요일,전라남도 해남군 해남읍,중상사고,0,1,0,0,차대차 - 측면충돌,교차로운행방법위반,건조,맑음,교차로 - 교차로안,화물,남,62세,상해없음,승용,여,57세,중상
2021100200100270,2021년 10월 2일 13시,토요일,전라남도 담양군 용면,경상사고,0,0,1,0,차대차 - 기타,중앙선침범,건조,맑음,단일로 - 기타,승용,남,73세,상해없음,승용,남,61세,경상
2021100200100301,2021년 10월 2일 14시,토요일,전라남도 목포시 옥암동,경상사고,0,0,2,0,차대차 - 추돌,안전운전불이행,건조,맑음,단일로 - 기타,화물,여,69세,상해없음,승용,여,43세,경상
2021100200100335,2021년 10월 2일 15시,토요일,전라남도 나주시 금천면,경상사고,0,0,1,0,차대차 - 정면충돌,안전운전불이행,건조,맑음,기타 - 기타,승용,남,49세,상해없음,이륜,남,50세,경상
2021100200100336,2021년 10월 2일 15시,토요일,전라남도 보성군 벌교읍,사망사고,1,0,0,0,차량단독 - 기타,안전운전불이행,건조,맑음,단일로 - 기타,화물,남,55세,사망,,,,
2021100200100464,2021년 10월 2일 18시,토요일,전라남도 순천시 해룡면,부상신고사고,0,0,0,1,차대차 - 기타,안전운전불이행,건조,맑음,교차로 - 교차로안,승용,남,35세,상해없음,자전거,남,19세,부상신고
2021100200100465,2021년 10월 2일 18시,토요일,전라남도 보성군 벌교읍,부상신고사고,0,0,0,1,차량단독 - 전도전복 - 전복,안전운전불이행,건조,맑음,단일로 - 기타,승용,여,18세,부상신고,,,,
2021100200100520,2021년 10월 2일 19시,토요일,전라남도 목포시 옥암동,중상사고,0,1,1,0,차대차 - 기타,기타,건조,맑음,단일로 - 기타,승용,남,32세,중상,승용,여,41세,경상
2021100200100521,2021년 10월 2일 19시,토요일,전라남도 여수시 국동,경상사고,0,0,3,0,차대차 - 측면충돌,안전운전불이행,건조,맑음,단일로 - 기타,승용,남,47세,상해없음,승용,여,44세,경상
2021100200100522,2021년 10월 2일 19시,토요일,전라남도 영암군 신북면,중상사고,0,1,0,0,차대차 - 추돌,안전운전불이행,건조,맑음,단일로 - 기타,승용,여,37세,상해없음,자전거,남,57세,중상
2021100200100551,2021년 10월 2일 20시,토요일,전라남도 목포시 옥암동,경상사고,0,0,2,0,차대차 - 기타,교차로운행방법위반,건조,맑음,교차로 - 교차로안,승용,남,46세,상해없음,승용,남,32세,경상
2021100200100552,2021년 10월 2일 20시,토요일,전라남도 여수시 웅천동,경상사고,0,0,2,0,차대차 - 추돌,안전운전불이행,건조,맑음,단일로 - 기타,승용,남,70세,상해없음,승용,여,38세,경상
2021100200100599,2021년 10월 2일 22시,토요일,전라남도 목포시 용당동,경상사고,0,0,1,0,차대차 - 측면충돌,안전운전불이행,건조,맑음,단일로 - 기타,승용,남,51세,상해없음,승용,여,41세,경상
2021100200100600,2021년 10월 2일 22시,토요일,전라남도 보성군 벌교읍,경상사고,0,0,1,0,차대사람 - 횡단중,보행자보호의무위반,건조,맑음,교차로 - 교차로횡단보도내,승용,여,37세,상해없음,보행자,남,41세,경상
2021100200100601,2021년 10월 2일 22시,토요일,전라남도 광양시 중동,경상사고,0,0,1,0,차대차 - 측면충돌,직진우회전진행방해,건조,맑음,교차로 - 교차로안,승용,남,28세,상해없음,이륜,남,24세,경상