사고번호,사고일시,요일,시군구,사고내용,사망자수,중상자수,경상자수,부상신고자수,사고유형,법규위반,노면상태,기상상태,도로형태,가해운전자 차종,가해운전자 성별,가해운전자 연령,가해운전자 상해정도,피해운전자 차종,피해운전자 성별,피해운전자 연령,피해운전자 상해정도
2021100300100027,2021년 10월 3일 03시,일요일,전라남도 영암군 삼호읍,경상사고,0,0,1,0,차대차 - 추돌,안전운전불이행,젖음/습기,안개,교차로 - 교차로부근,승용,남,31세,기타불명,승용,남,29세,경상
2021100300100050,2021년 10월 3일 07시,일요일,전라남도 목포시 용당동,경상사고,0,0,1,0,차대차 - 기타,중앙선침범,건조,맑음,단일로 - 기타,승용,여,49세,상해없음,승용,남,69세,상해없음
2021100300100059,2021년 10월 3일 08시,일요일,전라남도 화순군 화순읍,경상사고,0,0,1,0,차량단독 - 기타,안전운전불이행,건조,맑음,단일로 - 기타,이륜,남,20세,경상,,,,
2021100300100074,2021년 10월 3일 09시,일요일,전라남도 목포시 산정동,경상사고,0,0,1,0,차대사람 - 기타,안전운전불이행,건조,맑음,단일로 - 기타,화물,남,58세,상해없음,보행자,남,39세,경상
2021100300100090,2021년 10월 3일 10시,일요일,전라남도 순천시 조례동,중상사고,0,1,0,0,차대차 - 측면충돌,중앙선침범,건조,맑음,단일로 - 기타,승용,남,40세,상해없음,이륜,남,30세,중상
2021100300100126,2021년 10월 3일 11시,일요일,전라남도 고흥군 도화면,중상사고,0,1,0,0,차대차 - 기타,안전운전불이행,건조,맑음,교차로 - 교차로안,사륜오토바이(ATV),여,71세,중상,승용,여,64세,상해없음
2021100300100127,2021년 10월 3일 11시,일요일,전라남도 화순군 화순읍,경상사고,0,0,2,0,차대차 - 후진중충돌,안전운전불이행,건조,맑음,주차장 - 주차장,승용,남,71세,상해없음,승용,남,26세,경상
2021100300100128,2021년 10월 3일 11시,일요일,전라남도 완도군 신지면,중상사고,0,2,0,0,차대차 - 기타,안전운전불이행,건조,맑음,교차로 - 교차로안,승용,남,61세,상해없음,이륜,남,53세,중상
2021100300100161,2021년 10월 3일 12시,일요일,전라남도 화순군 동면,경상사고,0,0,1,1,차대차 - 추돌,안전거리미확보,건조,맑음,단일로 - 기타,승용,남,53세,상해없음,승용,남,64세,경상
2021100300100162,2021년 10월 3일 12시,일요일,전라남도 화순군 화순읍,중상사고,0,1,0,0,차대차 - 측면충돌,안전운전불이행,건조,맑음,교차로 - 교차로부근,승용,여,43세,상해없음,이륜,남,80세,중상
2021100300100232,2021년 10월 3일 14시,일요일,전라남도 목포시 연산동,경상사고,0,0,1,0,차대차 - 기타,직진우회전진행방해,건조,맑음,교차로 - 교차로안,승용,남,64세,상해없음,이륜,남,54세,경상
2021100300100233,2021년 10월 3일 14시,일요일,전라남도 목포시 산정동,경상사고,0,0,1,0,차대차 - 측면충돌,교차로운행방법위반,건조,맑음,교차로 - 교차로안,승용,남,79세,상해없음,승용,남,52세,경상
2021100300100234,2021년 10월 3일 14시,일요일,전라남도 순천시 장천동,경상사고,0,0,1,0,차대차 - 측면충돌,안전운전불이행,건조,맑음,교차로 - 교차로부근,승용,남,71세,상해없음,승용,남,30세,경상
2021100300100302,2021년 10월 3일 16시,일요일,전라남도 순천시 연향동,경상사고,0,0,3,0,차대차 - 기타,신호위반,건조,맑음,교차로 - 교차로안,승용,남,73세,경상,승용,남,35세,경상
2021100300100333,2021년 10월 3일 17시,일요일,전라남도 무안군 삼향읍,경상사고,0,0,1,0,차대차 - 기타,신호위반,건조,맑음,교차로 - 교차로안,승용,여,28세,상해없음,승용,남,60세,경상
2021100300100373,2021년 10월 3일 18시,일요일,전라남도 화순군 화순읍,중상사고,0,1,0,0,차대사람 - 횡단중,보행자보호의무위반,건조,맑음,단일로 - 기타,이륜,남,22세,상해없음,보행자,여,82세,중상
2021100300100374,2021년 10월 3일 18시,일요일,전라남도 담양군 대전면,경상사고,0,0,2,0,차대차 - 추돌,안전거리미확보,건조,맑음,단일로 - 기타,승용,여,71세,경상,승용,남,34세,경상
2021100300100420,2021년 10월 3일 19시,일요일,전라남도 광양시 광양읍,경상사고,0,0,1,0,차대사람 - 기타,보행자보호의무위반,건조,기타,단일로 - 기타,자전거,남,20세,상해없음,보행자,여,71세,경상
2021100300100502,2021년 10월 3일 22시,일요일,전라남도 해남군 삼산면,경상사고,0,0,1,0,차량단독 - 공작물충돌,안전운전불이행,건조,맑음,단일로 - 기타,화물,여,47세,경상,,,,
2021100300100503,2021년 10월 3일 22시,일요일,전라남도 구례군 구례읍,경상사고,0,0,2,0,차대차 - 측면충돌,교차로운행방법위반,건조,기타,교차로 - 교차로안,화물,남,46세,상해없음,승용,남,65세,상해없음
2021100400100019,2021년 10월 4일 03시,월요일,전라남도 장흥군 장흥읍,중상사고,0,1,0,0,차량단독 - 공작물충돌,안전운전불이행,건조,맑음,교차로 - 교차로안,화물,남,16세,상해없음,,,,
2021100400100020,2021년 10월 4일 03시,월요일,전라남도 완도군 완도읍,경상사고,0,0,1,0,차대차 - 측면충돌,안전운전불이행,건조,맑음,단일로 - 기타,승용,여,44세,상해없음,승용,여,40세,경상
2021100400100039,2021년 10월 4일 06시,월요일,전라남도 무안군 무안읍,경상사고,0,0,1,0,차대차 - 측면충돌,안전운전불이행,건조,맑음,교차로 - 교차로안,승용,남,49세,경상,화물,남,78세,상해없음
2021100400100060,2021년 10월 4일 08시,월요일,전라남도 여수시 만흥동,경상사고,0,0,1,0,차대사람 - 기타,안전운전불이행,건조,맑음,단일로 - 기타,승용,여,55세,상해없음,보행자,여,84세,경상
2021100400100076,2021년 10월 4일 09시,월요일,전라남도 곡성군 옥과면,중상사고,0,2,1,0,차대차 - 기타,안전운전불이행,건조,맑음,교차로 - 교차로안,사륜오토바이(ATV),남,81세,경상,이륜,남,80세,중상
2021100400100103,2021년 10월 4일 10시,월요일,전라남도 나주시 봉황면,경상사고,0,0,1,0,차대사람 - 기타,안전운전불이행,건조,맑음,단일로 - 기타,화물,남,58세,상해없음,보행자,남,62세,경상
2021100400100104,2021년 10월 4일 10시,월요일,전라남도 화순군 화순읍,경상사고,0,0,1,0,차대차 - 측면충돌,안전운전불이행,건조,맑음,교차로 - 교차로안,화물,남,49세,상해없음,화물,여,42세,경상
2021100400100146,2021년 10월 4일 12시,월요일,전라남도 장흥군 장흥읍,경상사고,0,0,2,0,차대차 - 추돌,안전운전불이행,건조,맑음,단일로 - 기타,화물,남,58세,상해없음,승용,여,57세,경상
2021100400100189,2021년 10월 4일 13시,월요일,전라남도 목포시 산정동,중상사고,0,1,0,0,차대차 - 측면충돌,안전운전불이행,건조,맑음,단일로 - 기타,승용,여,62세,기타불명,이륜,남,18세,중상
2021100400100214,2021년 10월 4일 14시,월요일,전라남도 광양시 중동,경상사고,0,0,5,0,차대차 - 측면충돌,교차로운행방법위반,건조,맑음,교차로 - 교차로안,승용,여,47세,경상,승용,남,23세,경상
2021100400100237,2021년 10월 4일 15시,월요일,전라남도 여수시 신기동,경상사고,0,0,4,0,차대차 - 측면충돌,안전운전불이행,건조,맑음,교차로 - 교차로안,승용,남,21세,경상,승합,남,60세,경상
2021100400100238,2021년 10월 4일 15시,월요일,전라남도 여수시 학동,경상사고,0,0,1,0,차대차 - 측면충돌,안전운전불이행,건조,맑음,단일로 - 기타,승용,여,56세,상해없음,승용,여,33세,경상
2021100400100239,2021년 10월 4일 15시,월요일,전라남도 화순군 화순읍,경상사고,0,0,3,0,차대차 - 후진중충돌,안전운전불이행,건조,맑음,교차로 - 교차로안,승용,여,36세,상해없음,승용,여,42세,경상
2021100400100286,2021년 10월 4일 16시,월요일,전라남도 목포시 산정동,경상사고,0,0,3,0,차대차 - 측면충돌,신호위반,건조,흐림,교차로 - 교차로횡단보도내,화물,남,56세,상해없음,승용,남,44세,경상
2021100400100320,2021년 10월 4일 17시,월요일,전라남도 여수시 여천동,경상사고,0,0,3,0,차대차 - 추돌,신호위반,건조,맑음,교차로 - 교차로부근,승용,여,52세,상해없음,승용,여,55세,경상
2021100400100357,2021년 10월 4일 18시,월요일,전라남도 여수시 돌산읍,경상사고,0,0,1,0,차대차 - 추돌,안전운전불이행,건조,맑음,기타 - 기타,승용,남,68세,상해없음,승용,여,28세,경상
2021100400100358,2021년 10월 4일 18시,월요일,전라남도 해남군 마산면,경상사고,0,0,1,0,차량단독 - 도로외이탈 - 기타,안전운전불이행,건조,맑음,단일로 - 기타,승용,여,57세,경상,,,,
2021100400100359,2021년 10월 4일 18시,월요일,전라남도 보성군 보성읍,중상사고,0,1,0,0,차대차 - 추돌,안전운전불이행,건조,맑음,단일로 - 기타,승용,여,54세,상해없음,자전거,남,74세,중상
2021100400100392,2021년 10월 4일 19시,월요일,전라남도 목포시 용해동,중상사고,0,1,6,1,차대차 - 기타,신호위반,건조,맑음,교차로 - 교차로부근,승용,남,50세,기타불명,승용,남,27세,상해없음
2021100400100393,2021년 10월 4일 19시,월요일,전라남도 순천시 오천동,경상사고,0,0,1,0,차대차 - 기타,안전거리미확보,건조,맑음,단일로 - 기타,이륜,남,42세,상해없음,승용,여,36세,경상
2021100400100459,2021년 10월 4일 21시,월요일,전라남도 목포시 상동,경상사고,0,0,1,0,차대사람 - 기타,안전운전불이행,건조,맑음,기타 - 기타,승용,여,23세,상해없음,보행자,남,23세,경상
2021100400100460,2021년 10월 4일 21시,월요일,전라남도 순천시 조곡동,중상사고,0,1,0,0,차대차 - 측면충돌,안전운전불이행,건조,맑음,교차로 - 교차로부근,승용,남,64세,상해없음,이륜,남,26세,중상
2021100400100480,2021년 10월 4일 22시,월요일,전라남도 광양시 성황동,경상사고,0,0,2,0,차대차 - 추돌,안전운전불이행,건조,맑음,교차로 - 교차로부근,승용,남,43세,상해없음,승용,남,60세,경상
2021100500100045,2021년 10월 5일 07시,화요일,전라남도 장흥군 유치면,경상사고,0,0,2,0,차대차 - 측면충돌,신호위반,건조,맑음,교차로 - 교차로안,승용,남,52세,기타불명,화물,남,56세,경상
2021100500100046,2021년 10월 5일 07시,화요일,전라남도 영광군 대마면,중상사고,0,1,0,0,차량단독 - 전도전복 - 전도,안전운전불이행,건조,맑음,교차로 - 교차로안,이륜,남,81세,중상,,,,
2021100500100085,2021년 10월 5일 08시,화요일,전라남도 여수시 웅천동,중상사고,0,1,0,0,차대사람 - 기타,안전운전불이행,건조,맑음,단일로 - 기타,승합,남,66세,상해없음,보행자,여,16세,중상
2021100500100160,2021년 10월 5일 10시,화요일,전라남도 순천시 남정동,중상사고,0,1,2,0,차대차 - 기타,교차로운행방법위반,건조,맑음,교차로 - 교차로안,승용,여,62세,상해없음,화물,남,51세,경상
2021100500100161,2021년 10월 5일 10시,화요일,전라남도 강진군 강진읍,경상사고,0,0,1,0,차대차 - 기타,기타,건조,맑음,단일로 - 기타,승용,여,49세,상해없음,승용,남,59세,상해없음
2021100500100190,2021년 10월 5일 11시,화요일,전라남도 나주시 경현동,경상사고,0,0,3,0,차대차 - 추돌,안전운전불이행,건조,맑음,교차로 - 교차로부근,승용,여,52세,상해없음,승용,남,52세,경상
2021100500100191,2021년 10월 5일 11시,화요일,전라남도 강진군 성전면,경상사고,0,0,1,0,차대사람 - 기타,안전운전불이행,건조,맑음,단일로 - 기타,승용,남,84세,기타불명,보행자,여,72세,경상
2021100500100231,2021년 10월 5일 12시,화요일,전라남도 장흥군 대덕읍,경상사고,0,0,1,0,차대차 - 측면충돌,안전운전불이행,건조,맑음,교차로 - 교차로안,이륜,남,61세,경상,승용,여,52세,상해없음
2021100500100232,2021년 10월 5일 12시,화요일,전라남도 진도군 진도읍,중상사고,0,1,0,0,차대사람 - 횡단중,안전운전불이행,건조,맑음,교차로 - 교차로부근,승용,여,54세,상해없음,보행자,여,79세,중상
2021100500100275,2021년 10월 5일 13시,화요일,전라남도 목포시 산정동,경상사고,0,0,2,0,차대차 - 추돌,안전운전불이행,건조,맑음,단일로 - 지하차도(도로)내,특수,남,23세,경상,승용,남,45세,경상
2021100500100276,2021년 10월 5일 13시,화요일,전라남도 순천시 해룡면,경상사고,0,0,1,0,차대차 - 추돌,신호위반,건조,맑음,교차로 - 교차로안,승용,여,50세,상해없음,승용,남,41세,경상
2021100500100277,2021년 10월 5일 13시,화요일,전라남도 고흥군 도양읍,경상사고,0,0,1,0,차대차 - 기타,중앙선침범,건조,맑음,교차로 - 교차로부근,승용,남,72세,상해없음,승용,남,45세,경상
2021100500100317,2021년 10월 5일 14시,화요일,전라남도 신안군 암태면,중상사고,0,1,0,0,차대차 - 기타,안전운전불이행,건조,맑음,기타 - 기타,승용,남,50세,상해없음,화물,남,49세,중상
2021100500100356,2021년 10월 5일 15시,화요일,전라남도 여수시 교동,경상사고,0,0,1,0,차대차 - 측면충돌,신호위반,건조,맑음,교차로 - 교차로안,승용,남,61세,상해없음,승용,여,39세,경상
2021100500100357,2021년 10월 5일 15시,화요일,전라남도 장성군 삼계면,중상사고,0,1,0,1,차대차 - 정면충돌,안전운전불이행,건조,맑음,교차로 - 교차로안,승용,여,26세,부상신고,승용,남,26세,상해없음
2021100500100396,2021년 10월 5일 16시,화요일,전라남도 여수시 소라면,중상사고,0,1,0,0,차대차 - 측면충돌,안전운전불이행,건조,맑음,교차로 - 교차로안,승용,여,57세,상해없음,개인형이동수단(PM),남,14세,중상
2021100500100450,2021년 10월 5일 17시,화요일,전라남도 목포시 석현동,경상사고,0,0,1,0,차대차 - 측면충돌,안전운전불이행,건조,맑음,교차로 - 교차로안,승용,여,66세,상해없음,이륜,남,37세,경상
2021100500100451,2021년 10월 5일 17시,화요일,전라남도 여수시 선원동,중상사고,0,1,0,0,차대차 - 기타,차로위반,건조,맑음,기타 - 기타,승용,여,42세,상해없음,이륜,남,44세,중상
2021100500100452,2021년 10월 5일 17시,화요일,전라남도 여수시 문수동,경상사고,0,0,1,0,차대사람 - 길가장자리구역통행중,안전운전불이행,건조,맑음,단일로 - 기타,승용,여,38세,상해없음,보행자,여,44세,경상
2021100500100501,2021년 10월 5일 18시,화요일,전라남도 순천시 조곡동,경상사고,0,0,3,0,차대차 - 기타,교차로운행방법위반,건조,맑음,교차로 - 교차로안,승용,남,34세,상해없음,승용,남,26세,경상
2021100500100552,2021년 10월 5일 19시,화요일,전라남도 여수시 소라면,경상사고,0,0,2,0,차대차 - 측면충돌,안전운전불이행,건조,맑음,교차로 - 교차로부근,승용,남,58세,상해없음,승용,남,34세,경상
2021100500100553,2021년 10월 5일 19시,화요일,전라남도 해남군 해남읍,경상사고,0,0,2,0,차대차 - 기타,안전운전불이행,건조,맑음,기타 - 기타,승용,남,70세,기타불명,승용,남,47세,경상
2021100500100631,2021년 10월 5일 22시,화요일,전라남도 나주시 삼도동,중상사고,0,3,0,0,차대차 - 추돌,안전운전불이행,건조,맑음,단일로 - 교량,승용,남,30세,상해없음,이륜,남,25세,중상
2021100600100040,2021년 10월 6일 06시,수요일,전라남도 목포시 용해동,경상사고,0,0,1,0,차대차 - 기타,신호위반,건조,맑음,교차로 - 교차로안,승용,여,54세,상해없음,승용,남,56세,경상
2021100600100041,2021년 10월 6일 06시,수요일,전라남도 담양군 무정면,중상사고,0,1,0,0,차대사람 - 차도통행중,중앙선침범,건조,흐림,단일로 - 기타,화물,남,66세,상해없음,보행자,여,82세,중상
2021100600100042,2021년 10월 6일 06시,수요일,전라남도 광양시 금호동,경상사고,0,0,1,0,차대차 - 기타,안전거리미확보,건조,맑음,단일로 - 교량,특수,남,40세,상해없음,승용,여,53세,경상
2021100600100064,2021년 10월 6일 07시,수요일,전라남도 해남군 해남읍,중상사고,0,1,1,0,차대차 - 측면충돌,교차로운행방법위반,건조,맑음,교차로 - 교차로안,승용,남,44세,경상,화물,남,29세,중상
2021100600100065,2021년 10월 6일 07시,수요일,전라남도 담양군 용면,중상사고,0,1,0,0,차대차 - 추돌,안전운전불이행,건조,맑음,단일로 - 기타,화물,남,74세,중상,건설기계,남,41세,상해없음
2021100600100066,2021년 10월 6일 07시,수요일,전라남도 담양군 담양읍,경상사고,0,0,1,0,차대차 - 측면충돌,교차로운행방법위반,건조,맑음,교차로 - 교차로부근,화물,남,46세,상해없음,승용,여,55세,경상
2021100600100096,2021년 10월 6일 08시,수요일,전라남도 영광군 염산면,중상사고,0,1,0,0,차대차 - 측면충돌,기타,건조,맑음,교차로 - 교차로안,이륜,남,69세,중상,승용,여,36세,상해없음
2021100600100131,2021년 10월 6일 09시,수요일,전라남도 여수시 율촌면,경상사고,0,0,1,0,차대차 - 측면충돌,신호위반,건조,맑음,단일로 - 교량,화물,남,63세,상해없음,승용,여,51세,경상
2021100600100132,2021년 10월 6일 09시,수요일,전라남도 장흥군 장흥읍,경상사고,0,0,1,0,차대차 - 측면충돌,직진우회전진행방해,건조,맑음,교차로 - 교차로안,화물,남,51세,상해없음,승용,여,59세,경상
2021100600100160,2021년 10월 6일 10시,수요일,전라남도 함평군 함평읍,경상사고,0,0,1,0,차대차 - 측면충돌,교차로운행방법위반,건조,맑음,교차로 - 교차로안,이륜,남,81세,경상,승용,남,41세,상해없음
2021100600100195,2021년 10월 6일 11시,수요일,전라남도 해남군 북일면,사망사고,1,0,0,0,차량단독 - 공작물충돌,안전운전불이행,건조,맑음,기타 - 기타,화물,남,61세,사망,,,,
2021100600100196,2021년 10월 6일 11시,수요일,전라남도 화순군 화순읍,경상사고,0,0,2,0,차대차 - 측면충돌,안전운전불이행,건조,맑음,단일로 - 기타,승용,여,47세,상해없음,승용,남,48세,경상
2021100600100197,2021년 10월 6일 11시,수요일,전라남도 광양시 광양읍,경상사고,0,0,1,0,차대차 - 기타,교차로운행방법위반,건조,맑음,교차로 - 교차로안,승용,남,25세,상해없음,자전거,여,71세,경상
2021100600100261,2021년 10월 6일 13시,수요일,전라남도 목포시 석현동,경상사고,0,0,2,0,차대차 - 측면충돌,안전운전불이행,건조,맑음,단일로 - 기타,승용,남,19세,경상,화물,남,23세,경상
2021100600100262,2021년 10월 6일 13시,수요일,전라남도 고흥군 고흥읍,경상사고,0,0,2,0,차대차 - 측면충돌,직진우회전진행방해,건조,맑음,교차로 - 교차로안,승용,남,78세,상해없음,승용,남,52세,경상
2021100600100263,2021년 10월 6일 13시,수요일,전라남도 완도군 노화읍,중상사고,0,1,0,0,차대사람 - 기타,안전운전불이행,건조,맑음,단일로 - 기타,승용,남,54세,상해없음,보행자,남,73세,중상
2021100600100291,2021년 10월 6일 14시,수요일,전라남도 여수시 학동,경상사고,0,0,2,0,차대차 - 정면충돌,안전운전불이행,건조,맑음,단일로 - 기타,승용,여,29세,상해없음,승용,남,26세,경상
2021100600100329,2021년 10월 6일 15시,수요일,전라남도 목포시 산정동,경상사고,0,0,1,0,차대사람 - 횡단중,안전운전불이행,건조,맑음,교차로 - 교차로안,승용,남,44세,상해없음,보행자,여,70세,경상
2021100600100330,2021년 10월 6일 15시,수요일,전라남도 장성군 황룡면,경상사고,0,0,1,0,차대차 - 정면충돌,신호위반,건조,맑음,교차로 - 교차로안,화물,남,47세,기타불명,승용,남,41세,경상
2021100600100331,2021년 10월 6일 15시,수요일,전라남도 강진군 강진읍,경상사고,0,0,2,0,차대차 - 측면충돌,교차로운행방법위반,건조,맑음,교차로 - 교차로안,화물,남,75세,상해없음,승용,남,63세,경상
2021100600100376,2021년 10월 6일 16시,수요일,전라남도 보성군 미력면,중상사고,0,1,0,0,차대차 - 추돌,안전운전불이행,건조,맑음,단일로 - 기타,승용,여,37세,상해없음,이륜,남,57세,중상
2021100600100417,2021년 10월 6일 17시,수요일,전라남도 여수시 공화동,경상사고,0,0,3,0,차대차 - 측면충돌,안전운전불이행,건조,맑음,단일로 - 기타,승용,남,23세,상해없음,승용,남,52세,경상
2021100600100418,2021년 10월 6일 17시,수요일,전라남도 해남군 해남읍,중상사고,0,1,0,0,차량단독 - 기타,안전운전불이행,건조,맑음,단일로 - 기타,이륜,남,78세,중상,,,,
2021100600100463,2021년 10월 6일 18시,수요일,전라남도 여수시 소호동,중상사고,0,3,0,0,차대차 - 측면충돌,교차로운행방법위반,건조,맑음,교차로 - 교차로안,승용,여,53세,상해없음,이륜,남,23세,중상
2021100600100464,2021년 10월 6일 18시,수요일,전라남도 무안군 삼향읍,경상사고,0,0,1,0,차대차 - 추돌,안전운전불이행,건조,맑음,단일로 - 고가도로위,화물,남,67세,상해없음,승용,남,53세,경상
2021100600100465,2021년 10월 6일 18시,수요일,전라남도 구례군 구례읍,경상사고,0,0,1,0,차대차 - 기타,안전운전불이행,건조,맑음,교차로 - 교차로안,자전거,남,16세,경상,화물,남,63세,상해없음
2021100600100505,2021년 10월 6일 19시,수요일,전라남도 보성군 벌교읍,경상사고,0,0,1,0,차대차 - 추돌,안전운전불이행,건조,맑음,교차로 - 교차로안,승용,남,48세,경상,화물,남,59세,상해없음
2021100600100506,2021년 10월 6일 19시,수요일,전라남도 담양군 용면,경상사고,0,0,3,0,차대차 - 측면충돌,직진우회전진행방해,건조,맑음,교차로 - 교차로안,농기계,남,77세,경상,승용,남,50세,경상
2021100600100507,2021년 10월 6일 19시,수요일,전라남도 완도군 완도읍,중상사고,0,1,0,0,차대사람 - 기타,안전운전불이행,건조,맑음,단일로 - 기타,승용,여,30세,상해없음,보행자,여,59세,중상
2021100600100541,2021년 10월 6일 20시,수요일,전라남도 곡성군 옥과면,부상신고사고,0,0,0,1,차대차 - 정면충돌,안전운전불이행,건조,맑음,단일로 - 기타,승용,남,46세,부상신고,농기계,남,60세,상해없음
2021100600100559,2021년 10월 6일 21시,수요일,전라남도 목포시 수강동2가,경상사고,0,0,1,0,차대사람 - 기타,안전운전불이행,건조,맑음,단일로 - 기타,화물,여,54세,상해없음,보행자,남,44세,경상
2021100600100583,2021년 10월 6일 22시,수요일,전라남도 순천시 저전동,중상사고,0,1,0,0,차대차 - 기타,안전운전불이행,건조,맑음,단일로 - 기타,승용,남,56세,상해없음,승용,남,30세,기타불명
2021100600100584,2021년 10월 6일 22시,수요일,전라남도 구례군 용방면,중상사고,0,1,0,0,차량단독 - 공작물충돌,안전운전불이행,건조,맑음,교차로 - 교차로안,승용,남,73세,중상,,,,
2021100600100605,2021년 10월 6일 23시,수요일,전라남도 여수시 선원동,경상사고,0,0,2,1,차대차 - 추돌,안전운전불이행,건조,맑음,단일로 - 기타,승용,여,42세,상해없음,승용,여,34세,경상
2021100700100023,2021년 10월 7일 05시,목요일,전라남도 신안군 압해읍,경상사고,0,0,1,0,차대차 - 기타,안전운전불이행,건조,맑음,단일로 - 기타,승용,남,71세,상해없음,농기계,남,74세,경상
2021100700100036,2021년 10월 7일 06시,목요일,전라남도 화순군 화순읍,경상사고,0,0,1,0,차대차 - 측면충돌,안전운전불이행,건조,맑음,교차로 - 교차로안,화물,남,38세,상해없음,승용,남,77세,경상
2021100700100059,2021년 10월 7일 07시,목요일,전라남도 화순군 도곡면,경상사고,0,0,2,0,차대차 - 측면충돌,안전운전불이행,건조,맑음,교차로 - 교차로부근,화물,남,74세,경상,화물,남,59세,경상
2021100700100101,2021년 10월 7일 08시,목요일,전라남도 순천시 조례동,경상사고,0,0,1,0,차대차 - 측면충돌,안전운전불이행,건조,맑음,단일로 - 기타,화물,남,55세,상해없음,승용,남,55세,경상
2021100700100102,2021년 10월 7일 08시,목요일,전라남도 나주시 용산동,경상사고,0,0,2,0,차대차 - 정면충돌,직진우회전진행방해,건조,맑음,교차로 - 교차로부근,승용,남,54세,상해없음,승용,여,55세,경상
2021100700100103,2021년 10월 7일 08시,목요일,전라남도 영광군 영광읍,중상사고,0,1,0,0,차대사람 - 길가장자리구역통행중,안전운전불이행,건조,맑음,단일로 - 기타,승용,여,51세,상해없음,보행자,여,80세,중상
2021100700100104,2021년 10월 7일 08시,목요일,전라남도 강진군 군동면,경상사고,0,0,1,1,차대차 - 측면충돌,신호위반,건조,맑음,단일로 - 기타,승용,남,78세,부상신고,화물,남,51세,경상
2021100700100105,2021년 10월 7일 08시,목요일,전라남도 담양군 대전면,경상사고,0,0,4,0,차대차 - 추돌,안전거리미확보,건조,맑음,단일로 - 기타,승용,남,45세,상해없음,화물,남,30세,경상
2021100700100106,2021년 10월 7일 08시,목요일,전라남도 곡성군 옥과면,경상사고,0,0,2,0,차대차 - 측면충돌,안전운전불이행,건조,맑음,교차로 - 교차로안,승용,여,34세,경상,승용,남,31세,경상
2021100700100107,2021년 10월 7일 08시,목요일,전라남도 무안군 삼향읍,경상사고,0,0,1,0,차대차 - 측면충돌,신호위반,건조,맑음,교차로 - 교차로부근,승용,여,39세,상해없음,승용,여,39세,경상
2021100700100127,2021년 10월 7일 09시,목요일,전라남도 목포시 산정동,중상사고,0,1,0,0,차대사람 - 횡단중,안전운전불이행,건조,맑음,교차로 - 교차로안,승용,여,33세,상해없음,보행자,남,75세,중상
2021100700100128,2021년 10월 7일 09시,목요일,전라남도 무안군 무안읍,경상사고,0,0,1,0,차대차 - 후진중충돌,안전운전불이행,건조,맑음,단일로 - 기타,화물,남,24세,상해없음,승용,남,39세,경상
2021100700100154,2021년 10월 7일 10시,목요일,전라남도 영암군 영암읍,경상사고,0,0,1,0,차대차 - 측면충돌,안전운전불이행,건조,맑음,단일로 - 기타,승용,남,43세,상해없음,승용,남,61세,경상
2021100700100196,2021년 10월 7일 11시,목요일,전라남도 목포시 상동,경상사고,0,0,1,0,차대사람 - 보도통행중,보행자보호의무위반,건조,맑음,단일로 - 기타,승합,남,57세,상해없음,보행자,여,63세,경상
2021100700100197,2021년 10월 7일 11시,목요일,전라남도 여수시 웅천동,경상사고,0,0,2,0,차대차 - 측면충돌,중앙선침범,건조,맑음,단일로 - 기타,승용,남,26세,상해없음,승용,남,62세,경상
2021100700100328,2021년 10월 7일 15시,목요일,전라남도 순천시 생목동,중상사고,0,1,0,0,차대차 - 측면충돌,직진우회전진행방해,건조,맑음,교차로 - 교차로안,승용,여,36세,상해없음,원동기,남,17세,중상
2021100700100329,2021년 10월 7일 15시,목요일,전라남도 나주시 다도면,사망사고,1,0,0,0,차량단독 - 공작물충돌,안전운전불이행,건조,맑음,단일로 - 기타,화물,남,67세,사망,,,,
2021100700100365,2021년 10월 7일 16시,목요일,전라남도 여수시 봉산동,중상사고,0,1,0,0,차대차 - 측면충돌,안전운전불이행,건조,맑음,교차로 - 교차로부근,승용,여,54세,상해없음,자전거,남,71세,중상
2021100700100366,2021년 10월 7일 16시,목요일,전라남도 나주시 빛가람동,경상사고,0,0,2,0,차대차 - 측면충돌,신호위반,건조,맑음,교차로 - 교차로안,원동기,남,25세,경상,승용,여,56세,경상
2021100700100367,2021년 10월 7일 16시,목요일,전라남도 무안군 삼향읍,경상사고,0,0,1,0,차대차 - 추돌,안전운전불이행,건조,맑음,교차로 - 교차로부근,승용,남,42세,상해없음,이륜,남,40세,경상
2021100700100393,2021년 10월 7일 17시,목요일,전라남도 여수시 소라면,경상사고,0,0,2,0,차대차 - 측면충돌,기타,건조,맑음,교차로 - 교차로안,승용,남,37세,상해없음,승용,여,19세,경상
2021100700100394,2021년 10월 7일 17시,목요일,전라남도 나주시 남내동,경상사고,0,0,2,0,차대차 - 추돌,안전거리미확보,건조,맑음,단일로 - 기타,승용,남,62세,상해없음,승합,남,59세,경상
2021100700100443,2021년 10월 7일 18시,목요일,전라남도 영광군 불갑면,중상사고,0,1,0,0,차대차 - 추돌,안전운전불이행,건조,맑음,단일로 - 기타,승용,남,57세,상해없음,농기계,남,65세,중상
2021100700100502,2021년 10월 7일 19시,목요일,전라남도 순천시 풍덕동,경상사고,0,0,1,0,차대차 - 측면충돌,신호위반,건조,맑음,교차로 - 교차로안,승용,남,34세,상해없음,승용,남,54세,경상