사고번호,사고일시,요일,시군구,사고내용,사망자수,중상자수,경상자수,부상신고자수,사고유형,법규위반,노면상태,기상상태,도로형태,가해운전자 차종,가해운전자 성별,가해운전자 연령,가해운전자 상해정도,피해운전자 차종,피해운전자 성별,피해운전자 연령,피해운전자 상해정도
2021100700100503,2021년 10월 7일 19시,목요일,전라남도 해남군 산이면,경상사고,0,0,1,0,차대차 - 기타,안전거리미확보,건조,맑음,교차로 - 교차로안,승용,남,45세,상해없음,화물,남,43세,경상
2021100700100534,2021년 10월 7일 20시,목요일,전라남도 목포시 용해동,경상사고,0,0,1,0,차대차 - 기타,안전거리미확보,건조,맑음,단일로 - 기타,승용,남,53세,상해없음,이륜,남,18세,경상
2021100700100535,2021년 10월 7일 20시,목요일,전라남도 화순군 화순읍,경상사고,0,0,1,0,차대차 - 측면충돌,안전운전불이행,건조,맑음,단일로 - 기타,승용,남,54세,상해없음,승용,남,48세,경상
2021100800100012,2021년 10월 8일 01시,금요일,전라남도 여수시 웅천동,경상사고,0,0,2,0,차대차 - 측면충돌,차로위반,건조,맑음,단일로 - 기타,승용,남,22세,경상,승용,남,21세,상해없음
2021100800100028,2021년 10월 8일 05시,금요일,전라남도 곡성군 석곡면,사망사고,1,1,0,0,차대차 - 추돌,기타,건조,맑음,교차로 - 교차로부근,승용,남,54세,중상,농기계,남,74세,사망
2021100800100038,2021년 10월 8일 06시,금요일,전라남도 순천시 연향동,경상사고,0,0,2,0,차대차 - 측면충돌,안전거리미확보,젖음/습기,맑음,단일로 - 기타,승용,남,52세,경상,승용,남,25세,경상
2021100800100057,2021년 10월 8일 07시,금요일,전라남도 여수시 중앙동,중상사고,0,1,0,0,차대사람 - 길가장자리구역통행중,기타,건조,맑음,교차로 - 교차로안,승용,남,74세,상해없음,보행자,여,74세,중상
2021100800100058,2021년 10월 8일 07시,금요일,전라남도 여수시 둔덕동,경상사고,0,0,1,0,차대사람 - 횡단중,신호위반,건조,맑음,교차로 - 교차로부근,승용,남,37세,상해없음,보행자,여,16세,경상
2021100800100094,2021년 10월 8일 08시,금요일,전라남도 순천시 연향동,경상사고,0,0,2,0,차대차 - 기타,직진우회전진행방해,건조,맑음,교차로 - 교차로안,승용,여,54세,경상,승용,여,31세,경상
2021100800100095,2021년 10월 8일 08시,금요일,전라남도 광양시 중동,경상사고,0,0,1,0,차대차 - 측면충돌,신호위반,건조,맑음,교차로 - 교차로안,승용,여,41세,기타불명,승용,여,41세,경상
2021100800100157,2021년 10월 8일 10시,금요일,전라남도 순천시 가곡동,경상사고,0,0,2,0,차대차 - 측면충돌,안전운전불이행,건조,맑음,단일로 - 기타,승용,남,76세,상해없음,승용,여,30세,경상
2021100800100158,2021년 10월 8일 10시,금요일,전라남도 함평군 함평읍,사망사고,1,0,0,0,차대차 - 추돌,안전운전불이행,건조,맑음,단일로 - 기타,화물,남,50세,상해없음,농기계,남,83세,사망
2021100800100159,2021년 10월 8일 10시,금요일,전라남도 진도군 진도읍,경상사고,0,0,1,1,차대차 - 측면충돌,직진우회전진행방해,건조,맑음,교차로 - 교차로안,승합,남,64세,부상신고,승용,남,71세,경상
2021100800100187,2021년 10월 8일 11시,금요일,전라남도 목포시 산정동,경상사고,0,0,1,0,차대차 - 기타,신호위반,건조,맑음,기타 - 기타,승용,남,25세,상해없음,승용,남,37세,경상
2021100800100188,2021년 10월 8일 11시,금요일,전라남도 곡성군 석곡면,중상사고,0,1,2,0,차대차 - 추돌,안전운전불이행,건조,맑음,단일로 - 기타,승용,남,71세,경상,승용,여,68세,중상
2021100800100189,2021년 10월 8일 11시,금요일,전라남도 무안군 삼향읍,경상사고,0,0,1,0,차대차 - 측면충돌,안전운전불이행,건조,맑음,교차로 - 교차로안,승용,남,45세,상해없음,이륜,남,43세,경상
2021100800100227,2021년 10월 8일 12시,금요일,전라남도 목포시 산정동,경상사고,0,0,1,0,차대차 - 기타,안전운전불이행,건조,맑음,단일로 - 기타,화물,남,71세,상해없음,이륜,남,24세,경상
2021100800100228,2021년 10월 8일 12시,금요일,전라남도 여수시 학동,경상사고,0,0,1,0,차대사람 - 횡단중,신호위반,건조,맑음,단일로 - 기타,승용,여,69세,상해없음,보행자,여,64세,경상
2021100800100263,2021년 10월 8일 13시,금요일,전라남도 해남군 해남읍,경상사고,0,0,1,0,차대차 - 측면충돌,안전운전불이행,건조,맑음,단일로 - 기타,승용,남,75세,기타불명,화물,남,41세,경상
2021100800100312,2021년 10월 8일 14시,금요일,전라남도 함평군 나산면,경상사고,0,0,1,0,차대차 - 추돌,안전운전불이행,건조,맑음,단일로 - 기타,승용,남,57세,상해없음,화물,남,68세,경상
2021100800100348,2021년 10월 8일 15시,금요일,전라남도 목포시 용당동,경상사고,0,0,4,0,차대차 - 측면충돌,안전운전불이행,건조,맑음,교차로 - 교차로안,승용,여,39세,상해없음,승용,여,62세,경상
2021100800100381,2021년 10월 8일 16시,금요일,전라남도 화순군 화순읍,경상사고,0,0,1,0,차대차 - 측면충돌,중앙선침범,건조,맑음,단일로 - 기타,승용,남,55세,상해없음,이륜,남,39세,경상
2021100800100424,2021년 10월 8일 17시,금요일,전라남도 목포시 용해동,경상사고,0,0,1,0,차대차 - 측면충돌,교차로운행방법위반,건조,맑음,교차로 - 교차로안,승용,남,61세,상해없음,이륜,남,59세,경상
2021100800100425,2021년 10월 8일 17시,금요일,전라남도 여수시 신기동,경상사고,0,0,2,0,차대차 - 기타,안전운전불이행,건조,맑음,교차로 - 교차로안,승용,여,56세,기타불명,승용,남,65세,경상
2021100800100426,2021년 10월 8일 17시,금요일,전라남도 해남군 해남읍,경상사고,0,0,1,0,차대차 - 측면충돌,안전운전불이행,건조,맑음,교차로 - 교차로부근,화물,남,52세,기타불명,승용,남,35세,경상
2021100800100494,2021년 10월 8일 18시,금요일,전라남도 목포시 상동,경상사고,0,0,1,0,차대사람 - 기타,안전운전불이행,젖음/습기,맑음,단일로 - 기타,승용,남,44세,상해없음,보행자,남,47세,경상
2021100800100495,2021년 10월 8일 18시,금요일,전라남도 목포시 죽교동,경상사고,0,0,1,0,차대차 - 측면충돌,안전운전불이행,젖음/습기,흐림,단일로 - 기타,승용,남,41세,상해없음,승용,남,70세,경상
2021100800100496,2021년 10월 8일 18시,금요일,전라남도 진도군 진도읍,경상사고,0,0,1,0,차대차 - 측면충돌,신호위반,건조,맑음,교차로 - 교차로안,승용,남,21세,상해없음,승용,남,20세,상해없음
2021100800100497,2021년 10월 8일 18시,금요일,전라남도 광양시 마동,경상사고,0,0,2,0,차대차 - 추돌,안전운전불이행,건조,맑음,교차로 - 교차로부근,승용,남,38세,경상,승용,여,28세,경상
2021100800100569,2021년 10월 8일 19시,금요일,전라남도 여수시 신기동,경상사고,0,0,1,0,차대차 - 측면충돌,안전운전불이행,건조,맑음,교차로 - 교차로안,승용,남,60세,상해없음,이륜,남,47세,경상
2021100800100570,2021년 10월 8일 19시,금요일,전라남도 고흥군 과역면,사망사고,1,0,0,0,차대사람 - 기타,안전운전불이행,건조,맑음,단일로 - 기타,승용,남,59세,상해없음,보행자,여,82세,사망
2021100800100571,2021년 10월 8일 19시,금요일,전라남도 무안군 운남면,경상사고,0,0,1,0,차대차 - 기타,안전운전불이행,건조,맑음,교차로 - 교차로안,화물,남,39세,상해없음,승용,남,41세,경상
2021100800100616,2021년 10월 8일 20시,금요일,전라남도 목포시 연산동,사망사고,1,0,0,0,차대사람 - 횡단중,안전운전불이행,젖음/습기,흐림,단일로 - 기타,승용,남,41세,상해없음,보행자,남,55세,사망
2021100800100675,2021년 10월 8일 22시,금요일,전라남도 여수시 선원동,경상사고,0,0,2,0,차대차 - 측면충돌,차로위반,건조,맑음,단일로 - 기타,승용,남,22세,상해없음,화물,남,52세,경상
2021100800100676,2021년 10월 8일 22시,금요일,전라남도 순천시 덕암동,경상사고,0,0,1,0,차대차 - 기타,안전운전불이행,건조,맑음,교차로 - 교차로안,승용,남,24세,상해없음,승용,남,48세,경상
2021100800100677,2021년 10월 8일 22시,금요일,전라남도 순천시 조례동,경상사고,0,0,4,0,차대차 - 기타,안전운전불이행,건조,맑음,단일로 - 기타,승용,남,26세,경상,승용,남,31세,상해없음
2021100800100678,2021년 10월 8일 22시,금요일,전라남도 순천시 조례동,경상사고,0,0,1,0,차대차 - 기타,안전운전불이행,건조,맑음,교차로 - 교차로안,자전거,남,13세,경상,승용,남,39세,상해없음
2021100800100679,2021년 10월 8일 22시,금요일,전라남도 해남군 해남읍,경상사고,0,0,1,0,차대사람 - 횡단중,보행자보호의무위반,건조,맑음,교차로 - 교차로부근,승용,여,38세,기타불명,보행자,여,71세,경상
2021100900100036,2021년 10월 9일 06시,토요일,전라남도 나주시 남평읍,경상사고,0,0,1,0,차대차 - 추돌,안전운전불이행,건조,맑음,교차로 - 교차로부근,건설기계,남,59세,상해없음,승용,남,49세,경상
2021100900100120,2021년 10월 9일 11시,토요일,전라남도 여수시 신기동,경상사고,0,0,1,0,차대사람 - 차도통행중,안전운전불이행,건조,맑음,교차로 - 교차로안,승용,여,30세,상해없음,보행자,여,50세,경상
2021100900100121,2021년 10월 9일 11시,토요일,전라남도 해남군 산이면,중상사고,0,1,1,0,차대차 - 기타,안전운전불이행,건조,맑음,교차로 - 교차로안,승용,여,37세,경상,승용,여,40세,중상
2021100900100157,2021년 10월 9일 12시,토요일,전라남도 강진군 강진읍,중상사고,0,1,0,0,차대차 - 측면충돌,신호위반,건조,맑음,교차로 - 교차로안,원동기,남,77세,중상,승용,남,60세,상해없음
2021100900100158,2021년 10월 9일 12시,토요일,전라남도 구례군 마산면,경상사고,0,0,1,0,차대차 - 기타,교차로운행방법위반,건조,맑음,교차로 - 교차로안,승용,남,70세,상해없음,승합,남,45세,경상
2021100900100194,2021년 10월 9일 13시,토요일,전라남도 목포시 영해동1가,경상사고,0,0,3,0,차대차 - 기타,신호위반,건조,맑음,교차로 - 교차로안,승용,여,33세,상해없음,승용,남,48세,경상
2021100900100195,2021년 10월 9일 13시,토요일,전라남도 여수시 둔덕동,경상사고,0,0,2,0,차대차 - 추돌,안전운전불이행,건조,맑음,단일로 - 기타,승용,여,37세,상해없음,승용,남,33세,경상
2021100900100232,2021년 10월 9일 14시,토요일,전라남도 고흥군 점암면,중상사고,0,1,0,0,차대사람 - 기타,안전운전불이행,건조,맑음,교차로 - 교차로안,승용,남,47세,상해없음,보행자,여,79세,중상
2021100900100233,2021년 10월 9일 14시,토요일,전라남도 무안군 삼향읍,경상사고,0,0,1,0,차대차 - 측면충돌,안전운전불이행,건조,맑음,교차로 - 교차로안,승용,남,66세,상해없음,이륜,남,26세,경상
2021100900100297,2021년 10월 9일 16시,토요일,전라남도 담양군 담양읍,경상사고,0,0,2,0,차대차 - 정면충돌,직진우회전진행방해,건조,맑음,교차로 - 교차로안,승용,남,61세,상해없음,승용,남,27세,경상
2021100900100335,2021년 10월 9일 17시,토요일,전라남도 보성군 회천면,중상사고,0,1,0,0,차대차 - 측면충돌,기타,건조,맑음,교차로 - 교차로안,승용,남,54세,상해없음,이륜,남,85세,중상
2021100900100336,2021년 10월 9일 17시,토요일,전라남도 강진군 칠량면,사망사고,1,0,0,0,차량단독 - 공작물충돌,기타,건조,맑음,단일로 - 기타,이륜,남,49세,사망,,,,
2021100900100337,2021년 10월 9일 17시,토요일,전라남도 담양군 무정면,경상사고,0,0,1,0,차대사람 - 기타,안전운전불이행,건조,맑음,단일로 - 기타,승합,여,67세,상해없음,보행자,남,27세,경상
2021100900100392,2021년 10월 9일 18시,토요일,전라남도 목포시 상동,경상사고,0,0,1,0,차대차 - 기타,안전운전불이행,건조,맑음,교차로 - 교차로안,승용,남,26세,상해없음,이륜,남,38세,경상
2021100900100439,2021년 10월 9일 19시,토요일,전라남도 여수시 문수동,경상사고,0,0,2,0,차대차 - 측면충돌,안전운전불이행,건조,맑음,단일로 - 기타,승용,남,58세,상해없음,승용,남,31세,경상
2021100900100440,2021년 10월 9일 19시,토요일,전라남도 장성군 남면,사망사고,1,0,0,0,차대사람 - 횡단중,안전운전불이행,건조,맑음,교차로 - 교차로부근,승용,남,49세,상해없음,보행자,여,91세,사망
2021100900100485,2021년 10월 9일 20시,토요일,전라남도 여수시 신기동,중상사고,0,1,0,0,차량단독 - 기타,안전운전불이행,건조,맑음,단일로 - 기타,승용,남,47세,상해없음,,,,
2021100900100506,2021년 10월 9일 21시,토요일,전라남도 목포시 산정동,경상사고,0,0,3,0,차대차 - 측면충돌,안전운전불이행,건조,맑음,단일로 - 기타,승용,여,45세,상해없음,승용,여,34세,경상
2021100900100507,2021년 10월 9일 21시,토요일,전라남도 순천시 연향동,경상사고,0,0,1,0,차대사람 - 기타,안전운전불이행,건조,맑음,교차로 - 교차로부근,이륜,남,21세,상해없음,보행자,남,62세,경상
2021100900100544,2021년 10월 9일 22시,토요일,전라남도 목포시 상동,경상사고,0,0,1,0,차대사람 - 횡단중,신호위반,건조,기타,기타 - 기타,개인형이동수단(PM),남,29세,상해없음,보행자,여,63세,경상
2021100900100545,2021년 10월 9일 22시,토요일,전라남도 여수시 남면,중상사고,0,1,0,0,차량단독 - 전도전복 - 전복,안전운전불이행,건조,맑음,단일로 - 기타,승합,남,19세,상해없음,,,,
2021100900100546,2021년 10월 9일 22시,토요일,전라남도 영암군 삼호읍,경상사고,0,0,1,0,차대차 - 측면충돌,안전운전불이행,건조,맑음,단일로 - 기타,승용,남,42세,상해없음,승용,남,66세,상해없음
2021100900100574,2021년 10월 9일 23시,토요일,전라남도 여수시 학동,경상사고,0,0,2,0,차대차 - 측면충돌,신호위반,건조,맑음,교차로 - 교차로안,승용,여,47세,기타불명,이륜,남,29세,경상
2021101000100033,2021년 10월 10일 04시,일요일,전라남도 여수시 신기동,중상사고,0,1,0,0,차대차 - 기타,신호위반,건조,맑음,교차로 - 교차로안,승용,남,59세,상해없음,원동기,남,15세,중상
2021101000100041,2021년 10월 10일 06시,일요일,전라남도 목포시 대양동,중상사고,0,1,0,0,차대차 - 기타,안전운전불이행,건조,맑음,교차로 - 교차로안,승용,여,17세,상해없음,이륜,남,66세,중상
2021101000100048,2021년 10월 10일 07시,일요일,전라남도 목포시 연산동,경상사고,0,0,3,0,차대차 - 측면충돌,기타,건조,맑음,단일로 - 기타,승용,남,52세,경상,승용,남,70세,경상
2021101000100049,2021년 10월 10일 07시,일요일,전라남도 무안군 현경면,경상사고,0,0,1,0,차대차 - 측면충돌,안전운전불이행,건조,맑음,교차로 - 교차로안,승용,여,62세,상해없음,화물,남,49세,경상
2021101000100120,2021년 10월 10일 11시,일요일,전라남도 목포시 무안동,중상사고,0,1,0,0,차대사람 - 횡단중,안전운전불이행,건조,맑음,교차로 - 교차로부근,승합,여,59세,상해없음,보행자,여,79세,중상
2021101000100121,2021년 10월 10일 11시,일요일,전라남도 담양군 창평면,경상사고,0,0,5,0,차대차 - 추돌,안전운전불이행,건조,맑음,단일로 - 기타,승용,여,58세,상해없음,화물,남,65세,경상
2021101000100177,2021년 10월 10일 13시,일요일,전라남도 순천시 해룡면,중상사고,0,1,2,0,차대차 - 추돌,안전운전불이행,건조,맑음,기타 - 기타,화물,남,53세,중상,승용,남,59세,경상
2021101000100216,2021년 10월 10일 14시,일요일,전라남도 순천시 풍덕동,경상사고,0,0,1,0,차대차 - 추돌,안전운전불이행,건조,맑음,단일로 - 기타,승용,남,55세,상해없음,승용,남,33세,경상
2021101000100217,2021년 10월 10일 14시,일요일,전라남도 보성군 벌교읍,중상사고,0,1,0,0,차량단독 - 도로외이탈 - 기타,안전운전불이행,건조,맑음,기타 - 기타,이륜,남,81세,중상,,,,
2021101000100218,2021년 10월 10일 14시,일요일,전라남도 강진군 강진읍,경상사고,0,0,1,0,차대차 - 측면충돌,직진우회전진행방해,건조,맑음,교차로 - 교차로안,승용,남,27세,상해없음,이륜,남,86세,경상
2021101000100245,2021년 10월 10일 15시,일요일,전라남도 영암군 신북면,경상사고,0,0,1,0,차대차 - 측면충돌,안전운전불이행,건조,맑음,교차로 - 교차로안,승용,남,68세,상해없음,화물,남,42세,경상
2021101000100246,2021년 10월 10일 15시,일요일,전라남도 강진군 군동면,경상사고,0,0,2,0,차대차 - 측면충돌,안전운전불이행,젖음/습기,비,단일로 - 기타,승용,남,70세,경상,농기계,남,46세,기타불명
2021101000100325,2021년 10월 10일 17시,일요일,전라남도 목포시 산정동,경상사고,0,0,1,0,차대차 - 측면충돌,안전운전불이행,건조,맑음,교차로 - 교차로안,승용,여,59세,상해없음,승용,남,40세,경상
2021101000100366,2021년 10월 10일 18시,일요일,전라남도 여수시 소라면,경상사고,0,0,1,0,차대차 - 측면충돌,교차로운행방법위반,건조,맑음,교차로 - 교차로안,승용,남,36세,상해없음,이륜,남,51세,경상
2021101000100367,2021년 10월 10일 18시,일요일,전라남도 나주시 송월동,경상사고,0,0,3,0,차대차 - 측면충돌,안전운전불이행,건조,맑음,교차로 - 교차로안,승용,남,78세,경상,승용,남,47세,경상
2021101000100368,2021년 10월 10일 18시,일요일,전라남도 보성군 조성면,경상사고,0,0,3,0,차대차 - 추돌,안전운전불이행,젖음/습기,비,단일로 - 기타,승용,남,64세,상해없음,승용,여,52세,경상
2021101000100369,2021년 10월 10일 18시,일요일,전라남도 담양군 수북면,경상사고,0,0,1,0,차대차 - 측면충돌,중앙선침범,건조,흐림,교차로 - 교차로안,농기계,여,56세,경상,승용,여,57세,상해없음
2021101000100404,2021년 10월 10일 19시,일요일,전라남도 여수시 신기동,경상사고,0,0,3,0,차대차 - 측면충돌,교차로운행방법위반,건조,맑음,교차로 - 교차로안,승용,여,40세,상해없음,승용,남,70세,경상
2021101000100446,2021년 10월 10일 20시,일요일,전라남도 여수시 율촌면,부상신고사고,0,0,0,1,차대사람 - 횡단중,안전운전불이행,젖음/습기,흐림,단일로 - 기타,화물,남,51세,상해없음,보행자,남,55세,부상신고
2021101000100447,2021년 10월 10일 20시,일요일,전라남도 장흥군 용산면,경상사고,0,0,4,0,차대차 - 후진중충돌,안전운전불이행,건조,맑음,기타 - 기타,승용,남,79세,상해없음,승용,남,42세,경상
2021101000100448,2021년 10월 10일 20시,일요일,전라남도 광양시 황길동,중상사고,0,1,0,0,차대차 - 추돌,안전운전불이행,젖음/습기,비,기타 - 기타,승용,여,50세,상해없음,승용,남,48세,중상
2021101000100485,2021년 10월 10일 21시,일요일,전라남도 목포시 옥암동,경상사고,0,0,9,0,차대차 - 정면충돌,중앙선침범,건조,맑음,교차로 - 교차로안,승용,남,72세,상해없음,승용,남,35세,경상
2021101000100486,2021년 10월 10일 21시,일요일,전라남도 여수시 서교동,경상사고,0,0,4,0,차대차 - 측면충돌,안전운전불이행,건조,맑음,교차로 - 교차로안,화물,남,65세,상해없음,승용,남,44세,경상
2021101000100487,2021년 10월 10일 21시,일요일,전라남도 담양군 대전면,경상사고,0,0,1,0,차대차 - 추돌,안전운전불이행,젖음/습기,비,단일로 - 기타,이륜,남,17세,경상,승용,남,72세,상해없음
2021101000100488,2021년 10월 10일 21시,일요일,전라남도 진도군 진도읍,중상사고,0,1,0,0,차대차 - 측면충돌,직진우회전진행방해,건조,맑음,교차로 - 교차로안,승용,여,36세,상해없음,이륜,남,22세,중상
2021101000100520,2021년 10월 10일 22시,일요일,전라남도 여수시 주삼동,경상사고,0,0,1,0,차대사람 - 기타,안전운전불이행,건조,맑음,단일로 - 기타,승용,남,56세,상해없음,보행자,남,48세,경상
2021101100100031,2021년 10월 11일 05시,월요일,전라남도 목포시 상동,경상사고,0,0,1,0,차대차 - 기타,신호위반,건조,맑음,교차로 - 교차로안,승용,남,53세,상해없음,승용,남,19세,경상
2021101100100040,2021년 10월 11일 06시,월요일,전라남도 목포시 옥암동,경상사고,0,0,1,0,차대차 - 기타,안전운전불이행,건조,맑음,교차로 - 교차로안,화물,남,55세,상해없음,승용,남,28세,경상
2021101100100053,2021년 10월 11일 07시,월요일,전라남도 순천시 연향동,중상사고,0,1,0,0,차대차 - 측면충돌,신호위반,건조,맑음,교차로 - 교차로안,화물,남,53세,상해없음,원동기,여,70세,중상
2021101100100054,2021년 10월 11일 07시,월요일,전라남도 함평군 엄다면,사망사고,1,0,0,0,차량단독 - 도로외이탈 - 추락,안전운전불이행,젖음/습기,비,단일로 - 기타,이륜,여,72세,사망,,,,
2021101100100065,2021년 10월 11일 08시,월요일,전라남도 순천시 오천동,경상사고,0,0,1,0,차대차 - 측면충돌,직진우회전진행방해,건조,맑음,교차로 - 교차로안,화물,남,59세,상해없음,이륜,남,67세,경상
2021101100100077,2021년 10월 11일 09시,월요일,전라남도 장흥군 장흥읍,중상사고,0,1,0,0,차대사람 - 길가장자리구역통행중,안전운전불이행,건조,맑음,단일로 - 기타,승용,남,66세,상해없음,보행자,여,81세,중상
2021101100100104,2021년 10월 11일 10시,월요일,전라남도 목포시 상동,경상사고,0,0,3,0,차대차 - 측면충돌,안전운전불이행,건조,맑음,단일로 - 기타,승용,남,66세,경상,승용,남,64세,경상
2021101100100105,2021년 10월 11일 10시,월요일,전라남도 해남군 해남읍,경상사고,0,0,3,0,차대차 - 기타,안전운전불이행,건조,맑음,단일로 - 기타,화물,여,64세,상해없음,승용,여,45세,경상
2021101100100167,2021년 10월 11일 12시,월요일,전라남도 목포시 옥암동,경상사고,0,0,1,0,차대차 - 기타,신호위반,건조,맑음,교차로 - 교차로횡단보도내,승용,남,67세,상해없음,이륜,남,22세,경상
2021101100100168,2021년 10월 11일 12시,월요일,전라남도 여수시 웅천동,경상사고,0,0,4,0,차대차 - 측면충돌,신호위반,건조,맑음,교차로 - 교차로안,화물,남,39세,상해없음,승용,여,29세,경상
2021101100100199,2021년 10월 11일 13시,월요일,전라남도 여수시 학동,경상사고,0,0,1,0,차대차 - 측면충돌,교차로운행방법위반,건조,맑음,교차로 - 교차로안,승용,남,65세,상해없음,승용,여,33세,경상
2021101100100200,2021년 10월 11일 13시,월요일,전라남도 진도군 진도읍,경상사고,0,0,1,0,차대차 - 기타,기타,건조,맑음,단일로 - 기타,승용,여,56세,상해없음,승용,여,51세,경상
2021101100100224,2021년 10월 11일 14시,월요일,전라남도 순천시 조곡동,경상사고,0,0,2,0,차대차 - 측면충돌,직진우회전진행방해,건조,맑음,교차로 - 교차로안,승합,남,55세,상해없음,승용,남,63세,상해없음
2021101100100225,2021년 10월 11일 14시,월요일,전라남도 장흥군 장흥읍,경상사고,0,0,1,0,차대차 - 기타,직진우회전진행방해,건조,맑음,교차로 - 교차로안,승용,남,22세,상해없음,승용,여,63세,경상
2021101100100226,2021년 10월 11일 14시,월요일,전라남도 장성군 삼계면,중상사고,0,2,0,0,차대차 - 측면충돌,안전운전불이행,건조,맑음,교차로 - 교차로안,화물,남,62세,상해없음,화물,여,71세,중상
2021101100100269,2021년 10월 11일 15시,월요일,전라남도 나주시 세지면,경상사고,0,0,1,0,차대차 - 측면충돌,안전운전불이행,젖음/습기,비,교차로 - 교차로안,화물,남,71세,상해없음,승용,남,64세,경상
2021101100100270,2021년 10월 11일 15시,월요일,전라남도 고흥군 고흥읍,경상사고,0,0,2,0,차대차 - 기타,교차로운행방법위반,건조,맑음,교차로 - 교차로안,승용,남,75세,경상,승용,남,26세,경상
2021101100100298,2021년 10월 11일 16시,월요일,전라남도 여수시 율촌면,경상사고,0,0,1,0,차대차 - 추돌,안전운전불이행,젖음/습기,비,단일로 - 기타,화물,남,60세,상해없음,승용,남,61세,경상
2021101100100299,2021년 10월 11일 16시,월요일,전라남도 해남군 해남읍,경상사고,0,0,1,0,차대차 - 측면충돌,중앙선침범,건조,맑음,교차로 - 교차로부근,화물,남,77세,상해없음,이륜,남,70세,경상
2021101100100300,2021년 10월 11일 16시,월요일,전라남도 화순군 능주면,중상사고,0,5,5,0,차량단독 - 전도전복 - 전복,안전운전불이행,젖음/습기,비,단일로 - 기타,승합,남,49세,경상,,,,
2021101100100301,2021년 10월 11일 16시,월요일,전라남도 화순군 화순읍,중상사고,0,1,0,0,차대사람 - 횡단중,보행자보호의무위반,젖음/습기,비,교차로 - 교차로안,승용,남,25세,상해없음,보행자,남,47세,중상
2021101100100381,2021년 10월 11일 18시,월요일,전라남도 목포시 용해동,중상사고,0,1,0,0,차대차 - 기타,안전운전불이행,젖음/습기,비,단일로 - 기타,승용,여,45세,상해없음,이륜,남,20세,중상
2021101100100382,2021년 10월 11일 18시,월요일,전라남도 순천시 매곡동,경상사고,0,0,1,0,차대차 - 측면충돌,중앙선침범,젖음/습기,비,단일로 - 기타,승용,여,49세,상해없음,이륜,남,40세,경상
2021101100100383,2021년 10월 11일 18시,월요일,전라남도 나주시 빛가람동,중상사고,0,1,1,0,차대차 - 기타,신호위반,젖음/습기,비,교차로 - 교차로안,승용,남,49세,상해없음,승용,남,30세,중상
2021101100100384,2021년 10월 11일 18시,월요일,전라남도 장성군 동화면,경상사고,0,0,1,0,차대차 - 기타,안전운전불이행,젖음/습기,비,단일로 - 기타,승용,남,54세,상해없음,화물,남,41세,경상
2021101100100424,2021년 10월 11일 19시,월요일,전라남도 목포시 옥암동,중상사고,0,1,0,0,차대사람 - 기타,안전운전불이행,젖음/습기,흐림,교차로 - 교차로안,승용,남,36세,상해없음,보행자,남,55세,중상
2021101100100425,2021년 10월 11일 19시,월요일,전라남도 보성군 보성읍,경상사고,0,0,2,0,차대사람 - 길가장자리구역통행중,안전운전불이행,젖음/습기,비,단일로 - 기타,승용,남,65세,상해없음,보행자,남,18세,경상
2021101100100426,2021년 10월 11일 19시,월요일,전라남도 보성군 벌교읍,경상사고,0,0,1,0,차대차 - 추돌,안전운전불이행,젖음/습기,비,단일로 - 기타,승용,여,49세,상해없음,승용,여,57세,경상
2021101100100427,2021년 10월 11일 19시,월요일,전라남도 무안군 청계면,경상사고,0,0,1,0,차대차 - 기타,안전거리미확보,젖음/습기,비,단일로 - 기타,승용,여,59세,상해없음,승용,남,53세,기타불명
2021101100100428,2021년 10월 11일 19시,월요일,전라남도 무안군 삼향읍,경상사고,0,0,2,0,차대차 - 후진중충돌,안전운전불이행,건조,기타,기타 - 기타,승용,남,21세,상해없음,승용,여,48세,경상
2021101100100429,2021년 10월 11일 19시,월요일,전라남도 진도군 임회면,경상사고,0,0,1,0,차대사람 - 횡단중,신호위반,젖음/습기,흐림,교차로 - 교차로안,승용,남,59세,상해없음,보행자,남,36세,경상
2021101100100470,2021년 10월 11일 20시,월요일,전라남도 광양시 광양읍,부상신고사고,0,0,0,1,차대차 - 기타,안전운전불이행,젖음/습기,비,단일로 - 기타,승용,남,44세,부상신고,승용,남,51세,상해없음
2021101200100002,2021년 10월 12일 00시,화요일,전라남도 장성군 황룡면,중상사고,0,1,0,0,차대사람 - 기타,안전운전불이행,젖음/습기,비,단일로 - 기타,승용,남,51세,상해없음,보행자,남,56세,중상
2021101200100034,2021년 10월 12일 06시,화요일,전라남도 고흥군 포두면,경상사고,0,0,2,0,차대차 - 추돌,안전운전불이행,건조,맑음,단일로 - 기타,승용,남,25세,상해없음,화물,남,64세,경상
2021101200100059,2021년 10월 12일 07시,화요일,전라남도 무안군 삼향읍,중상사고,0,1,0,0,차대차 - 정면충돌,안전운전불이행,건조,맑음,기타 - 기타,자전거,남,62세,상해없음,자전거,여,56세,중상
2021101200100095,2021년 10월 12일 08시,화요일,전라남도 여수시 학동,경상사고,0,0,1,0,차대차 - 측면충돌,안전운전불이행,건조,맑음,교차로 - 교차로안,화물,남,47세,상해없음,승용,여,35세,경상