사고번호,사고일시,요일,시군구,사고내용,사망자수,중상자수,경상자수,부상신고자수,사고유형,법규위반,노면상태,기상상태,도로형태,가해운전자 차종,가해운전자 성별,가해운전자 연령,가해운전자 상해정도,피해운전자 차종,피해운전자 성별,피해운전자 연령,피해운전자 상해정도
2021101600100089,2021년 10월 16일 08시,토요일,전라남도 장성군 황룡면,경상사고,0,0,1,0,차대차 - 정면충돌,신호위반,건조,맑음,교차로 - 교차로안,승용,남,60세,상해없음,승용,남,27세,경상
2021101600100116,2021년 10월 16일 09시,토요일,전라남도 목포시 행복동1가,중상사고,0,1,0,0,차대사람 - 기타,안전운전불이행,젖음/습기,흐림,교차로 - 교차로부근,승용,남,63세,상해없음,보행자,여,67세,중상
2021101600100117,2021년 10월 16일 09시,토요일,전라남도 순천시 해룡면,경상사고,0,0,1,0,차대차 - 기타,직진우회전진행방해,젖음/습기,흐림,교차로 - 교차로안,승용,남,57세,상해없음,승용,남,18세,상해없음
2021101600100166,2021년 10월 16일 11시,토요일,전라남도 완도군 완도읍,경상사고,0,0,1,0,차대사람 - 보도통행중,보행자보호의무위반,젖음/습기,비,단일로 - 기타,화물,남,76세,상해없음,보행자,남,70세,경상
2021101600100199,2021년 10월 16일 12시,토요일,전라남도 여수시 화장동,경상사고,0,0,3,0,차대차 - 측면충돌,교차로운행방법위반,건조,맑음,교차로 - 교차로안,화물,남,76세,상해없음,승용,남,62세,경상
2021101600100200,2021년 10월 16일 12시,토요일,전라남도 담양군 고서면,경상사고,0,0,1,0,차대차 - 측면충돌,안전거리미확보,건조,맑음,단일로 - 기타,승용,여,66세,상해없음,승용,여,37세,경상
2021101600100201,2021년 10월 16일 12시,토요일,전라남도 구례군 구례읍,경상사고,0,0,2,0,차대차 - 기타,직진우회전진행방해,건조,맑음,교차로 - 교차로부근,승용,여,71세,경상,승용,남,36세,경상
2021101600100283,2021년 10월 16일 14시,토요일,전라남도 강진군 신전면,중상사고,0,1,0,0,차대차 - 측면충돌,안전운전불이행,건조,맑음,단일로 - 기타,화물,남,68세,상해없음,승용,남,78세,중상
2021101600100338,2021년 10월 16일 16시,토요일,전라남도 해남군 북평면,경상사고,0,0,3,0,차대차 - 측면충돌,중앙선침범,건조,맑음,단일로 - 기타,화물,남,58세,경상,승용,남,49세,경상
2021101600100339,2021년 10월 16일 16시,토요일,전라남도 영암군 삼호읍,경상사고,0,0,1,0,차대차 - 추돌,중앙선침범,건조,맑음,기타 - 기타,승용,남,49세,상해없음,화물,남,57세,경상
2021101600100402,2021년 10월 16일 18시,토요일,전라남도 목포시 산정동,경상사고,0,0,1,0,차대차 - 기타,안전운전불이행,건조,맑음,교차로 - 교차로안,승용,남,73세,기타불명,이륜,남,21세,경상
2021101600100403,2021년 10월 16일 18시,토요일,전라남도 담양군 창평면,중상사고,0,1,0,0,차량단독 - 공작물충돌,안전운전불이행,건조,맑음,단일로 - 기타,화물,남,52세,중상,,,,
2021101600100443,2021년 10월 16일 19시,토요일,전라남도 여수시 문수동,경상사고,0,0,1,0,차대차 - 추돌,안전운전불이행,건조,맑음,단일로 - 기타,승용,남,40세,상해없음,승용,여,48세,경상
2021101600100444,2021년 10월 16일 19시,토요일,전라남도 해남군 송지면,중상사고,0,1,0,0,차량단독 - 도로외이탈 - 추락,안전운전불이행,건조,맑음,단일로 - 기타,화물,남,66세,중상,,,,
2021101600100512,2021년 10월 16일 22시,토요일,전라남도 여수시 신월동,경상사고,0,0,1,0,차대차 - 기타,안전운전불이행,건조,맑음,교차로 - 교차로안,승용,남,45세,기타불명,승용,남,62세,상해없음
2021101600100513,2021년 10월 16일 22시,토요일,전라남도 순천시 연향동,경상사고,0,0,1,0,차대차 - 기타,안전운전불이행,건조,기타,교차로 - 교차로안,이륜,남,30세,경상,승용,남,47세,상해없음
2021101700100032,2021년 10월 17일 05시,일요일,전라남도 목포시 옥암동,경상사고,0,0,3,0,차대차 - 기타,신호위반,건조,맑음,교차로 - 교차로안,승용,남,55세,상해없음,승용,남,58세,경상
2021101700100048,2021년 10월 17일 07시,일요일,전라남도 목포시 상동,경상사고,0,0,2,0,차대차 - 측면충돌,기타,건조,맑음,교차로 - 교차로안,승용,남,55세,경상,승용,여,52세,경상
2021101700100068,2021년 10월 17일 09시,일요일,전라남도 함평군 나산면,중상사고,0,1,0,1,차량단독 - 공작물충돌,안전운전불이행,건조,맑음,단일로 - 기타,화물,남,79세,부상신고,,,,
2021101700100110,2021년 10월 17일 11시,일요일,전라남도 목포시 상동,경상사고,0,0,5,0,차대차 - 추돌,교차로운행방법위반,건조,맑음,교차로 - 교차로안,이륜,남,23세,경상,승용,남,43세,경상
2021101700100112,2021년 10월 17일 11시,일요일,전라남도 곡성군 석곡면,중상사고,0,1,0,0,차대차 - 후진중충돌,안전운전불이행,건조,맑음,교차로 - 교차로안,승용,남,77세,상해없음,승용,여,30세,중상
2021101700100136,2021년 10월 17일 12시,일요일,전라남도 여수시 소라면,경상사고,0,0,1,0,차대차 - 측면충돌,안전운전불이행,건조,맑음,교차로 - 교차로안,승용,남,60세,상해없음,승용,여,33세,경상
2021101700100218,2021년 10월 17일 15시,일요일,전라남도 목포시 대성동,중상사고,0,1,1,0,차대차 - 측면충돌,직진우회전진행방해,건조,맑음,교차로 - 교차로안,승합,남,52세,경상,이륜,남,51세,중상
2021101700100250,2021년 10월 17일 16시,일요일,전라남도 담양군 고서면,중상사고,0,1,0,0,차대사람 - 횡단중,안전운전불이행,건조,맑음,단일로 - 기타,승용,남,68세,상해없음,보행자,여,43세,중상
2021101700100284,2021년 10월 17일 17시,일요일,전라남도 영암군 삼호읍,경상사고,0,0,2,0,차대차 - 측면충돌,안전운전불이행,건조,맑음,교차로 - 교차로안,승용,남,60세,경상,승용,여,52세,경상
2021101700100325,2021년 10월 17일 18시,일요일,전라남도 목포시 용해동,경상사고,0,0,4,0,차대차 - 측면충돌,안전운전불이행,건조,맑음,단일로 - 기타,승용,여,63세,상해없음,승용,남,18세,경상
2021101700100326,2021년 10월 17일 18시,일요일,전라남도 신안군 지도읍,경상사고,0,0,1,0,차대차 - 추돌,안전운전불이행,건조,맑음,단일로 - 기타,승용,여,29세,상해없음,승용,여,52세,경상
2021101700100327,2021년 10월 17일 18시,일요일,전라남도 무안군 청계면,경상사고,0,0,1,0,차대차 - 추돌,안전운전불이행,건조,기타,기타 - 기타,승용,여,63세,상해없음,농기계,남,66세,경상
2021101700100328,2021년 10월 17일 18시,일요일,전라남도 광양시 광영동,경상사고,0,0,1,0,차대차 - 정면충돌,중앙선침범,건조,맑음,교차로 - 교차로부근,화물,남,63세,상해없음,승용,남,59세,경상
2021101700100358,2021년 10월 17일 19시,일요일,전라남도 순천시 풍덕동,경상사고,0,0,1,0,차대차 - 기타,안전운전불이행,건조,맑음,교차로 - 교차로안,승용,남,49세,상해없음,승용,여,47세,경상
2021101700100359,2021년 10월 17일 19시,일요일,전라남도 담양군 담양읍,경상사고,0,0,1,0,차대차 - 기타,직진우회전진행방해,건조,맑음,교차로 - 교차로안,승용,여,53세,상해없음,승용,여,45세,경상
2021101700100435,2021년 10월 17일 22시,일요일,전라남도 여수시 신기동,경상사고,0,0,1,0,차대차 - 측면충돌,안전운전불이행,건조,맑음,단일로 - 기타,승합,남,50세,기타불명,승용,남,25세,경상
2021101800100066,2021년 10월 18일 07시,월요일,전라남도 해남군 산이면,중상사고,0,1,0,0,차대차 - 기타,안전운전불이행,건조,맑음,교차로 - 교차로안,화물,남,49세,상해없음,사륜오토바이(ATV),여,75세,중상
2021101800100067,2021년 10월 18일 07시,월요일,전라남도 광양시 중동,경상사고,0,0,1,0,차대차 - 추돌,안전운전불이행,건조,맑음,교차로 - 교차로부근,승용,남,47세,상해없음,승용,남,23세,경상
2021101800100116,2021년 10월 18일 08시,월요일,전라남도 목포시 산정동,경상사고,0,0,1,0,차대사람 - 차도통행중,안전운전불이행,건조,맑음,교차로 - 교차로안,승용,남,45세,상해없음,보행자,여,66세,경상
2021101800100117,2021년 10월 18일 08시,월요일,전라남도 신안군 비금면,경상사고,0,0,1,0,차대차 - 측면충돌,안전운전불이행,건조,맑음,교차로 - 교차로부근,원동기,남,76세,경상,화물,남,74세,상해없음
2021101800100118,2021년 10월 18일 08시,월요일,전라남도 신안군 압해읍,경상사고,0,0,3,0,차대차 - 정면충돌,안전운전불이행,건조,맑음,단일로 - 기타,승용,여,62세,경상,승용,여,36세,경상
2021101800100119,2021년 10월 18일 08시,월요일,전라남도 여수시 율촌면,중상사고,0,1,3,0,차대차 - 추돌,안전거리미확보,건조,맑음,단일로 - 기타,승용,남,40세,상해없음,승용,여,51세,경상
2021101800100120,2021년 10월 18일 08시,월요일,전라남도 나주시 빛가람동,경상사고,0,0,3,0,차대차 - 추돌,안전운전불이행,건조,맑음,단일로 - 지하차도(도로)내,화물,여,65세,상해없음,승용,남,22세,경상
2021101800100122,2021년 10월 18일 08시,월요일,전라남도 곡성군 고달면,중상사고,0,1,3,1,차대차 - 측면충돌,직진우회전진행방해,건조,맑음,교차로 - 교차로안,승용,여,59세,부상신고,승용,여,24세,경상
2021101800100164,2021년 10월 18일 09시,월요일,전라남도 목포시 옥암동,경상사고,0,0,1,0,차대차 - 추돌,안전운전불이행,건조,맑음,교차로 - 교차로부근,승용,남,64세,상해없음,승용,남,32세,경상
2021101800100165,2021년 10월 18일 09시,월요일,전라남도 목포시 용당동,경상사고,0,0,1,0,차대차 - 측면충돌,안전운전불이행,건조,맑음,단일로 - 기타,승용,남,66세,상해없음,승용,남,38세,경상
2021101800100166,2021년 10월 18일 09시,월요일,전라남도 순천시 서면,경상사고,0,0,1,0,차대차 - 측면충돌,안전운전불이행,건조,맑음,교차로 - 교차로안,승용,여,57세,상해없음,건설기계,남,67세,상해없음
2021101800100167,2021년 10월 18일 09시,월요일,전라남도 완도군 완도읍,경상사고,0,0,1,0,차대차 - 추돌,안전운전불이행,건조,맑음,단일로 - 기타,승용,여,37세,상해없음,농기계,남,84세,경상
2021101800100202,2021년 10월 18일 10시,월요일,전라남도 여수시 봉산동,경상사고,0,0,1,0,차대차 - 측면충돌,안전운전불이행,건조,맑음,단일로 - 기타,이륜,남,45세,경상,승용,남,66세,상해없음
2021101800100235,2021년 10월 18일 11시,월요일,전라남도 여수시 여서동,경상사고,0,0,4,0,차대차 - 측면충돌,안전운전불이행,건조,맑음,단일로 - 기타,화물,남,45세,상해없음,승용,남,77세,경상
2021101800100305,2021년 10월 18일 13시,월요일,전라남도 목포시 산정동,중상사고,0,1,0,0,차대차 - 기타,교차로운행방법위반,건조,맑음,교차로 - 교차로안,화물,남,46세,상해없음,자전거,여,60세,중상
2021101800100306,2021년 10월 18일 13시,월요일,전라남도 무안군 해제면,경상사고,0,0,1,0,차대차 - 후진중충돌,안전운전불이행,건조,맑음,교차로 - 교차로부근,화물,남,74세,상해없음,승용,남,77세,경상
2021101800100345,2021년 10월 18일 14시,월요일,전라남도 목포시 석현동,경상사고,0,0,1,0,차대차 - 측면충돌,안전운전불이행,건조,맑음,교차로 - 교차로안,승용,남,33세,경상,건설기계,남,62세,상해없음
2021101800100346,2021년 10월 18일 14시,월요일,전라남도 장성군 장성읍,경상사고,0,0,1,0,차대차 - 측면충돌,안전운전불이행,건조,맑음,교차로 - 교차로안,승용,여,50세,상해없음,승용,남,61세,경상
2021101800100347,2021년 10월 18일 14시,월요일,전라남도 완도군 완도읍,경상사고,0,0,1,0,차대차 - 측면충돌,안전운전불이행,건조,맑음,교차로 - 교차로안,승용,여,26세,상해없음,승용,여,46세,경상
2021101800100384,2021년 10월 18일 15시,월요일,전라남도 목포시 상동,중상사고,0,1,0,0,차대차 - 기타,안전운전불이행,건조,맑음,교차로 - 교차로안,자전거,남,9세,중상,승용,여,39세,상해없음
2021101800100385,2021년 10월 18일 15시,월요일,전라남도 영암군 금정면,경상사고,0,0,2,0,차대차 - 측면충돌,중앙선침범,건조,맑음,단일로 - 기타,승용,남,19세,상해없음,승용,여,64세,경상
2021101800100415,2021년 10월 18일 16시,월요일,전라남도 나주시 영산동,경상사고,0,0,1,0,차대사람 - 기타,안전운전불이행,건조,맑음,교차로 - 교차로부근,화물,남,62세,상해없음,보행자,여,66세,경상
2021101800100416,2021년 10월 18일 16시,월요일,전라남도 나주시 빛가람동,경상사고,0,0,1,0,차대차 - 측면충돌,신호위반,건조,맑음,교차로 - 교차로안,승용,여,43세,상해없음,승용,남,25세,경상
2021101800100461,2021년 10월 18일 17시,월요일,전라남도 장흥군 회진면,경상사고,0,0,3,0,차대차 - 추돌,중앙선침범,건조,맑음,교차로 - 교차로안,화물,여,56세,경상,화물,남,36세,상해없음
2021101800100524,2021년 10월 18일 18시,월요일,전라남도 고흥군 동강면,경상사고,0,0,1,3,차대차 - 추돌,안전운전불이행,건조,맑음,단일로 - 기타,승용,여,45세,경상,승용,남,70세,부상신고
2021101800100525,2021년 10월 18일 18시,월요일,전라남도 영암군 삼호읍,경상사고,0,0,3,0,차대차 - 추돌,안전운전불이행,건조,맑음,단일로 - 기타,승용,남,41세,경상,승용,남,54세,경상
2021101800100526,2021년 10월 18일 18시,월요일,전라남도 영암군 삼호읍,경상사고,0,0,1,0,차대차 - 추돌,안전운전불이행,건조,맑음,단일로 - 기타,화물,남,48세,상해없음,승용,남,41세,경상
2021101800100527,2021년 10월 18일 18시,월요일,전라남도 진도군 진도읍,경상사고,0,0,1,0,차대차 - 기타,안전거리미확보,건조,맑음,단일로 - 기타,승용,남,55세,상해없음,이륜,남,20세,경상
2021101800100645,2021년 10월 18일 21시,월요일,전라남도 순천시 조례동,중상사고,0,2,0,0,차대차 - 기타,안전운전불이행,건조,맑음,교차로 - 교차로안,승용,남,64세,상해없음,이륜,남,27세,중상
2021101900100031,2021년 10월 19일 05시,화요일,전라남도 여수시 율촌면,경상사고,0,0,1,0,차대차 - 측면충돌,안전운전불이행,건조,맑음,단일로 - 기타,화물,남,46세,상해없음,승용,남,56세,상해없음
2021101900100040,2021년 10월 19일 06시,화요일,전라남도 목포시 산정동,중상사고,0,1,0,0,차대차 - 기타,신호위반,젖음/습기,비,교차로 - 교차로안,승용,남,68세,상해없음,이륜,남,60세,중상
2021101900100041,2021년 10월 19일 06시,화요일,전라남도 나주시 봉황면,경상사고,0,0,1,0,차대차 - 측면충돌,신호위반,건조,맑음,교차로 - 교차로안,승용,남,62세,상해없음,승용,여,28세,경상
2021101900100078,2021년 10월 19일 08시,화요일,전라남도 순천시 오천동,경상사고,0,0,3,0,차대차 - 추돌,안전거리미확보,건조,맑음,단일로 - 기타,승용,남,26세,경상,승용,남,53세,경상
2021101900100110,2021년 10월 19일 09시,화요일,전라남도 고흥군 동강면,중상사고,0,1,0,0,차대사람 - 기타,안전운전불이행,건조,맑음,단일로 - 기타,화물,남,53세,상해없음,보행자,남,50세,중상
2021101900100138,2021년 10월 19일 10시,화요일,전라남도 나주시 왕곡면,중상사고,0,2,1,0,차대차 - 측면충돌,안전거리미확보,건조,맑음,단일로 - 기타,농기계,남,66세,상해없음,승합,여,50세,중상
2021101900100139,2021년 10월 19일 10시,화요일,전라남도 보성군 벌교읍,중상사고,0,1,0,0,차대사람 - 기타,안전운전불이행,건조,맑음,단일로 - 기타,화물,남,40세,상해없음,보행자,남,66세,중상
2021101900100188,2021년 10월 19일 12시,화요일,전라남도 여수시 국동,경상사고,0,0,1,0,차대차 - 추돌,안전운전불이행,건조,맑음,교차로 - 교차로안,화물,남,29세,상해없음,자전거,남,75세,경상
2021101900100189,2021년 10월 19일 12시,화요일,전라남도 순천시 장천동,중상사고,0,1,0,0,차대차 - 측면충돌,신호위반,건조,맑음,단일로 - 기타,화물,남,34세,상해없음,이륜,남,43세,중상
2021101900100224,2021년 10월 19일 13시,화요일,전라남도 여수시 공화동,경상사고,0,0,1,0,차대사람 - 기타,안전운전불이행,건조,맑음,단일로 - 기타,화물,남,44세,상해없음,보행자,남,60세,경상
2021101900100225,2021년 10월 19일 13시,화요일,전라남도 순천시 주암면,중상사고,0,1,0,0,차량단독 - 기타,안전운전불이행,건조,맑음,단일로 - 기타,원동기,남,55세,중상,,,,
2021101900100258,2021년 10월 19일 14시,화요일,전라남도 여수시 공화동,경상사고,0,0,1,0,차대사람 - 횡단중,보행자보호의무위반,건조,맑음,단일로 - 기타,승용,여,41세,상해없음,보행자,여,68세,경상
2021101900100280,2021년 10월 19일 15시,화요일,전라남도 보성군 보성읍,중상사고,0,1,0,0,차대차 - 측면충돌,직진우회전진행방해,건조,맑음,교차로 - 교차로안,승용,여,45세,상해없음,화물,남,46세,중상
2021101900100281,2021년 10월 19일 15시,화요일,전라남도 곡성군 고달면,경상사고,0,0,1,0,차대차 - 측면충돌,직진우회전진행방해,건조,맑음,교차로 - 교차로안,이륜,남,82세,경상,화물,남,68세,상해없음
2021101900100330,2021년 10월 19일 16시,화요일,전라남도 나주시 빛가람동,사망사고,1,0,0,0,차대사람 - 횡단중,안전운전불이행,건조,맑음,교차로 - 교차로횡단보도내,승합,남,65세,상해없음,보행자,여,78세,사망
2021101900100331,2021년 10월 19일 16시,화요일,전라남도 화순군 화순읍,경상사고,0,0,1,0,차대차 - 기타,교차로운행방법위반,건조,맑음,교차로 - 교차로안,승용,남,78세,상해없음,자전거,여,73세,경상
2021101900100416,2021년 10월 19일 18시,화요일,전라남도 여수시 웅천동,경상사고,0,0,2,0,차대차 - 추돌,안전운전불이행,건조,맑음,단일로 - 기타,화물,남,71세,상해없음,승용,여,55세,경상
2021101900100417,2021년 10월 19일 18시,화요일,전라남도 화순군 화순읍,경상사고,0,0,2,0,차대차 - 측면충돌,안전거리미확보,건조,맑음,단일로 - 기타,승용,여,33세,상해없음,승용,남,49세,경상
2021101900100418,2021년 10월 19일 18시,화요일,전라남도 담양군 담양읍,경상사고,0,0,2,0,차대차 - 추돌,안전운전불이행,건조,맑음,단일로 - 기타,승용,남,39세,상해없음,승용,남,46세,경상
2021101900100489,2021년 10월 19일 19시,화요일,전라남도 고흥군 도양읍,경상사고,0,0,1,0,차대차 - 후진중충돌,안전운전불이행,건조,맑음,단일로 - 기타,승용,남,62세,상해없음,이륜,여,53세,경상
2021101900100490,2021년 10월 19일 19시,화요일,전라남도 해남군 화원면,중상사고,0,1,0,0,차대사람 - 기타,안전운전불이행,건조,맑음,단일로 - 기타,화물,남,60세,상해없음,보행자,남,28세,중상
2021101900100491,2021년 10월 19일 19시,화요일,전라남도 장성군 동화면,중상사고,0,1,0,0,차대차 - 추돌,안전운전불이행,건조,맑음,단일로 - 기타,화물,남,62세,상해없음,자전거,남,81세,중상
2021101900100492,2021년 10월 19일 19시,화요일,전라남도 무안군 삼향읍,중상사고,0,2,0,0,차대사람 - 기타,신호위반,건조,기타,교차로 - 교차로안,승용,여,52세,상해없음,보행자,남,48세,중상
2021101900100538,2021년 10월 19일 21시,화요일,전라남도 여수시 봉계동,경상사고,0,0,1,0,차대차 - 추돌,안전운전불이행,건조,맑음,교차로 - 교차로안,화물,남,55세,상해없음,승용,여,52세,경상
2021101900100570,2021년 10월 19일 22시,화요일,전라남도 순천시 연향동,경상사고,0,0,1,0,차대차 - 추돌,안전운전불이행,건조,맑음,교차로 - 교차로부근,승용,남,55세,상해없음,승용,여,51세,경상
2021101900100571,2021년 10월 19일 22시,화요일,전라남도 장흥군 장흥읍,경상사고,0,0,1,0,차대차 - 측면충돌,안전운전불이행,건조,맑음,교차로 - 교차로안,승용,남,29세,기타불명,승용,남,23세,경상
2021102000100004,2021년 10월 20일 00시,수요일,전라남도 목포시 석현동,경상사고,0,0,1,0,차대차 - 기타,신호위반,건조,맑음,교차로 - 교차로안,승용,남,65세,상해없음,승용,남,28세,경상
2021102000100030,2021년 10월 20일 06시,수요일,전라남도 화순군 화순읍,중상사고,0,1,0,0,차대사람 - 횡단중,안전운전불이행,건조,맑음,교차로 - 교차로안,승용,남,24세,상해없음,보행자,여,76세,중상
2021102000100043,2021년 10월 20일 07시,수요일,전라남도 목포시 상동,경상사고,0,0,2,0,차대차 - 추돌,안전운전불이행,건조,맑음,단일로 - 기타,화물,남,23세,상해없음,승용,남,47세,경상
2021102000100074,2021년 10월 20일 08시,수요일,전라남도 나주시 남평읍,경상사고,0,0,1,0,차대사람 - 기타,중앙선침범,건조,맑음,단일로 - 기타,승용,여,68세,상해없음,보행자,남,41세,경상
2021102000100107,2021년 10월 20일 09시,수요일,전라남도 나주시 세지면,경상사고,0,0,2,0,차량단독 - 전도전복 - 전복,안전운전불이행,건조,맑음,교차로 - 교차로부근,승용,남,66세,경상,,,,
2021102000100175,2021년 10월 20일 11시,수요일,전라남도 목포시 산정동,경상사고,0,0,1,0,차대차 - 측면충돌,교차로운행방법위반,건조,맑음,교차로 - 교차로안,승용,여,48세,상해없음,자전거,남,76세,경상
2021102000100176,2021년 10월 20일 11시,수요일,전라남도 무안군 해제면,중상사고,0,1,0,0,차대차 - 추돌,안전운전불이행,건조,맑음,단일로 - 기타,승용,남,37세,상해없음,이륜,남,74세,중상
2021102000100215,2021년 10월 20일 12시,수요일,전라남도 여수시 고소동,중상사고,0,1,0,0,차대사람 - 기타,안전운전불이행,건조,맑음,단일로 - 기타,화물,남,47세,상해없음,보행자,남,67세,중상
2021102000100216,2021년 10월 20일 12시,수요일,전라남도 나주시 이창동,중상사고,0,1,0,0,차대사람 - 기타,안전운전불이행,건조,맑음,교차로 - 교차로부근,승용,여,58세,상해없음,보행자,여,76세,중상
2021102000100254,2021년 10월 20일 13시,수요일,전라남도 목포시 상동,경상사고,0,0,2,0,차대차 - 기타,안전운전불이행,건조,맑음,단일로 - 기타,승용,여,50세,경상,승용,남,53세,경상
2021102000100289,2021년 10월 20일 14시,수요일,전라남도 담양군 담양읍,경상사고,0,0,2,0,차대차 - 추돌,안전운전불이행,건조,맑음,단일로 - 기타,승용,남,78세,상해없음,화물,남,61세,경상
2021102000100377,2021년 10월 20일 16시,수요일,전라남도 화순군 화순읍,경상사고,0,0,1,0,차대차 - 측면충돌,교차로운행방법위반,건조,맑음,교차로 - 교차로안,승용,남,81세,상해없음,승용,남,28세,경상
2021102000100378,2021년 10월 20일 16시,수요일,전라남도 함평군 나산면,중상사고,0,1,0,0,차량단독 - 공작물충돌,안전운전불이행,건조,맑음,단일로 - 기타,이륜,남,83세,중상,,,,
2021102000100416,2021년 10월 20일 17시,수요일,전라남도 순천시 연향동,경상사고,0,0,2,0,차대차 - 후진중충돌,안전운전불이행,건조,맑음,주차장 - 주차장,승용,남,57세,상해없음,승용,여,41세,경상
2021102000100476,2021년 10월 20일 18시,수요일,전라남도 목포시 상동,경상사고,0,0,2,0,차대차 - 기타,안전운전불이행,건조,맑음,단일로 - 기타,승용,남,50세,상해없음,승용,여,43세,경상
2021102000100477,2021년 10월 20일 18시,수요일,전라남도 순천시 남정동,경상사고,0,0,1,0,차대차 - 기타,안전운전불이행,건조,맑음,교차로 - 교차로부근,승용,여,53세,상해없음,이륜,여,29세,경상
2021102000100478,2021년 10월 20일 18시,수요일,전라남도 나주시 공산면,중상사고,0,1,0,0,차대차 - 측면충돌,교차로운행방법위반,건조,맑음,교차로 - 교차로안,사륜오토바이(ATV),여,79세,중상,화물,남,52세,상해없음
2021102000100479,2021년 10월 20일 18시,수요일,전라남도 화순군 도곡면,경상사고,0,0,1,0,차대사람 - 기타,안전운전불이행,건조,맑음,단일로 - 기타,승용,남,71세,상해없음,보행자,남,85세,경상
2021102000100540,2021년 10월 20일 19시,수요일,전라남도 순천시 해룡면,경상사고,0,0,3,0,차대차 - 추돌,안전운전불이행,건조,맑음,교차로 - 교차로부근,이륜,남,20세,경상,승용,남,63세,경상
2021102000100541,2021년 10월 20일 19시,수요일,전라남도 나주시 빛가람동,부상신고사고,0,0,0,1,차대차 - 측면충돌,안전운전불이행,건조,맑음,교차로 - 교차로부근,이륜,남,16세,부상신고,승용,남,56세,상해없음
2021102000100573,2021년 10월 20일 20시,수요일,전라남도 무안군 삼향읍,경상사고,0,0,1,0,차대차 - 기타,안전운전불이행,건조,맑음,기타 - 기타,승용,여,39세,상해없음,이륜,남,26세,경상
2021102000100594,2021년 10월 20일 21시,수요일,전라남도 여수시 선원동,경상사고,0,0,1,0,차대차 - 추돌,안전운전불이행,건조,맑음,단일로 - 기타,승용,남,39세,상해없음,승용,여,51세,경상
2021102000100595,2021년 10월 20일 21시,수요일,전라남도 강진군 강진읍,경상사고,0,0,1,0,차대차 - 측면충돌,안전운전불이행,건조,맑음,교차로 - 교차로부근,승용,남,58세,상해없음,승용,여,38세,경상
2021102000100643,2021년 10월 20일 23시,수요일,전라남도 완도군 완도읍,경상사고,0,0,3,0,차대차 - 기타,안전운전불이행,건조,맑음,교차로 - 교차로안,승용,남,46세,상해없음,승용,여,36세,경상
2021102100100015,2021년 10월 21일 01시,목요일,전라남도 장성군 황룡면,경상사고,0,0,2,0,차대차 - 측면충돌,신호위반,건조,맑음,교차로 - 교차로안,승합,여,79세,상해없음,화물,남,27세,경상
2021102100100030,2021년 10월 21일 03시,목요일,전라남도 목포시 산정동,경상사고,0,0,2,0,차대차 - 기타,교차로운행방법위반,건조,맑음,교차로 - 교차로안,승용,남,42세,상해없음,승용,남,24세,경상
2021102100100047,2021년 10월 21일 06시,목요일,전라남도 함평군 함평읍,중상사고,0,1,0,0,차량단독 - 도로외이탈 - 추락,안전운전불이행,건조,맑음,단일로 - 기타,승용,남,62세,중상,,,,
2021102100100091,2021년 10월 21일 08시,목요일,전라남도 목포시 옥암동,경상사고,0,0,1,0,차대차 - 추돌,안전운전불이행,건조,맑음,교차로 - 교차로부근,화물,남,52세,상해없음,승용,남,26세,경상
2021102100100092,2021년 10월 21일 08시,목요일,전라남도 나주시 산포면,경상사고,0,0,1,0,차대차 - 기타,안전운전불이행,건조,맑음,기타 - 기타,승용,남,70세,상해없음,승용,남,40세,경상
2021102100100093,2021년 10월 21일 08시,목요일,전라남도 강진군 성전면,부상신고사고,0,0,0,1,차대차 - 측면충돌,안전운전불이행,건조,맑음,교차로 - 교차로안,화물,여,64세,부상신고,화물,남,40세,상해없음
2021102100100118,2021년 10월 21일 09시,목요일,전라남도 여수시 학동,경상사고,0,0,1,0,차대차 - 측면충돌,안전운전불이행,건조,맑음,교차로 - 교차로안,승용,여,29세,상해없음,승용,남,65세,경상
2021102100100119,2021년 10월 21일 09시,목요일,전라남도 나주시 금천면,경상사고,0,0,1,0,차대차 - 측면충돌,안전운전불이행,건조,맑음,교차로 - 교차로부근,승용,남,37세,상해없음,승용,남,46세,경상
2021102100100174,2021년 10월 21일 11시,목요일,전라남도 무안군 삼향읍,중상사고,0,1,0,0,차대차 - 측면충돌,신호위반,건조,맑음,교차로 - 교차로안,승용,남,62세,상해없음,사륜오토바이(ATV),남,78세,중상
2021102100100212,2021년 10월 21일 12시,목요일,전라남도 고흥군 과역면,중상사고,0,1,0,0,차대사람 - 기타,안전운전불이행,건조,맑음,기타 - 기타,승용,남,83세,상해없음,보행자,여,58세,중상
2021102100100213,2021년 10월 21일 12시,목요일,전라남도 담양군 대전면,중상사고,0,1,3,0,차대차 - 측면충돌,신호위반,건조,맑음,교차로 - 교차로안,승용,여,62세,경상,승용,여,49세,경상
2021102100100241,2021년 10월 21일 13시,목요일,전라남도 장흥군 대덕읍,중상사고,0,1,0,0,차대차 - 추돌,기타,건조,맑음,교차로 - 교차로안,화물,남,79세,상해없음,이륜,여,80세,중상