사고번호,사고일시,요일,시군구,사고내용,사망자수,중상자수,경상자수,부상신고자수,사고유형,법규위반,노면상태,기상상태,도로형태,가해운전자 차종,가해운전자 성별,가해운전자 연령,가해운전자 상해정도,피해운전자 차종,피해운전자 성별,피해운전자 연령,피해운전자 상해정도
2021102100100285,2021년 10월 21일 14시,목요일,전라남도 여수시 학동,경상사고,0,0,1,0,차대차 - 측면충돌,차로위반,건조,맑음,교차로 - 교차로부근,승용,남,53세,상해없음,승용,남,22세,경상
2021102100100286,2021년 10월 21일 14시,목요일,전라남도 영광군 영광읍,경상사고,0,0,1,0,차대차 - 후진중충돌,안전운전불이행,건조,맑음,기타 - 기타,승용,남,51세,상해없음,승용,여,29세,경상
2021102100100287,2021년 10월 21일 14시,목요일,전라남도 화순군 도암면,경상사고,0,0,1,0,차대사람 - 기타,안전운전불이행,건조,맑음,단일로 - 기타,화물,남,44세,상해없음,보행자,남,90세,경상
2021102100100288,2021년 10월 21일 14시,목요일,전라남도 장성군 남면,경상사고,0,0,1,0,차대차 - 추돌,안전운전불이행,건조,맑음,단일로 - 기타,승용,여,49세,상해없음,승용,남,28세,경상
2021102100100289,2021년 10월 21일 14시,목요일,전라남도 무안군 무안읍,중상사고,0,1,0,0,차대차 - 기타,안전운전불이행,건조,맑음,교차로 - 교차로부근,화물,남,63세,상해없음,이륜,남,64세,중상
2021102100100346,2021년 10월 21일 16시,목요일,전라남도 화순군 화순읍,경상사고,0,0,1,0,차대차 - 측면충돌,안전거리미확보,건조,맑음,교차로 - 교차로부근,승용,여,47세,상해없음,이륜,남,78세,경상
2021102100100385,2021년 10월 21일 17시,목요일,전라남도 목포시 옥암동,경상사고,0,0,1,0,차대차 - 추돌,안전운전불이행,건조,맑음,단일로 - 기타,화물,남,44세,상해없음,승용,여,49세,경상
2021102100100386,2021년 10월 21일 17시,목요일,전라남도 목포시 죽교동,중상사고,0,1,0,0,차대사람 - 기타,안전운전불이행,건조,맑음,단일로 - 기타,화물,남,39세,상해없음,보행자,여,93세,중상
2021102100100387,2021년 10월 21일 17시,목요일,전라남도 담양군 담양읍,경상사고,0,0,1,0,차대차 - 후진중충돌,안전운전불이행,건조,맑음,단일로 - 기타,승용,남,80세,상해없음,이륜,남,69세,경상
2021102100100450,2021년 10월 21일 18시,목요일,전라남도 목포시 옥암동,경상사고,0,0,1,0,차대차 - 기타,안전거리미확보,건조,맑음,단일로 - 교량,승용,남,52세,상해없음,승용,남,39세,경상
2021102100100451,2021년 10월 21일 18시,목요일,전라남도 순천시 해룡면,경상사고,0,0,1,0,차대차 - 측면충돌,교차로운행방법위반,건조,맑음,교차로 - 교차로안,승용,여,52세,상해없음,승용,여,30세,경상
2021102100100452,2021년 10월 21일 18시,목요일,전라남도 광양시 광양읍,경상사고,0,0,1,0,차대차 - 기타,안전운전불이행,건조,맑음,교차로 - 교차로부근,자전거,남,80세,경상,기타불명,기타불명,미분류,기타불명
2021102100100507,2021년 10월 21일 19시,목요일,전라남도 목포시 연산동,경상사고,0,0,1,0,차대차 - 기타,신호위반,건조,맑음,교차로 - 교차로횡단보도내,자전거,남,67세,경상,승용,남,58세,상해없음
2021102100100508,2021년 10월 21일 19시,목요일,전라남도 목포시 연산동,경상사고,0,0,1,1,차대차 - 기타,안전운전불이행,건조,맑음,교차로 - 교차로안,승용,남,69세,부상신고,승용,남,23세,경상
2021102100100509,2021년 10월 21일 19시,목요일,전라남도 무안군 일로읍,경상사고,0,0,1,0,차대차 - 기타,안전운전불이행,건조,흐림,교차로 - 교차로안,화물,남,55세,상해없음,승용,남,41세,경상
2021102100100603,2021년 10월 21일 22시,목요일,전라남도 광양시 중동,중상사고,0,1,0,0,차대차 - 측면충돌,안전거리미확보,건조,맑음,단일로 - 기타,승용,여,41세,상해없음,이륜,남,17세,중상
2021102200100019,2021년 10월 22일 02시,금요일,전라남도 해남군 화산면,중상사고,0,1,1,0,차대차 - 측면충돌,안전운전불이행,건조,맑음,단일로 - 기타,승용,여,25세,상해없음,승용,여,45세,경상
2021102200100031,2021년 10월 22일 05시,금요일,전라남도 영암군 삼호읍,경상사고,0,0,1,0,차대차 - 추돌,안전운전불이행,건조,맑음,단일로 - 기타,승용,남,40세,상해없음,자전거,남,65세,경상
2021102200100059,2021년 10월 22일 07시,금요일,전라남도 여수시 문수동,경상사고,0,0,1,0,차대사람 - 차도통행중,안전운전불이행,건조,맑음,단일로 - 기타,승용,여,52세,상해없음,보행자,남,62세,경상
2021102200100102,2021년 10월 22일 08시,금요일,전라남도 순천시 조례동,경상사고,0,0,1,0,차대사람 - 횡단중,보행자보호의무위반,건조,맑음,교차로 - 교차로횡단보도내,화물,여,55세,상해없음,보행자,남,21세,경상
2021102200100103,2021년 10월 22일 08시,금요일,전라남도 순천시 해룡면,경상사고,0,0,1,0,차대사람 - 기타,보행자보호의무위반,건조,맑음,교차로 - 교차로횡단보도내,승용,여,49세,상해없음,보행자,남,29세,경상
2021102200100136,2021년 10월 22일 09시,금요일,전라남도 장흥군 장흥읍,경상사고,0,0,2,0,차대차 - 후진중충돌,안전운전불이행,건조,맑음,교차로 - 교차로부근,승용,남,67세,상해없음,승용,남,65세,경상
2021102200100137,2021년 10월 22일 09시,금요일,전라남도 화순군 동복면,경상사고,0,0,1,0,차대차 - 기타,안전운전불이행,건조,맑음,단일로 - 기타,화물,남,28세,상해없음,화물,남,73세,경상
2021102200100216,2021년 10월 22일 11시,금요일,전라남도 여수시 국동,중상사고,0,1,0,0,차대사람 - 횡단중,보행자보호의무위반,건조,맑음,교차로 - 교차로안,화물,남,52세,상해없음,보행자,여,75세,중상
2021102200100217,2021년 10월 22일 11시,금요일,전라남도 순천시 덕월동,경상사고,0,0,1,0,차대차 - 기타,신호위반,건조,맑음,교차로 - 교차로안,이륜,남,44세,경상,승용,남,77세,상해없음
2021102200100218,2021년 10월 22일 11시,금요일,전라남도 순천시 덕월동,경상사고,0,0,1,0,차대사람 - 기타,안전운전불이행,건조,맑음,교차로 - 교차로안,화물,남,45세,상해없음,보행자,여,80세,경상
2021102200100219,2021년 10월 22일 11시,금요일,전라남도 화순군 화순읍,중상사고,0,2,1,0,차량단독 - 기타,안전운전불이행,건조,맑음,단일로 - 기타,화물,남,55세,경상,,,,
2021102200100258,2021년 10월 22일 12시,금요일,전라남도 목포시 용해동,경상사고,0,0,2,0,차대차 - 기타,안전운전불이행,건조,맑음,단일로 - 기타,화물,남,64세,상해없음,승용,남,51세,경상
2021102200100259,2021년 10월 22일 12시,금요일,전라남도 해남군 마산면,중상사고,0,1,0,0,차대사람 - 기타,안전운전불이행,건조,맑음,단일로 - 기타,화물,남,57세,상해없음,보행자,남,62세,중상
2021102200100333,2021년 10월 22일 14시,금요일,전라남도 여수시 안산동,경상사고,0,0,2,0,차대차 - 추돌,안전운전불이행,건조,맑음,단일로 - 기타,승용,남,55세,상해없음,승용,남,33세,경상
2021102200100334,2021년 10월 22일 14시,금요일,전라남도 순천시 풍덕동,경상사고,0,0,2,0,차대차 - 측면충돌,안전운전불이행,건조,맑음,교차로 - 교차로안,승용,남,73세,경상,승용,남,72세,경상
2021102200100335,2021년 10월 22일 14시,금요일,전라남도 나주시 산포면,경상사고,0,0,1,0,차대차 - 측면충돌,신호위반,건조,맑음,교차로 - 교차로안,화물,여,60세,상해없음,승합,남,48세,경상
2021102200100336,2021년 10월 22일 14시,금요일,전라남도 강진군 성전면,경상사고,0,0,3,0,차대차 - 추돌,안전운전불이행,건조,맑음,교차로 - 교차로부근,화물,남,35세,상해없음,승용,여,49세,경상
2021102200100374,2021년 10월 22일 15시,금요일,전라남도 목포시 상동,경상사고,0,0,2,0,차대차 - 측면충돌,직진우회전진행방해,건조,맑음,교차로 - 교차로안,승용,여,42세,경상,승용,여,30세,경상
2021102200100375,2021년 10월 22일 15시,금요일,전라남도 순천시 연향동,경상사고,0,0,1,0,차대사람 - 횡단중,안전운전불이행,건조,맑음,기타 - 기타,승용,여,70세,상해없음,보행자,여,55세,경상
2021102200100376,2021년 10월 22일 15시,금요일,전라남도 보성군 득량면,사망사고,1,1,2,0,차량단독 - 공작물충돌,안전운전불이행,건조,맑음,교차로 - 교차로안,승용,남,63세,경상,,,,
2021102200100426,2021년 10월 22일 16시,금요일,전라남도 목포시 산정동,중상사고,0,1,0,0,차대차 - 기타,안전운전불이행,건조,맑음,단일로 - 기타,승용,남,62세,상해없음,이륜,남,34세,중상
2021102200100427,2021년 10월 22일 16시,금요일,전라남도 여수시 돌산읍,경상사고,0,0,1,0,차대차 - 측면충돌,안전거리미확보,건조,맑음,단일로 - 기타,승용,여,24세,상해없음,승용,남,60세,경상
2021102200100472,2021년 10월 22일 17시,금요일,전라남도 신안군 지도읍,중상사고,0,1,3,0,차대차 - 기타,안전운전불이행,건조,맑음,교차로 - 교차로안,승용,여,66세,경상,승합,남,60세,경상
2021102200100473,2021년 10월 22일 17시,금요일,전라남도 목포시 옥암동,경상사고,0,0,1,0,차대차 - 기타,신호위반,건조,맑음,교차로 - 교차로횡단보도내,승용,여,44세,상해없음,개인형이동수단(PM),여,20세,경상
2021102200100474,2021년 10월 22일 17시,금요일,전라남도 순천시 별량면,중상사고,0,1,0,0,차대차 - 기타,안전운전불이행,건조,맑음,단일로 - 기타,건설기계,남,37세,상해없음,이륜,남,28세,중상
2021102200100475,2021년 10월 22일 17시,금요일,전라남도 화순군 능주면,중상사고,0,1,0,0,차량단독 - 기타,안전운전불이행,건조,맑음,단일로 - 기타,승용,여,60세,중상,,,,
2021102200100476,2021년 10월 22일 17시,금요일,전라남도 장성군 장성읍,경상사고,0,0,1,0,차대차 - 후진중충돌,안전운전불이행,건조,맑음,단일로 - 기타,승용,남,85세,상해없음,승용,남,61세,경상
2021102200100477,2021년 10월 22일 17시,금요일,전라남도 무안군 무안읍,경상사고,0,0,1,0,차대차 - 기타,안전운전불이행,건조,맑음,교차로 - 교차로안,화물,남,62세,상해없음,승용,여,46세,경상
2021102200100608,2021년 10월 22일 19시,금요일,전라남도 해남군 해남읍,경상사고,0,0,1,0,차대차 - 측면충돌,교차로운행방법위반,건조,맑음,교차로 - 교차로안,승용,여,48세,상해없음,승용,남,38세,경상
2021102200100643,2021년 10월 22일 20시,금요일,전라남도 목포시 용당동,경상사고,0,0,2,0,차대차 - 추돌,안전운전불이행,건조,맑음,단일로 - 지하차도(도로)내,승용,여,47세,경상,승용,남,51세,경상
2021102200100670,2021년 10월 22일 21시,금요일,전라남도 목포시 상동,경상사고,0,0,3,0,차대차 - 기타,신호위반,건조,맑음,교차로 - 교차로부근,승용,남,21세,상해없음,승용,남,42세,경상
2021102200100671,2021년 10월 22일 21시,금요일,전라남도 목포시 용해동,경상사고,0,0,2,0,차대차 - 기타,신호위반,건조,맑음,교차로 - 교차로안,승용,남,36세,상해없음,승용,남,53세,경상
2021102200100707,2021년 10월 22일 22시,금요일,전라남도 목포시 옥암동,경상사고,0,0,1,0,차대차 - 측면충돌,안전운전불이행,건조,맑음,단일로 - 기타,원동기,남,18세,상해없음,승용,남,61세,상해없음
2021102200100708,2021년 10월 22일 22시,금요일,전라남도 목포시 산정동,경상사고,0,0,3,0,차대차 - 기타,안전운전불이행,건조,기타,기타 - 기타,승용,남,71세,기타불명,승용,기타불명,미분류,기타불명
2021102200100742,2021년 10월 22일 23시,금요일,전라남도 해남군 삼산면,중상사고,0,1,0,0,차대차 - 측면충돌,기타,건조,맑음,단일로 - 터널,승용,남,33세,상해없음,승용,여,52세,중상
2021102300100013,2021년 10월 23일 00시,토요일,전라남도 광양시 중동,경상사고,0,0,1,0,차대사람 - 차도통행중,안전운전불이행,건조,맑음,기타 - 기타,승용,남,23세,상해없음,보행자,남,34세,경상
2021102300100050,2021년 10월 23일 06시,토요일,전라남도 순천시 서면,경상사고,0,0,2,0,차대차 - 기타,안전운전불이행,건조,맑음,단일로 - 기타,승용,남,59세,상해없음,승용,여,23세,경상
2021102300100090,2021년 10월 23일 09시,토요일,전라남도 장흥군 유치면,경상사고,0,0,2,0,차대차 - 기타,안전거리미확보,건조,맑음,단일로 - 기타,화물,남,31세,경상,승용,남,70세,경상
2021102300100124,2021년 10월 23일 10시,토요일,전라남도 해남군 옥천면,경상사고,0,0,3,0,차대차 - 추돌,안전거리미확보,건조,맑음,교차로 - 교차로안,화물,남,51세,상해없음,승용,여,58세,경상
2021102300100125,2021년 10월 23일 10시,토요일,전라남도 함평군 해보면,경상사고,0,0,1,0,차대사람 - 기타,안전운전불이행,건조,맑음,교차로 - 교차로안,승용,남,74세,상해없음,보행자,여,69세,경상
2021102300100126,2021년 10월 23일 10시,토요일,전라남도 담양군 담양읍,경상사고,0,0,1,0,차대차 - 측면충돌,안전거리미확보,건조,맑음,단일로 - 기타,승용,여,62세,상해없음,승용,남,32세,경상
2021102300100216,2021년 10월 23일 12시,토요일,전라남도 무안군 무안읍,경상사고,0,0,1,0,차대차 - 기타,신호위반,건조,맑음,교차로 - 교차로안,화물,남,52세,상해없음,승용,남,34세,경상
2021102300100350,2021년 10월 23일 15시,토요일,전라남도 목포시 산정동,경상사고,0,0,1,0,차대차 - 측면충돌,안전운전불이행,건조,맑음,교차로 - 교차로부근,화물,남,72세,상해없음,이륜,남,75세,경상
2021102300100351,2021년 10월 23일 15시,토요일,전라남도 여수시 돌산읍,경상사고,0,0,4,0,차대차 - 후진중충돌,안전운전불이행,건조,맑음,주차장 - 주차장,승용,여,47세,상해없음,승용,남,27세,경상
2021102300100402,2021년 10월 23일 16시,토요일,전라남도 목포시 용당동,경상사고,0,0,1,0,차대차 - 후진중충돌,안전운전불이행,건조,맑음,단일로 - 기타,승용,남,65세,상해없음,승용,남,33세,경상
2021102300100403,2021년 10월 23일 16시,토요일,전라남도 고흥군 동강면,중상사고,0,1,2,1,차대차 - 기타,교차로운행방법위반,건조,맑음,교차로 - 교차로안,승용,여,18세,상해없음,승용,여,27세,경상
2021102300100404,2021년 10월 23일 16시,토요일,전라남도 장성군 장성읍,경상사고,0,0,1,0,차대차 - 측면충돌,직진우회전진행방해,건조,맑음,교차로 - 교차로안,화물,남,42세,상해없음,자전거,남,62세,경상
2021102300100430,2021년 10월 23일 17시,토요일,전라남도 나주시 남평읍,경상사고,0,0,2,0,차대차 - 추돌,안전운전불이행,건조,맑음,교차로 - 교차로부근,승용,남,22세,상해없음,승용,남,30세,경상
2021102300100431,2021년 10월 23일 17시,토요일,전라남도 화순군 화순읍,경상사고,0,0,5,0,차대차 - 측면충돌,안전운전불이행,건조,맑음,교차로 - 교차로안,화물,남,70세,경상,승용,남,59세,경상
2021102300100470,2021년 10월 23일 18시,토요일,전라남도 영암군 삼호읍,경상사고,0,0,1,0,차대차 - 측면충돌,안전거리미확보,건조,맑음,단일로 - 기타,승용,여,35세,상해없음,승용,남,26세,경상
2021102300100471,2021년 10월 23일 18시,토요일,전라남도 진도군 진도읍,경상사고,0,0,1,0,차대사람 - 횡단중,신호위반,건조,맑음,단일로 - 기타,승용,여,58세,상해없음,보행자,여,6세,경상
2021102300100524,2021년 10월 23일 19시,토요일,전라남도 목포시 상동,중상사고,0,1,1,0,차대차 - 측면충돌,안전운전불이행,건조,맑음,교차로 - 교차로안,승용,남,45세,경상,이륜,남,51세,중상
2021102300100562,2021년 10월 23일 21시,토요일,전라남도 신안군 흑산면,중상사고,0,1,0,0,차량단독 - 기타,안전운전불이행,건조,맑음,단일로 - 기타,이륜,남,40세,중상,,,,
2021102300100563,2021년 10월 23일 21시,토요일,전라남도 여수시 종화동,경상사고,0,0,1,0,차대차 - 후진중충돌,안전운전불이행,건조,맑음,교차로 - 교차로안,승용,남,63세,상해없음,승용,남,31세,경상
2021102300100616,2021년 10월 23일 23시,토요일,전라남도 순천시 조례동,경상사고,0,0,1,0,차대차 - 추돌,안전거리미확보,건조,맑음,단일로 - 기타,승용,남,43세,상해없음,화물,남,51세,경상
2021102400100043,2021년 10월 24일 05시,일요일,전라남도 곡성군 죽곡면,중상사고,0,1,0,0,차량단독 - 기타,안전운전불이행,건조,맑음,교차로 - 교차로안,승용,남,24세,상해없음,,,,
2021102400100058,2021년 10월 24일 07시,일요일,전라남도 함평군 대동면,경상사고,0,0,1,0,차대차 - 기타,안전거리미확보,건조,맑음,단일로 - 기타,승용,남,43세,상해없음,승용,남,42세,경상
2021102400100069,2021년 10월 24일 08시,일요일,전라남도 함평군 학교면,중상사고,0,1,0,0,차대차 - 기타,안전운전불이행,건조,맑음,교차로 - 교차로부근,이륜,남,74세,중상,화물,남,58세,상해없음
2021102400100082,2021년 10월 24일 09시,일요일,전라남도 여수시 광무동,경상사고,0,0,4,0,차대차 - 측면충돌,신호위반,건조,맑음,교차로 - 교차로안,특수,남,55세,상해없음,승용,여,56세,경상
2021102400100083,2021년 10월 24일 09시,일요일,전라남도 해남군 송지면,경상사고,0,0,1,0,차대차 - 기타,안전운전불이행,건조,맑음,교차로 - 교차로부근,화물,남,74세,상해없음,화물,남,44세,경상
2021102400100084,2021년 10월 24일 09시,일요일,전라남도 완도군 고금면,사망사고,1,0,0,0,차량단독 - 전도전복 - 전도,안전운전불이행,건조,맑음,교차로 - 교차로안,농기계,남,83세,사망,,,,
2021102400100103,2021년 10월 24일 10시,일요일,전라남도 여수시 여서동,경상사고,0,0,1,0,차대차 - 측면충돌,교차로운행방법위반,건조,맑음,교차로 - 교차로안,승용,남,42세,상해없음,승용,여,38세,경상
2021102400100104,2021년 10월 24일 10시,일요일,전라남도 순천시 인제동,중상사고,0,1,0,0,차대사람 - 길가장자리구역통행중,안전운전불이행,건조,맑음,단일로 - 기타,승용,남,23세,상해없음,보행자,여,42세,중상
2021102400100105,2021년 10월 24일 10시,일요일,전라남도 장성군 남면,경상사고,0,0,1,0,차량단독 - 도로외이탈 - 기타,안전운전불이행,건조,맑음,단일로 - 기타,승합,남,57세,경상,,,,
2021102400100132,2021년 10월 24일 11시,일요일,전라남도 목포시 용해동,경상사고,0,0,1,0,차대사람 - 횡단중,신호위반,건조,맑음,단일로 - 기타,이륜,남,23세,상해없음,보행자,여,33세,경상
2021102400100167,2021년 10월 24일 12시,일요일,전라남도 영암군 삼호읍,경상사고,0,0,1,0,차대차 - 측면충돌,안전운전불이행,건조,맑음,교차로 - 교차로안,승용,남,22세,상해없음,이륜,남,40세,경상
2021102400100202,2021년 10월 24일 13시,일요일,전라남도 목포시 옥암동,경상사고,0,0,2,0,차대차 - 기타,중앙선침범,건조,맑음,단일로 - 기타,승용,여,49세,경상,이륜,남,33세,경상
2021102400100203,2021년 10월 24일 13시,일요일,전라남도 순천시 남정동,경상사고,0,0,1,0,차대차 - 측면충돌,안전운전불이행,건조,맑음,교차로 - 교차로안,승용,남,41세,상해없음,승용,여,57세,경상
2021102400100268,2021년 10월 24일 15시,일요일,전라남도 여수시 돌산읍,경상사고,0,0,1,0,차대차 - 기타,안전운전불이행,건조,맑음,교차로 - 교차로안,승용,남,38세,상해없음,승용,남,28세,경상
2021102400100269,2021년 10월 24일 15시,일요일,전라남도 화순군 화순읍,경상사고,0,0,2,1,차대차 - 정면충돌,불법유턴,건조,맑음,단일로 - 기타,이륜,남,79세,부상신고,승용,여,24세,경상
2021102400100299,2021년 10월 24일 16시,일요일,전라남도 목포시 옥암동,경상사고,0,0,1,0,차대차 - 추돌,안전운전불이행,건조,맑음,단일로 - 기타,승용,남,26세,상해없음,화물,남,26세,경상
2021102400100300,2021년 10월 24일 16시,일요일,전라남도 구례군 마산면,중상사고,0,1,0,0,차대차 - 측면충돌,안전운전불이행,건조,맑음,단일로 - 기타,이륜,남,80세,중상,화물,남,54세,상해없음
2021102400100333,2021년 10월 24일 17시,일요일,전라남도 여수시 남산동,경상사고,0,0,1,0,차대차 - 기타,안전운전불이행,건조,맑음,단일로 - 기타,승용,남,68세,상해없음,개인형이동수단(PM),남,20세,경상
2021102400100334,2021년 10월 24일 17시,일요일,전라남도 곡성군 죽곡면,경상사고,0,0,1,0,차대차 - 기타,안전운전불이행,건조,맑음,기타 - 기타,화물,남,55세,상해없음,자전거,여,49세,경상
2021102400100374,2021년 10월 24일 18시,일요일,전라남도 목포시 산정동,경상사고,0,0,1,0,차대차 - 측면충돌,안전운전불이행,건조,맑음,교차로 - 교차로부근,승용,남,53세,상해없음,승용,여,57세,경상
2021102400100375,2021년 10월 24일 18시,일요일,전라남도 순천시 연향동,경상사고,0,0,1,0,차대차 - 후진중충돌,안전운전불이행,건조,맑음,단일로 - 기타,승용,여,38세,상해없음,승용,남,25세,경상
2021102400100376,2021년 10월 24일 18시,일요일,전라남도 무안군 일로읍,사망사고,1,0,0,0,차대사람 - 기타,안전운전불이행,건조,맑음,기타 - 기타,화물,남,59세,상해없음,보행자,여,79세,사망
2021102400100419,2021년 10월 24일 19시,일요일,전라남도 순천시 용당동,경상사고,0,0,1,0,차대차 - 측면충돌,안전운전불이행,건조,맑음,단일로 - 기타,승용,남,61세,상해없음,이륜,남,30세,경상
2021102400100420,2021년 10월 24일 19시,일요일,전라남도 순천시 별량면,경상사고,0,0,1,0,차대차 - 추돌,안전거리미확보,건조,맑음,교차로 - 교차로부근,승용,남,60세,상해없음,승용,남,44세,경상
2021102400100461,2021년 10월 24일 21시,일요일,전라남도 여수시 여서동,경상사고,0,0,1,0,차대차 - 추돌,안전운전불이행,건조,맑음,교차로 - 교차로부근,승용,남,52세,상해없음,승용,남,24세,경상
2021102400100462,2021년 10월 24일 21시,일요일,전라남도 영암군 영암읍,중상사고,0,1,0,0,차대차 - 측면충돌,신호위반,건조,맑음,교차로 - 교차로안,승용,남,57세,상해없음,이륜,여,59세,중상
2021102500100085,2021년 10월 25일 08시,월요일,전라남도 순천시 조례동,경상사고,0,0,1,0,차대차 - 기타,안전운전불이행,건조,맑음,교차로 - 교차로안,승용,남,36세,상해없음,승용,여,46세,경상
2021102500100086,2021년 10월 25일 08시,월요일,전라남도 무안군 삼향읍,경상사고,0,0,2,0,차대차 - 추돌,안전운전불이행,건조,맑음,단일로 - 기타,승용,여,38세,경상,승용,남,38세,경상
2021102500100125,2021년 10월 25일 09시,월요일,전라남도 목포시 용해동,경상사고,0,0,1,0,차대차 - 기타,중앙선침범,건조,맑음,기타 - 기타,화물,남,47세,상해없음,화물,남,62세,경상
2021102500100126,2021년 10월 25일 09시,월요일,전라남도 순천시 낙안면,경상사고,0,0,1,0,차대차 - 추돌,안전거리미확보,건조,맑음,단일로 - 기타,승용,여,53세,상해없음,화물,남,62세,경상
2021102500100127,2021년 10월 25일 09시,월요일,전라남도 나주시 빛가람동,경상사고,0,0,3,0,차대차 - 측면충돌,신호위반,건조,맑음,교차로 - 교차로안,화물,남,65세,상해없음,승용,여,44세,경상
2021102500100170,2021년 10월 25일 10시,월요일,전라남도 순천시 풍덕동,중상사고,0,1,0,0,차대차 - 기타,신호위반,건조,맑음,교차로 - 교차로안,승용,남,41세,상해없음,개인형이동수단(PM),남,16세,중상
2021102500100201,2021년 10월 25일 11시,월요일,전라남도 강진군 강진읍,사망사고,1,0,0,0,차량단독 - 도로외이탈 - 기타,안전운전불이행,건조,맑음,단일로 - 기타,사륜오토바이(ATV),남,86세,사망,,,,
2021102500100202,2021년 10월 25일 11시,월요일,전라남도 광양시 중동,경상사고,0,0,1,0,차대사람 - 기타,안전운전불이행,건조,맑음,교차로 - 교차로안,승용,남,60세,상해없음,보행자,남,84세,경상
2021102500100306,2021년 10월 25일 14시,월요일,전라남도 순천시 송광면,중상사고,0,1,2,0,차대차 - 기타,중앙선침범,건조,맑음,교차로 - 교차로부근,승용,여,66세,상해없음,승용,남,63세,경상
2021102500100307,2021년 10월 25일 14시,월요일,전라남도 강진군 강진읍,경상사고,0,0,1,0,차대차 - 측면충돌,직진우회전진행방해,건조,맑음,교차로 - 교차로안,승용,남,79세,상해없음,승용,여,51세,경상
2021102500100353,2021년 10월 25일 15시,월요일,전라남도 목포시 산정동,중상사고,0,1,0,0,차대차 - 기타,중앙선침범,건조,맑음,단일로 - 기타,승용,남,46세,상해없음,자전거,남,11세,중상
2021102500100354,2021년 10월 25일 15시,월요일,전라남도 나주시 왕곡면,중상사고,0,1,0,0,차대차 - 측면충돌,안전거리미확보,건조,맑음,단일로 - 기타,이륜,남,60세,중상,승용,여,63세,상해없음
2021102500100400,2021년 10월 25일 16시,월요일,전라남도 고흥군 금산면,중상사고,0,1,0,0,차량단독 - 도로외이탈 - 추락,안전운전불이행,건조,맑음,기타 - 기타,화물,남,63세,중상,,,,
2021102500100488,2021년 10월 25일 18시,월요일,전라남도 해남군 마산면,경상사고,0,0,1,0,차대차 - 측면충돌,교차로운행방법위반,건조,맑음,교차로 - 교차로안,승용,남,70세,상해없음,승용,여,67세,경상
2021102500100489,2021년 10월 25일 18시,월요일,전라남도 화순군 동면,경상사고,0,0,1,0,차대차 - 측면충돌,안전거리미확보,건조,맑음,단일로 - 기타,승합,남,70세,상해없음,승용,남,34세,경상
2021102500100490,2021년 10월 25일 18시,월요일,전라남도 영암군 덕진면,경상사고,0,0,1,0,차량단독 - 공작물충돌,안전운전불이행,건조,맑음,단일로 - 기타,화물,여,61세,경상,,,,
2021102500100544,2021년 10월 25일 19시,월요일,전라남도 나주시 공산면,중상사고,0,1,2,0,차대차 - 측면충돌,신호위반,건조,맑음,교차로 - 교차로안,승용,여,55세,경상,승용,여,20세,경상
2021102500100545,2021년 10월 25일 19시,월요일,전라남도 장흥군 장흥읍,경상사고,0,0,2,0,차대차 - 추돌,안전운전불이행,건조,맑음,교차로 - 교차로안,승용,여,31세,경상,승용,남,29세,경상
2021102500100546,2021년 10월 25일 19시,월요일,전라남도 영암군 삼호읍,경상사고,0,0,5,0,차대차 - 측면충돌,교차로운행방법위반,건조,맑음,교차로 - 교차로안,승용,남,44세,상해없음,승용,여,39세,경상
2021102500100618,2021년 10월 25일 21시,월요일,전라남도 목포시 산정동,중상사고,0,1,2,0,차대차 - 기타,안전운전불이행,건조,맑음,교차로 - 교차로안,승용,남,38세,기타불명,승용,남,60세,경상
2021102500100619,2021년 10월 25일 21시,월요일,전라남도 광양시 광양읍,중상사고,0,1,0,0,차대사람 - 횡단중,안전운전불이행,건조,맑음,교차로 - 교차로부근,승용,남,49세,상해없음,보행자,여,84세,중상
2021102600100019,2021년 10월 26일 03시,화요일,전라남도 무안군 삼향읍,경상사고,0,0,1,0,차대차 - 기타,안전운전불이행,건조,맑음,교차로 - 교차로안,승용,여,48세,상해없음,승용,여,53세,경상
2021102600100021,2021년 10월 26일 04시,화요일,전라남도 목포시 죽교동,부상신고사고,0,0,0,1,차량단독 - 공작물충돌,안전운전불이행,건조,맑음,단일로 - 기타,이륜,남,70세,부상신고,,,,
2021102600100039,2021년 10월 26일 06시,화요일,전라남도 여수시 고소동,중상사고,0,1,0,0,차대사람 - 횡단중,안전운전불이행,건조,맑음,교차로 - 교차로횡단보도내,화물,남,59세,상해없음,보행자,여,85세,중상
2021102600100054,2021년 10월 26일 07시,화요일,전라남도 무안군 운남면,경상사고,0,0,1,0,차대차 - 측면충돌,신호위반,건조,맑음,교차로 - 교차로안,화물,남,64세,상해없음,화물,남,63세,경상
2021102600100080,2021년 10월 26일 08시,화요일,전라남도 순천시 남정동,중상사고,0,1,0,0,차대차 - 기타,안전운전불이행,건조,맑음,교차로 - 교차로횡단보도내,승용,여,24세,상해없음,자전거,남,80세,중상