사고번호,사고일시,요일,시군구,사고내용,사망자수,중상자수,경상자수,부상신고자수,사고유형,법규위반,노면상태,기상상태,도로형태,가해운전자 차종,가해운전자 성별,가해운전자 연령,가해운전자 상해정도,피해운전자 차종,피해운전자 성별,피해운전자 연령,피해운전자 상해정도
2021103000100565,2021년 10월 30일 23시,토요일,전라남도 여수시 봉산동,중상사고,0,1,1,0,차대사람 - 횡단중,보행자보호의무위반,건조,맑음,교차로 - 교차로횡단보도내,승용,남,55세,상해없음,보행자,여,45세,중상
2021103100100012,2021년 10월 31일 00시,일요일,전라남도 순천시 조례동,경상사고,0,0,1,0,차대사람 - 차도통행중,안전운전불이행,건조,맑음,단일로 - 기타,승용,남,24세,상해없음,보행자,남,21세,경상
2021103100100035,2021년 10월 31일 04시,일요일,전라남도 목포시 옥암동,중상사고,0,1,1,1,차대차 - 기타,직진우회전진행방해,건조,맑음,교차로 - 교차로안,승용,남,62세,경상,승용,남,59세,부상신고
2021103100100040,2021년 10월 31일 05시,일요일,전라남도 나주시 봉황면,경상사고,0,0,1,0,차대차 - 측면충돌,안전운전불이행,젖음/습기,안개,교차로 - 교차로부근,승용,남,37세,상해없음,이륜,여,71세,경상
2021103100100049,2021년 10월 31일 06시,일요일,전라남도 영암군 삼호읍,경상사고,0,0,2,0,차대차 - 측면충돌,안전운전불이행,건조,맑음,단일로 - 기타,승용,여,48세,경상,승용,남,76세,경상
2021103100100052,2021년 10월 31일 07시,일요일,전라남도 목포시 옥암동,경상사고,0,0,2,0,차대차 - 기타,신호위반,건조,맑음,교차로 - 교차로안,승용,남,65세,경상,승합,남,65세,경상
2021103100100074,2021년 10월 31일 09시,일요일,전라남도 장흥군 장흥읍,중상사고,0,1,0,0,차대사람 - 기타,신호위반,건조,맑음,단일로 - 기타,승용,남,86세,상해없음,보행자,여,55세,중상
2021103100100089,2021년 10월 31일 10시,일요일,전라남도 장흥군 장흥읍,경상사고,0,0,1,0,차량단독 - 기타,기타,건조,맑음,단일로 - 기타,화물,남,68세,경상,,,,
2021103100100090,2021년 10월 31일 10시,일요일,전라남도 영암군 영암읍,중상사고,0,1,2,0,차대차 - 측면충돌,중앙선침범,건조,맑음,단일로 - 기타,승용,남,75세,경상,승용,여,64세,중상
2021103100100091,2021년 10월 31일 10시,일요일,전라남도 영암군 도포면,중상사고,0,1,4,0,차대차 - 추돌,안전운전불이행,건조,맑음,단일로 - 기타,승용,남,48세,중상,승용,남,48세,경상
2021103100100092,2021년 10월 31일 10시,일요일,전라남도 영암군 도포면,중상사고,0,1,3,0,차대차 - 추돌,안전운전불이행,건조,맑음,단일로 - 기타,승용,남,29세,상해없음,승용,남,48세,중상
2021103100100093,2021년 10월 31일 10시,일요일,전라남도 광양시 중동,중상사고,0,1,0,0,차대사람 - 횡단중,보행자보호의무위반,건조,맑음,단일로 - 기타,승용,남,26세,상해없음,보행자,여,64세,중상
2021103100100115,2021년 10월 31일 11시,일요일,전라남도 고흥군 동일면,경상사고,0,0,4,0,차대차 - 측면충돌,기타,건조,맑음,교차로 - 교차로안,승용,남,52세,상해없음,화물,남,51세,경상
2021103100100116,2021년 10월 31일 11시,일요일,전라남도 광양시 중동,경상사고,0,0,2,0,차대차 - 추돌,안전거리미확보,건조,맑음,교차로 - 교차로부근,승용,남,64세,상해없음,승용,남,28세,경상
2021103100100140,2021년 10월 31일 12시,일요일,전라남도 순천시 연향동,경상사고,0,0,1,0,차대차 - 측면충돌,안전거리미확보,건조,맑음,단일로 - 기타,승용,여,27세,상해없음,승용,여,38세,경상
2021103100100180,2021년 10월 31일 13시,일요일,전라남도 여수시 문수동,경상사고,0,0,1,0,차대사람 - 횡단중,신호위반,건조,맑음,단일로 - 기타,승용,여,56세,상해없음,보행자,남,5세,경상
2021103100100181,2021년 10월 31일 13시,일요일,전라남도 순천시 별량면,중상사고,0,2,1,0,차대차 - 측면충돌,신호위반,건조,맑음,교차로 - 교차로부근,화물,남,59세,경상,승용,남,58세,중상
2021103100100245,2021년 10월 31일 15시,일요일,전라남도 순천시 해룡면,경상사고,0,0,1,0,차대차 - 측면충돌,안전거리미확보,건조,맑음,단일로 - 기타,승용,남,59세,경상,화물,남,58세,상해없음
2021103100100287,2021년 10월 31일 16시,일요일,전라남도 장성군 진원면,경상사고,0,0,1,0,차대차 - 추돌,안전운전불이행,건조,맑음,교차로 - 교차로부근,승용,여,24세,상해없음,승용,남,55세,상해없음
2021103100100288,2021년 10월 31일 16시,일요일,전라남도 강진군 마량면,경상사고,0,0,1,0,차량단독 - 공작물충돌,안전운전불이행,건조,맑음,단일로 - 기타,승용,남,57세,경상,,,,
2021103100100289,2021년 10월 31일 16시,일요일,전라남도 구례군 문척면,경상사고,0,0,1,0,차대사람 - 기타,안전운전불이행,건조,맑음,단일로 - 기타,승용,남,38세,상해없음,보행자,여,85세,경상
2021103100100370,2021년 10월 31일 18시,일요일,전라남도 순천시 풍덕동,경상사고,0,0,1,0,차대차 - 측면충돌,직진우회전진행방해,건조,맑음,교차로 - 교차로안,승용,남,18세,경상,승용,남,64세,상해없음
2021103100100371,2021년 10월 31일 18시,일요일,전라남도 순천시 연향동,경상사고,0,0,3,0,차대차 - 기타,안전운전불이행,건조,맑음,단일로 - 기타,승합,남,25세,상해없음,승용,남,29세,경상
2021103100100474,2021년 10월 31일 22시,일요일,전라남도 목포시 옥암동,경상사고,0,0,1,0,차대차 - 기타,기타,건조,맑음,교차로 - 교차로부근,승용,남,65세,상해없음,승용,남,28세,상해없음
2021110100100010,2021년 11월 1일 00시,월요일,전라남도 무안군 삼향읍,경상사고,0,0,2,0,차대차 - 기타,신호위반,건조,맑음,교차로 - 교차로안,승용,여,26세,상해없음,승용,여,24세,경상
2021110100100036,2021년 11월 1일 05시,월요일,전라남도 무안군 청계면,사망사고,1,0,0,0,차대사람 - 기타,안전운전불이행,건조,맑음,교차로 - 교차로부근,화물,남,63세,상해없음,보행자,여,73세,사망
2021110100100043,2021년 11월 1일 06시,월요일,전라남도 장성군 장성읍,사망사고,1,0,0,0,차대차 - 측면충돌,기타,건조,맑음,단일로 - 기타,승용,남,40세,상해없음,이륜,남,72세,사망
2021110100100067,2021년 11월 1일 07시,월요일,전라남도 나주시 남평읍,중상사고,0,1,0,0,차대사람 - 횡단중,보행자보호의무위반,건조,맑음,교차로 - 교차로안,승용,남,41세,상해없음,보행자,남,60세,중상
2021110100100097,2021년 11월 1일 08시,월요일,전라남도 순천시 해룡면,경상사고,0,0,1,0,차대차 - 기타,안전운전불이행,건조,맑음,단일로 - 기타,승용,남,26세,상해없음,승용,남,38세,경상
2021110100100160,2021년 11월 1일 10시,월요일,전라남도 목포시 용해동,경상사고,0,0,1,0,차대차 - 기타,안전거리미확보,건조,맑음,단일로 - 기타,승용,여,38세,상해없음,승용,여,49세,경상
2021110100100161,2021년 11월 1일 10시,월요일,전라남도 목포시 상동,경상사고,0,0,1,0,차대차 - 기타,안전운전불이행,건조,맑음,교차로 - 교차로안,화물,남,23세,경상,승용,여,69세,상해없음
2021110100100162,2021년 11월 1일 10시,월요일,전라남도 나주시 이창동,중상사고,0,1,0,0,차대차 - 측면충돌,교차로운행방법위반,건조,맑음,교차로 - 교차로안,화물,남,61세,상해없음,자전거,남,87세,중상
2021110100100235,2021년 11월 1일 12시,월요일,전라남도 고흥군 과역면,경상사고,0,0,1,0,차대차 - 기타,교차로운행방법위반,건조,맑음,교차로 - 교차로안,승용,남,50세,상해없음,승용,남,55세,경상
2021110100100298,2021년 11월 1일 14시,월요일,전라남도 순천시 장천동,경상사고,0,0,2,0,차대차 - 기타,안전운전불이행,건조,맑음,단일로 - 기타,승용,남,64세,상해없음,승합,남,43세,상해없음
2021110100100299,2021년 11월 1일 14시,월요일,전라남도 장흥군 장흥읍,경상사고,0,0,2,0,차대차 - 측면충돌,신호위반,건조,맑음,교차로 - 교차로안,승용,여,69세,경상,화물,남,66세,경상
2021110100100387,2021년 11월 1일 16시,월요일,전라남도 순천시 해룡면,경상사고,0,0,1,0,차대차 - 기타,안전운전불이행,건조,맑음,단일로 - 기타,승용,여,53세,상해없음,자전거,남,10세,경상
2021110100100427,2021년 11월 1일 17시,월요일,전라남도 목포시 상동,경상사고,0,0,1,0,차대차 - 기타,안전운전불이행,건조,흐림,교차로 - 교차로안,승용,여,61세,상해없음,승용,여,37세,경상
2021110100100428,2021년 11월 1일 17시,월요일,전라남도 목포시 용당동,경상사고,0,0,1,0,차대차 - 기타,기타,건조,맑음,교차로 - 교차로안,승용,남,43세,상해없음,승용,남,57세,경상
2021110100100429,2021년 11월 1일 17시,월요일,전라남도 여수시 월내동,경상사고,0,0,1,0,차대차 - 측면충돌,신호위반,건조,맑음,교차로 - 교차로안,승용,남,25세,상해없음,승용,남,58세,경상
2021110100100430,2021년 11월 1일 17시,월요일,전라남도 화순군 화순읍,경상사고,0,0,1,0,차대차 - 기타,안전운전불이행,건조,맑음,교차로 - 교차로안,승용,남,26세,상해없음,승용,남,25세,경상
2021110100100431,2021년 11월 1일 17시,월요일,전라남도 강진군 군동면,중상사고,0,1,0,0,차대사람 - 길가장자리구역통행중,안전운전불이행,건조,맑음,교차로 - 교차로안,승용,남,59세,상해없음,보행자,여,80세,중상
2021110100100484,2021년 11월 1일 18시,월요일,전라남도 여수시 소라면,경상사고,0,0,1,0,차대차 - 측면충돌,안전운전불이행,건조,맑음,교차로 - 교차로안,승용,여,32세,상해없음,화물,남,21세,경상
2021110100100485,2021년 11월 1일 18시,월요일,전라남도 여수시 여천동,경상사고,0,0,1,0,차대차 - 기타,신호위반,건조,맑음,교차로 - 교차로부근,승용,여,62세,상해없음,승용,여,37세,경상
2021110100100486,2021년 11월 1일 18시,월요일,전라남도 나주시 세지면,중상사고,0,1,1,0,차대사람 - 기타,안전운전불이행,건조,맑음,단일로 - 기타,화물,남,65세,경상,보행자,남,70세,중상
2021110100100487,2021년 11월 1일 18시,월요일,전라남도 나주시 산포면,중상사고,0,1,0,0,차대차 - 정면충돌,안전운전불이행,건조,맑음,교차로 - 교차로안,원동기,남,53세,중상,승용,남,60세,상해없음
2021110100100573,2021년 11월 1일 21시,월요일,전라남도 순천시 조례동,경상사고,0,0,1,0,차대차 - 기타,안전운전불이행,건조,맑음,단일로 - 기타,승용,여,41세,상해없음,이륜,남,23세,경상
2021110100100612,2021년 11월 1일 23시,월요일,전라남도 목포시 온금동,경상사고,0,0,2,0,차대차 - 정면충돌,중앙선침범,건조,맑음,단일로 - 기타,승용,남,52세,상해없음,화물,남,49세,경상
2021110200100045,2021년 11월 2일 05시,화요일,전라남도 진도군 진도읍,경상사고,0,0,4,0,차대차 - 추돌,중앙선침범,건조,맑음,단일로 - 기타,건설기계,남,61세,상해없음,승용,여,48세,경상
2021110200100081,2021년 11월 2일 07시,화요일,전라남도 순천시 남정동,중상사고,0,1,0,0,차대사람 - 기타,안전운전불이행,건조,맑음,단일로 - 기타,화물,남,78세,상해없음,보행자,여,71세,중상
2021110200100082,2021년 11월 2일 07시,화요일,전라남도 함평군 함평읍,중상사고,0,2,1,0,차대차 - 측면충돌,교차로운행방법위반,건조,맑음,교차로 - 교차로안,승용,여,59세,경상,화물,남,47세,중상
2021110200100106,2021년 11월 2일 08시,화요일,전라남도 순천시 조례동,경상사고,0,0,1,0,차대차 - 측면충돌,안전운전불이행,건조,맑음,단일로 - 기타,승용,여,49세,상해없음,승용,여,65세,경상
2021110200100107,2021년 11월 2일 08시,화요일,전라남도 나주시 동강면,경상사고,0,0,1,0,차대차 - 기타,중앙선침범,젖음/습기,안개,단일로 - 기타,승용,여,71세,상해없음,승용,남,41세,경상
2021110200100108,2021년 11월 2일 08시,화요일,전라남도 영광군 염산면,중상사고,0,1,0,0,차대차 - 측면충돌,교차로운행방법위반,건조,맑음,교차로 - 교차로안,사륜오토바이(ATV),여,71세,중상,승합,남,49세,상해없음
2021110200100177,2021년 11월 2일 10시,화요일,전라남도 담양군 담양읍,경상사고,0,0,1,0,차대사람 - 기타,안전운전불이행,건조,맑음,단일로 - 기타,승용,남,66세,상해없음,보행자,여,57세,경상
2021110200100235,2021년 11월 2일 12시,화요일,전라남도 목포시 산정동,중상사고,0,1,0,0,차대사람 - 횡단중,안전운전불이행,건조,맑음,단일로 - 기타,화물,남,57세,상해없음,보행자,여,78세,중상
2021110200100236,2021년 11월 2일 12시,화요일,전라남도 강진군 강진읍,부상신고사고,0,0,0,1,차대차 - 측면충돌,안전운전불이행,건조,맑음,교차로 - 교차로부근,이륜,남,19세,상해없음,이륜,남,82세,부상신고
2021110200100271,2021년 11월 2일 13시,화요일,전라남도 목포시 호남동,경상사고,0,0,1,0,차대차 - 측면충돌,안전운전불이행,건조,맑음,교차로 - 교차로부근,승용,남,52세,상해없음,승용,남,70세,경상
2021110200100272,2021년 11월 2일 13시,화요일,전라남도 나주시 성북동,경상사고,0,0,1,0,차대사람 - 기타,보행자보호의무위반,건조,맑음,교차로 - 교차로횡단보도내,화물,여,63세,상해없음,보행자,남,77세,경상
2021110200100273,2021년 11월 2일 13시,화요일,전라남도 강진군 도암면,중상사고,0,2,1,0,차대차 - 정면충돌,중앙선침범,건조,맑음,단일로 - 기타,승용,여,57세,경상,승용,남,60세,중상
2021110200100310,2021년 11월 2일 14시,화요일,전라남도 여수시 문수동,경상사고,0,0,1,0,차대사람 - 횡단중,안전운전불이행,건조,맑음,단일로 - 기타,승용,여,39세,상해없음,보행자,남,7세,경상
2021110200100311,2021년 11월 2일 14시,화요일,전라남도 화순군 화순읍,경상사고,0,0,1,0,차대차 - 추돌,안전운전불이행,건조,맑음,교차로 - 교차로안,이륜,남,29세,상해없음,승용,여,43세,경상
2021110200100372,2021년 11월 2일 16시,화요일,전라남도 보성군 보성읍,경상사고,0,0,1,0,차대차 - 측면충돌,차로위반,건조,맑음,교차로 - 교차로안,승용,남,66세,경상,승용,남,79세,상해없음
2021110200100373,2021년 11월 2일 16시,화요일,전라남도 무안군 현경면,경상사고,0,0,1,0,차대차 - 기타,안전운전불이행,건조,맑음,단일로 - 기타,승용,남,57세,상해없음,승용,여,52세,경상
2021110200100411,2021년 11월 2일 17시,화요일,전라남도 영암군 삼호읍,사망사고,1,0,0,0,차대사람 - 차도통행중,기타,건조,맑음,단일로 - 기타,승용,남,57세,상해없음,보행자,여,85세,사망
2021110200100463,2021년 11월 2일 18시,화요일,전라남도 목포시 호남동,경상사고,0,0,2,0,차대차 - 측면충돌,안전운전불이행,건조,맑음,교차로 - 교차로부근,승용,남,56세,경상,승용,여,30세,경상
2021110200100464,2021년 11월 2일 18시,화요일,전라남도 나주시 빛가람동,경상사고,0,0,2,0,차대차 - 측면충돌,신호위반,건조,맑음,교차로 - 교차로안,승용,여,30세,경상,승용,여,41세,경상
2021110200100465,2021년 11월 2일 18시,화요일,전라남도 담양군 수북면,중상사고,0,1,2,0,차대차 - 추돌,안전운전불이행,건조,맑음,단일로 - 기타,화물,남,46세,기타불명,승용,남,45세,중상
2021110200100466,2021년 11월 2일 18시,화요일,전라남도 담양군 담양읍,경상사고,0,0,1,0,차대차 - 측면충돌,안전운전불이행,건조,맑음,교차로 - 교차로부근,화물,남,55세,상해없음,승합,여,54세,경상
2021110200100542,2021년 11월 2일 20시,화요일,전라남도 나주시 남평읍,중상사고,0,2,4,0,차대차 - 측면충돌,신호위반,건조,맑음,교차로 - 교차로안,승합,남,64세,경상,승용,여,30세,중상
2021110200100565,2021년 11월 2일 21시,화요일,전라남도 목포시 용당동,경상사고,0,0,1,0,차대차 - 측면충돌,신호위반,건조,맑음,교차로 - 교차로부근,이륜,남,26세,경상,승용,여,39세,상해없음
2021110200100590,2021년 11월 2일 22시,화요일,전라남도 목포시 옥암동,중상사고,0,1,0,0,차대차 - 기타,신호위반,건조,맑음,교차로 - 교차로안,승용,남,21세,상해없음,승용,남,59세,중상
2021110300100106,2021년 11월 3일 08시,수요일,전라남도 목포시 상동,경상사고,0,0,1,0,차대차 - 기타,안전운전불이행,건조,맑음,교차로 - 교차로안,승용,여,43세,경상,승용,남,69세,상해없음
2021110300100107,2021년 11월 3일 08시,수요일,전라남도 순천시 조례동,경상사고,0,0,1,0,차대차 - 추돌,안전운전불이행,건조,맑음,교차로 - 교차로부근,승용,남,19세,상해없음,승용,여,30세,경상
2021110300100108,2021년 11월 3일 08시,수요일,전라남도 광양시 황길동,중상사고,0,1,0,0,차대사람 - 차도통행중,안전운전불이행,건조,맑음,교차로 - 교차로안,화물,남,59세,상해없음,보행자,여,69세,중상
2021110300100174,2021년 11월 3일 10시,수요일,전라남도 목포시 금화동,중상사고,0,1,5,0,차대차 - 기타,안전운전불이행,건조,맑음,단일로 - 기타,승용,여,59세,경상,화물,여,35세,경상
2021110300100175,2021년 11월 3일 10시,수요일,전라남도 순천시 조례동,경상사고,0,0,1,0,차대차 - 측면충돌,안전운전불이행,건조,기타,교차로 - 교차로안,승용,남,25세,기타불명,승용,남,44세,경상
2021110300100176,2021년 11월 3일 10시,수요일,전라남도 함평군 월야면,경상사고,0,0,2,0,차대차 - 측면충돌,신호위반,건조,맑음,교차로 - 교차로안,승용,남,39세,경상,승용,남,64세,경상
2021110300100218,2021년 11월 3일 11시,수요일,전라남도 무안군 삼향읍,중상사고,0,1,0,0,차대차 - 추돌,안전운전불이행,건조,맑음,단일로 - 기타,화물,남,68세,중상,화물,남,58세,상해없음
2021110300100257,2021년 11월 3일 12시,수요일,전라남도 여수시 둔덕동,경상사고,0,0,3,0,차대차 - 추돌,안전운전불이행,건조,맑음,단일로 - 기타,승용,남,45세,경상,승용,남,40세,경상
2021110300100286,2021년 11월 3일 13시,수요일,전라남도 목포시 상동,경상사고,0,0,3,0,차대차 - 측면충돌,신호위반,건조,맑음,교차로 - 교차로안,승용,여,64세,상해없음,승용,남,56세,경상
2021110300100287,2021년 11월 3일 13시,수요일,전라남도 여수시 서교동,경상사고,0,0,1,0,차대차 - 기타,안전운전불이행,건조,맑음,단일로 - 기타,승용,여,59세,상해없음,승용,남,31세,경상
2021110300100288,2021년 11월 3일 13시,수요일,전라남도 영광군 염산면,사망사고,1,1,0,0,차대차 - 측면충돌,신호위반,건조,맑음,교차로 - 교차로안,화물,남,49세,상해없음,원동기,남,78세,사망
2021110300100289,2021년 11월 3일 13시,수요일,전라남도 장성군 남면,중상사고,0,1,1,0,차대차 - 측면충돌,신호위반,건조,맑음,교차로 - 교차로안,화물,남,54세,상해없음,승용,여,44세,중상
2021110300100315,2021년 11월 3일 14시,수요일,전라남도 보성군 벌교읍,경상사고,0,0,1,0,차대사람 - 기타,안전운전불이행,건조,맑음,주차장 - 주차장,화물,여,61세,상해없음,보행자,여,51세,경상
2021110300100316,2021년 11월 3일 14시,수요일,전라남도 화순군 화순읍,경상사고,0,0,1,0,차대차 - 추돌,안전거리미확보,건조,맑음,단일로 - 기타,승용,여,42세,상해없음,승용,여,30세,경상
2021110300100353,2021년 11월 3일 15시,수요일,전라남도 해남군 송지면,경상사고,0,0,1,0,차대차 - 측면충돌,안전운전불이행,건조,맑음,단일로 - 기타,화물,남,75세,상해없음,이륜,남,85세,경상
2021110300100354,2021년 11월 3일 15시,수요일,전라남도 담양군 담양읍,경상사고,0,0,1,0,차대차 - 기타,안전운전불이행,건조,맑음,교차로 - 교차로부근,화물,남,48세,상해없음,이륜,남,69세,경상
2021110300100382,2021년 11월 3일 16시,수요일,전라남도 여수시 월하동,경상사고,0,0,1,0,차대차 - 측면충돌,차로위반,건조,맑음,단일로 - 기타,승용,남,41세,상해없음,화물,남,56세,경상
2021110300100383,2021년 11월 3일 16시,수요일,전라남도 무안군 삼향읍,경상사고,0,0,1,0,차대차 - 측면충돌,안전운전불이행,건조,맑음,단일로 - 기타,승용,남,52세,상해없음,이륜,남,31세,경상
2021110300100384,2021년 11월 3일 16시,수요일,전라남도 무안군 삼향읍,경상사고,0,0,1,0,차대차 - 측면충돌,신호위반,건조,맑음,교차로 - 교차로안,화물,남,41세,상해없음,승용,남,81세,경상
2021110300100385,2021년 11월 3일 16시,수요일,전라남도 광양시 중동,경상사고,0,0,1,0,차대차 - 측면충돌,교차로운행방법위반,건조,맑음,교차로 - 교차로안,화물,남,60세,상해없음,승용,여,21세,경상
2021110300100532,2021년 11월 3일 19시,수요일,전라남도 여수시 종화동,경상사고,0,0,1,0,차대사람 - 차도통행중,중앙선침범,건조,맑음,단일로 - 기타,승용,남,60세,상해없음,보행자,여,19세,경상
2021110300100533,2021년 11월 3일 19시,수요일,전라남도 여수시 국동,경상사고,0,0,1,0,차대차 - 측면충돌,교차로운행방법위반,건조,맑음,교차로 - 교차로안,승용,남,38세,상해없음,승합,남,25세,경상
2021110300100534,2021년 11월 3일 19시,수요일,전라남도 순천시 용당동,경상사고,0,0,1,0,차대사람 - 횡단중,안전운전불이행,건조,맑음,교차로 - 교차로안,승용,여,57세,상해없음,보행자,여,43세,경상
2021110300100590,2021년 11월 3일 21시,수요일,전라남도 목포시 용해동,경상사고,0,0,2,0,차대차 - 기타,신호위반,건조,맑음,교차로 - 교차로안,승용,남,63세,상해없음,승용,남,43세,경상
2021110300100615,2021년 11월 3일 22시,수요일,전라남도 순천시 해룡면,경상사고,0,0,2,0,차대차 - 추돌,안전운전불이행,건조,맑음,단일로 - 기타,승용,남,42세,상해없음,승용,남,56세,경상
2021110400100046,2021년 11월 4일 05시,목요일,전라남도 여수시 선원동,경상사고,0,0,1,0,차대차 - 측면충돌,신호위반,건조,맑음,교차로 - 교차로안,승용,남,67세,상해없음,승용,여,54세,경상
2021110400100077,2021년 11월 4일 07시,목요일,전라남도 보성군 웅치면,경상사고,0,0,1,1,차대차 - 측면충돌,안전운전불이행,건조,맑음,단일로 - 기타,화물,남,70세,부상신고,건설기계,남,59세,경상
2021110400100078,2021년 11월 4일 07시,목요일,전라남도 광양시 마동,경상사고,0,0,1,0,차대차 - 추돌,안전거리미확보,건조,맑음,단일로 - 교량,특수,남,54세,상해없음,화물,남,55세,경상
2021110400100122,2021년 11월 4일 08시,목요일,전라남도 순천시 장천동,경상사고,0,0,1,0,차대사람 - 차도통행중,안전운전불이행,건조,맑음,단일로 - 기타,화물,남,37세,상해없음,보행자,여,59세,경상
2021110400100153,2021년 11월 4일 09시,목요일,전라남도 신안군 증도면,중상사고,0,1,0,0,차대사람 - 차도통행중,안전운전불이행,건조,맑음,단일로 - 기타,화물,여,46세,상해없음,보행자,남,77세,중상
2021110400100154,2021년 11월 4일 09시,목요일,전라남도 무안군 삼향읍,경상사고,0,0,1,0,차대차 - 추돌,안전운전불이행,건조,맑음,단일로 - 지하차도(도로)내,승용,여,52세,상해없음,승용,여,44세,경상
2021110400100204,2021년 11월 4일 11시,목요일,전라남도 고흥군 점암면,경상사고,0,0,1,0,차대차 - 기타,안전운전불이행,건조,맑음,단일로 - 기타,승용,남,69세,상해없음,화물,남,74세,경상
2021110400100205,2021년 11월 4일 11시,목요일,전라남도 장성군 황룡면,경상사고,0,0,2,1,차대차 - 추돌,신호위반,건조,맑음,교차로 - 교차로안,화물,남,70세,부상신고,승용,여,72세,경상
2021110400100234,2021년 11월 4일 12시,목요일,전라남도 담양군 봉산면,경상사고,0,0,1,0,차대차 - 측면충돌,중앙선침범,건조,맑음,교차로 - 교차로안,이륜,남,81세,경상,승용,남,49세,상해없음
2021110400100235,2021년 11월 4일 12시,목요일,전라남도 구례군 토지면,경상사고,0,0,1,0,차량단독 - 기타,기타,건조,맑음,주차장 - 주차장,승용,남,65세,상해없음,,,,
2021110400100273,2021년 11월 4일 13시,목요일,전라남도 여수시 학동,중상사고,0,1,0,0,차대사람 - 길가장자리구역통행중,안전운전불이행,건조,맑음,단일로 - 기타,승용,여,30세,상해없음,보행자,여,61세,중상
2021110400100274,2021년 11월 4일 13시,목요일,전라남도 보성군 득량면,중상사고,0,1,3,0,차대차 - 측면충돌,중앙선침범,건조,맑음,교차로 - 교차로안,화물,남,77세,상해없음,화물,남,61세,경상
2021110400100367,2021년 11월 4일 16시,목요일,전라남도 목포시 상동,경상사고,0,0,2,0,차대차 - 기타,신호위반,건조,맑음,교차로 - 교차로안,승용,여,57세,경상,승용,남,39세,경상
2021110400100425,2021년 11월 4일 17시,목요일,전라남도 나주시 대호동,중상사고,0,1,0,0,차대사람 - 횡단중,기타,건조,맑음,단일로 - 기타,승용,남,55세,상해없음,보행자,여,76세,중상
2021110400100426,2021년 11월 4일 17시,목요일,전라남도 영광군 군남면,중상사고,0,1,1,0,차대차 - 측면충돌,안전운전불이행,건조,맑음,교차로 - 교차로안,화물,남,71세,상해없음,승합,남,66세,경상
2021110400100427,2021년 11월 4일 17시,목요일,전라남도 영암군 삼호읍,중상사고,0,1,0,0,차대차 - 측면충돌,직진우회전진행방해,건조,맑음,교차로 - 교차로안,승용,남,32세,상해없음,자전거,남,60세,중상
2021110400100429,2021년 11월 4일 17시,목요일,전라남도 광양시 옥곡면,중상사고,0,1,0,0,차대사람 - 차도통행중,안전운전불이행,건조,맑음,교차로 - 교차로안,화물,남,51세,상해없음,보행자,남,68세,중상
2021110400100480,2021년 11월 4일 18시,목요일,전라남도 여수시 소호동,경상사고,0,0,1,0,차대차 - 추돌,안전운전불이행,건조,맑음,단일로 - 기타,승용,여,55세,기타불명,승용,여,34세,경상
2021110400100481,2021년 11월 4일 18시,목요일,전라남도 영광군 군서면,경상사고,0,0,1,0,차대차 - 추돌,기타,건조,맑음,단일로 - 기타,승용,남,28세,상해없음,농기계,남,51세,경상
2021110400100482,2021년 11월 4일 18시,목요일,전라남도 화순군 화순읍,중상사고,0,1,1,0,차대차 - 측면충돌,중앙선침범,건조,맑음,단일로 - 기타,승용,남,21세,상해없음,승용,남,25세,경상
2021110400100569,2021년 11월 4일 20시,목요일,전라남도 해남군 송지면,중상사고,0,1,1,0,차대차 - 측면충돌,중앙선침범,건조,맑음,기타 - 기타,화물,남,69세,경상,화물,남,60세,중상
2021110400100570,2021년 11월 4일 20시,목요일,전라남도 화순군 동면,경상사고,0,0,1,0,차량단독 - 도로외이탈 - 추락,안전운전불이행,건조,맑음,단일로 - 기타,사륜오토바이(ATV),남,73세,경상,,,,
2021110400100571,2021년 11월 4일 20시,목요일,전라남도 화순군 화순읍,경상사고,0,0,1,0,차대차 - 후진중충돌,안전운전불이행,건조,맑음,교차로 - 교차로부근,승용,여,57세,상해없음,승용,여,49세,경상
2021110500100061,2021년 11월 5일 06시,금요일,전라남도 여수시 충무동,중상사고,0,1,0,0,차대사람 - 횡단중,안전운전불이행,건조,맑음,교차로 - 교차로횡단보도내,승용,여,59세,상해없음,보행자,여,84세,중상
2021110500100062,2021년 11월 5일 06시,금요일,전라남도 나주시 왕곡면,경상사고,0,0,2,0,차대차 - 추돌,안전운전불이행,건조,맑음,교차로 - 교차로부근,화물,남,66세,상해없음,화물,남,68세,경상
2021110500100080,2021년 11월 5일 07시,금요일,전라남도 무안군 무안읍,경상사고,0,0,1,0,차대차 - 추돌,안전운전불이행,건조,맑음,단일로 - 기타,승용,여,40세,상해없음,화물,남,53세,경상
2021110500100155,2021년 11월 5일 09시,금요일,전라남도 순천시 조례동,중상사고,0,1,0,0,차대사람 - 기타,보행자보호의무위반,건조,맑음,교차로 - 교차로횡단보도내,승용,남,50세,상해없음,보행자,남,65세,중상
2021110500100156,2021년 11월 5일 09시,금요일,전라남도 화순군 화순읍,경상사고,0,0,3,0,차대차 - 측면충돌,직진우회전진행방해,건조,맑음,교차로 - 교차로안,승용,여,64세,경상,승합,여,43세,경상
2021110500100209,2021년 11월 5일 11시,금요일,전라남도 영광군 홍농읍,중상사고,0,1,0,0,차대차 - 측면충돌,안전운전불이행,건조,맑음,교차로 - 교차로안,이륜,남,79세,중상,화물,남,59세,상해없음