사고번호,사고일시,요일,시군구,사고내용,사망자수,중상자수,경상자수,부상신고자수,사고유형,법규위반,노면상태,기상상태,도로형태,가해운전자 차종,가해운전자 성별,가해운전자 연령,가해운전자 상해정도,피해운전자 차종,피해운전자 성별,피해운전자 연령,피해운전자 상해정도
2021110500100241,2021년 11월 5일 12시,금요일,전라남도 목포시 옥암동,경상사고,0,0,1,0,차대차 - 추돌,안전운전불이행,건조,맑음,단일로 - 기타,승용,남,39세,상해없음,승용,여,51세,경상
2021110500100242,2021년 11월 5일 12시,금요일,전라남도 영광군 법성면,중상사고,0,1,0,1,차대차 - 측면충돌,직진우회전진행방해,건조,맑음,교차로 - 교차로안,사륜오토바이(ATV),남,82세,부상신고,승용,여,23세,상해없음
2021110500100285,2021년 11월 5일 13시,금요일,전라남도 광양시 광양읍,경상사고,0,0,1,0,차대차 - 측면충돌,교차로운행방법위반,건조,맑음,교차로 - 교차로안,승용,여,38세,상해없음,개인형이동수단(PM),남,22세,경상
2021110500100323,2021년 11월 5일 14시,금요일,전라남도 구례군 구례읍,경상사고,0,0,1,0,차대사람 - 기타,안전운전불이행,건조,맑음,단일로 - 기타,승용,남,41세,상해없음,보행자,여,65세,경상
2021110500100353,2021년 11월 5일 15시,금요일,전라남도 순천시 조례동,경상사고,0,0,3,0,차대차 - 측면충돌,중앙선침범,건조,맑음,단일로 - 기타,승용,여,60세,기타불명,승용,남,65세,경상
2021110500100391,2021년 11월 5일 16시,금요일,전라남도 보성군 조성면,경상사고,0,0,1,0,차대차 - 측면충돌,직진우회전진행방해,건조,맑음,교차로 - 교차로안,승용,남,70세,상해없음,승용,여,52세,경상
2021110500100443,2021년 11월 5일 17시,금요일,전라남도 순천시 해룡면,경상사고,0,0,1,0,차대차 - 기타,안전운전불이행,건조,맑음,기타 - 기타,특수,남,66세,상해없음,승용,여,57세,경상
2021110500100444,2021년 11월 5일 17시,금요일,전라남도 고흥군 금산면,경상사고,0,0,1,0,차대차 - 측면충돌,안전운전불이행,건조,맑음,기타 - 기타,승용,남,63세,상해없음,승용,남,69세,경상
2021110500100445,2021년 11월 5일 17시,금요일,전라남도 화순군 화순읍,경상사고,0,0,1,0,차대사람 - 기타,안전운전불이행,건조,맑음,단일로 - 기타,승용,여,41세,상해없음,보행자,여,56세,경상
2021110500100515,2021년 11월 5일 18시,금요일,전라남도 순천시 연향동,경상사고,0,0,1,0,차대차 - 기타,안전운전불이행,건조,기타,교차로 - 교차로안,이륜,남,32세,경상,승용,남,56세,상해없음
2021110500100516,2021년 11월 5일 18시,금요일,전라남도 보성군 득량면,경상사고,0,0,2,0,차대차 - 추돌,안전거리미확보,건조,맑음,단일로 - 기타,승용,남,74세,경상,화물,남,52세,경상
2021110500100565,2021년 11월 5일 19시,금요일,전라남도 목포시 옥암동,경상사고,0,0,1,0,차대차 - 추돌,안전운전불이행,건조,맑음,단일로 - 기타,승합,남,40세,상해없음,승용,여,58세,경상
2021110500100566,2021년 11월 5일 19시,금요일,전라남도 여수시 선원동,경상사고,0,0,1,0,차대차 - 추돌,안전운전불이행,건조,맑음,교차로 - 교차로부근,화물,남,54세,상해없음,승용,여,37세,경상
2021110500100567,2021년 11월 5일 19시,금요일,전라남도 순천시 가곡동,중상사고,0,3,2,0,차대차 - 측면충돌,안전운전불이행,건조,맑음,단일로 - 기타,승용,여,41세,경상,승용,남,58세,중상
2021110500100568,2021년 11월 5일 19시,금요일,전라남도 나주시 남평읍,경상사고,0,0,1,0,차대사람 - 기타,안전운전불이행,건조,맑음,주차장 - 주차장,승용,남,57세,상해없음,보행자,여,31세,경상
2021110500100673,2021년 11월 5일 22시,금요일,전라남도 목포시 산정동,경상사고,0,0,3,0,차대차 - 추돌,안전운전불이행,건조,맑음,교차로 - 교차로부근,승용,남,35세,경상,승용,남,52세,경상
2021110500100674,2021년 11월 5일 22시,금요일,전라남도 순천시 연향동,경상사고,0,0,1,0,차대차 - 추돌,안전거리미확보,건조,맑음,기타 - 기타,승용,여,50세,상해없음,승용,남,32세,경상
2021110600100015,2021년 11월 6일 00시,토요일,전라남도 목포시 용해동,중상사고,0,1,4,0,차대차 - 측면충돌,직진우회전진행방해,건조,맑음,교차로 - 교차로안,승용,여,31세,경상,승용,남,61세,경상
2021110600100049,2021년 11월 6일 03시,토요일,전라남도 강진군 작천면,경상사고,0,0,1,0,차대사람 - 기타,기타,건조,맑음,단일로 - 기타,기타불명,기타불명,미분류,기타불명,보행자,남,86세,경상
2021110600100058,2021년 11월 6일 04시,토요일,전라남도 목포시 용해동,중상사고,0,1,0,0,차대차 - 기타,안전운전불이행,건조,맑음,단일로 - 기타,승용,남,36세,상해없음,이륜,남,56세,중상
2021110600100081,2021년 11월 6일 07시,토요일,전라남도 여수시 학동,경상사고,0,0,1,0,차대차 - 측면충돌,안전운전불이행,건조,맑음,교차로 - 교차로안,승용,여,54세,상해없음,승용,남,38세,경상
2021110600100082,2021년 11월 6일 07시,토요일,전라남도 여수시 돌산읍,경상사고,0,0,2,0,차대차 - 측면충돌,안전운전불이행,건조,맑음,교차로 - 교차로안,이륜,남,44세,상해없음,화물,남,73세,경상
2021110600100094,2021년 11월 6일 08시,토요일,전라남도 여수시 국동,경상사고,0,0,1,0,차대차 - 측면충돌,안전운전불이행,건조,맑음,교차로 - 교차로안,승용,여,53세,상해없음,자전거,남,83세,경상
2021110600100117,2021년 11월 6일 09시,토요일,전라남도 순천시 서면,경상사고,0,0,1,0,차대차 - 측면충돌,신호위반,건조,맑음,교차로 - 교차로안,승용,남,88세,상해없음,승용,여,61세,경상
2021110600100118,2021년 11월 6일 09시,토요일,전라남도 보성군 벌교읍,경상사고,0,0,1,0,차대차 - 정면충돌,안전운전불이행,건조,맑음,단일로 - 터널,승용,여,73세,상해없음,이륜,남,78세,경상
2021110600100119,2021년 11월 6일 09시,토요일,전라남도 영암군 영암읍,경상사고,0,0,2,0,차대차 - 정면충돌,안전운전불이행,건조,맑음,단일로 - 기타,농기계,남,69세,상해없음,승용,남,81세,경상
2021110600100135,2021년 11월 6일 10시,토요일,전라남도 순천시 해룡면,경상사고,0,0,3,0,차대차 - 추돌,안전운전불이행,건조,맑음,교차로 - 교차로부근,화물,남,74세,상해없음,승용,남,47세,경상
2021110600100171,2021년 11월 6일 11시,토요일,전라남도 무안군 해제면,경상사고,0,0,1,0,차대차 - 측면충돌,안전운전불이행,건조,맑음,교차로 - 교차로안,농기계,남,52세,상해없음,화물,남,68세,경상
2021110600100213,2021년 11월 6일 12시,토요일,전라남도 목포시 용당동,중상사고,0,1,2,0,차대차 - 측면충돌,교차로운행방법위반,건조,맑음,교차로 - 교차로안,승합,남,43세,경상,승용,여,60세,경상
2021110600100214,2021년 11월 6일 12시,토요일,전라남도 여수시 중앙동,경상사고,0,0,1,0,차대차 - 기타,안전운전불이행,건조,맑음,단일로 - 기타,이륜,남,27세,상해없음,자전거,남,56세,경상
2021110600100216,2021년 11월 6일 12시,토요일,전라남도 영암군 삼호읍,경상사고,0,0,4,0,차대차 - 추돌,안전운전불이행,건조,맑음,교차로 - 교차로부근,승용,남,59세,경상,승용,남,38세,경상
2021110600100246,2021년 11월 6일 13시,토요일,전라남도 해남군 해남읍,경상사고,0,0,3,0,차대차 - 기타,안전거리미확보,건조,맑음,단일로 - 기타,화물,남,64세,상해없음,화물,남,77세,경상
2021110600100247,2021년 11월 6일 13시,토요일,전라남도 영암군 도포면,중상사고,0,1,0,0,차대사람 - 기타,안전운전불이행,건조,맑음,단일로 - 기타,화물,남,70세,상해없음,보행자,여,81세,중상
2021110600100248,2021년 11월 6일 13시,토요일,전라남도 영암군 삼호읍,경상사고,0,0,2,0,차대차 - 측면충돌,안전거리미확보,건조,맑음,단일로 - 기타,화물,여,59세,경상,승용,남,23세,상해없음
2021110600100328,2021년 11월 6일 15시,토요일,전라남도 나주시 금천면,경상사고,0,0,4,0,차대차 - 기타,안전운전불이행,건조,맑음,단일로 - 기타,승용,여,36세,경상,승용,여,42세,경상
2021110600100329,2021년 11월 6일 15시,토요일,전라남도 함평군 함평읍,경상사고,0,0,2,0,차대차 - 측면충돌,교차로운행방법위반,건조,맑음,교차로 - 교차로안,승용,남,53세,경상,승용,여,55세,경상
2021110600100330,2021년 11월 6일 15시,토요일,전라남도 광양시 마동,경상사고,0,0,1,0,차대차 - 후진중충돌,안전운전불이행,건조,맑음,기타 - 기타,승용,남,64세,기타불명,승용,남,36세,경상
2021110600100417,2021년 11월 6일 17시,토요일,전라남도 장성군 장성읍,경상사고,0,0,2,0,차대차 - 측면충돌,안전운전불이행,건조,맑음,단일로 - 기타,승용,남,47세,경상,화물,여,54세,경상
2021110600100463,2021년 11월 6일 18시,토요일,전라남도 목포시 석현동,경상사고,0,0,6,0,차대차 - 측면충돌,안전운전불이행,건조,맑음,단일로 - 기타,화물,남,72세,경상,승합,여,53세,상해없음
2021110600100464,2021년 11월 6일 18시,토요일,전라남도 순천시 남정동,경상사고,0,0,1,0,차대차 - 측면충돌,안전운전불이행,건조,맑음,단일로 - 기타,승용,남,53세,상해없음,승용,남,30세,경상
2021110600100465,2021년 11월 6일 18시,토요일,전라남도 담양군 담양읍,경상사고,0,0,2,0,차대차 - 측면충돌,안전거리미확보,건조,맑음,교차로 - 교차로부근,승합,남,55세,상해없음,승용,남,56세,경상
2021110600100511,2021년 11월 6일 19시,토요일,전라남도 여수시 돌산읍,경상사고,0,0,1,0,차대사람 - 차도통행중,안전운전불이행,건조,맑음,단일로 - 기타,승용,여,52세,상해없음,보행자,여,56세,경상
2021110600100543,2021년 11월 6일 20시,토요일,전라남도 목포시 옥암동,경상사고,0,0,2,0,차대차 - 추돌,안전운전불이행,건조,맑음,단일로 - 기타,승용,남,54세,상해없음,승용,남,50세,경상
2021110600100544,2021년 11월 6일 20시,토요일,전라남도 여수시 돌산읍,경상사고,0,0,3,0,차대차 - 측면충돌,안전운전불이행,건조,맑음,단일로 - 기타,승합,남,52세,상해없음,승용,남,49세,상해없음
2021110600100545,2021년 11월 6일 20시,토요일,전라남도 보성군 벌교읍,중상사고,0,1,0,0,차대사람 - 횡단중,보행자보호의무위반,건조,맑음,단일로 - 기타,승용,남,59세,상해없음,보행자,남,55세,중상
2021110600100546,2021년 11월 6일 20시,토요일,전라남도 보성군 보성읍,경상사고,0,0,1,0,차량단독 - 공작물충돌,안전운전불이행,건조,맑음,단일로 - 기타,승용,남,72세,경상,,,,
2021110600100575,2021년 11월 6일 21시,토요일,전라남도 무안군 삼향읍,경상사고,0,0,1,0,차대사람 - 기타,보행자보호의무위반,건조,맑음,교차로 - 교차로횡단보도내,화물,여,50세,상해없음,보행자,남,26세,경상
2021110700100071,2021년 11월 7일 08시,일요일,전라남도 순천시 매곡동,중상사고,0,1,2,0,차대차 - 측면충돌,신호위반,건조,맑음,교차로 - 교차로안,승용,남,54세,경상,승용,여,51세,중상
2021110700100098,2021년 11월 7일 10시,일요일,전라남도 목포시 산정동,경상사고,0,0,1,0,차대차 - 기타,안전운전불이행,건조,맑음,단일로 - 기타,화물,남,47세,상해없음,자전거,남,83세,경상
2021110700100100,2021년 11월 7일 10시,일요일,전라남도 강진군 대구면,경상사고,0,0,1,0,차량단독 - 기타,안전운전불이행,건조,맑음,단일로 - 기타,원동기,남,50세,경상,,,,
2021110700100130,2021년 11월 7일 11시,일요일,전라남도 여수시 돌산읍,경상사고,0,0,2,0,차대차 - 후진중충돌,안전운전불이행,건조,맑음,주차장 - 주차장,승용,남,54세,상해없음,승용,남,29세,경상
2021110700100156,2021년 11월 7일 12시,일요일,전라남도 고흥군 도양읍,중상사고,0,1,0,0,차대차 - 추돌,안전운전불이행,건조,맑음,단일로 - 기타,승용,남,69세,상해없음,승용,남,73세,상해없음
2021110700100157,2021년 11월 7일 12시,일요일,전라남도 곡성군 오산면,중상사고,0,1,0,0,차대사람 - 기타,안전운전불이행,건조,맑음,단일로 - 기타,승합,남,64세,상해없음,보행자,남,86세,중상
2021110700100187,2021년 11월 7일 13시,일요일,전라남도 장성군 북이면,경상사고,0,0,4,0,차대차 - 측면충돌,안전운전불이행,건조,맑음,교차로 - 교차로안,승용,여,57세,상해없음,승용,여,73세,경상
2021110700100188,2021년 11월 7일 13시,일요일,전라남도 구례군 광의면,경상사고,0,0,2,0,차대차 - 기타,중앙선침범,건조,맑음,단일로 - 기타,승용,여,56세,상해없음,승용,남,58세,경상
2021110700100220,2021년 11월 7일 14시,일요일,전라남도 순천시 조례동,경상사고,0,0,1,0,차대차 - 측면충돌,안전운전불이행,건조,맑음,교차로 - 교차로안,승용,남,50세,기타불명,승용,여,51세,경상
2021110700100221,2021년 11월 7일 14시,일요일,전라남도 순천시 해룡면,경상사고,0,0,2,0,차대차 - 측면충돌,안전거리미확보,건조,맑음,단일로 - 기타,화물,남,50세,상해없음,승용,남,39세,경상
2021110700100265,2021년 11월 7일 15시,일요일,전라남도 목포시 산정동,경상사고,0,0,1,0,차대차 - 기타,안전운전불이행,건조,맑음,단일로 - 기타,이륜,남,22세,상해없음,자전거,남,9세,경상
2021110700100266,2021년 11월 7일 15시,일요일,전라남도 목포시 산정동,경상사고,0,0,1,0,차대사람 - 보도통행중,기타,건조,맑음,기타 - 기타,개인형이동수단(PM),남,18세,상해없음,보행자,남,16세,경상
2021110700100308,2021년 11월 7일 16시,일요일,전라남도 여수시 교동,중상사고,0,1,0,0,차대사람 - 차도통행중,안전운전불이행,건조,맑음,단일로 - 기타,화물,남,77세,상해없음,보행자,남,92세,중상
2021110700100309,2021년 11월 7일 16시,일요일,전라남도 고흥군 고흥읍,부상신고사고,0,0,0,1,차대사람 - 기타,안전운전불이행,건조,맑음,단일로 - 기타,기타불명,기타불명,미분류,기타불명,보행자,여,64세,부상신고
2021110700100310,2021년 11월 7일 16시,일요일,전라남도 영광군 군서면,경상사고,0,0,2,0,차대차 - 기타,신호위반,건조,맑음,기타 - 기타,승용,남,47세,상해없음,승합,남,56세,경상
2021110700100336,2021년 11월 7일 17시,일요일,전라남도 목포시 상동,경상사고,0,0,2,0,차대차 - 기타,안전운전불이행,건조,맑음,교차로 - 교차로안,승용,남,42세,상해없음,승용,남,40세,경상
2021110700100337,2021년 11월 7일 17시,일요일,전라남도 장흥군 장흥읍,경상사고,0,0,1,0,차량단독 - 공작물충돌,안전운전불이행,건조,맑음,단일로 - 기타,승용,남,77세,경상,,,,
2021110700100372,2021년 11월 7일 18시,일요일,전라남도 화순군 사평면,경상사고,0,0,1,0,차대차 - 추돌,안전운전불이행,건조,흐림,단일로 - 기타,승용,여,42세,상해없음,자전거,남,23세,경상
2021110700100400,2021년 11월 7일 19시,일요일,전라남도 강진군 강진읍,경상사고,0,0,1,0,차대사람 - 횡단중,안전운전불이행,건조,맑음,교차로 - 교차로안,승용,남,55세,상해없음,보행자,여,54세,경상
2021110700100401,2021년 11월 7일 19시,일요일,전라남도 담양군 담양읍,경상사고,0,0,1,0,차대차 - 측면충돌,직진우회전진행방해,건조,맑음,교차로 - 교차로안,사륜오토바이(ATV),남,72세,경상,승용,여,33세,상해없음
2021110700100402,2021년 11월 7일 19시,일요일,전라남도 광양시 광양읍,중상사고,0,1,0,0,차대사람 - 횡단중,신호위반,건조,맑음,교차로 - 교차로횡단보도내,이륜,남,23세,상해없음,보행자,남,64세,중상
2021110700100425,2021년 11월 7일 20시,일요일,전라남도 목포시 상동,경상사고,0,0,1,0,차대차 - 기타,신호위반,건조,맑음,교차로 - 교차로안,승용,남,31세,상해없음,이륜,남,20세,경상
2021110800100018,2021년 11월 8일 01시,월요일,전라남도 영암군 삼호읍,경상사고,0,0,3,0,차대차 - 측면충돌,직진우회전진행방해,건조,맑음,교차로 - 교차로안,승용,남,49세,경상,승합,여,45세,경상
2021110800100038,2021년 11월 8일 05시,월요일,전라남도 영광군 법성면,중상사고,0,1,0,0,차량단독 - 공작물충돌,안전운전불이행,젖음/습기,비,단일로 - 기타,승용,여,62세,중상,,,,
2021110800100054,2021년 11월 8일 06시,월요일,전라남도 담양군 대전면,경상사고,0,0,1,0,차대차 - 측면충돌,신호위반,젖음/습기,비,교차로 - 교차로안,승용,남,64세,기타불명,화물,남,60세,경상
2021110800100116,2021년 11월 8일 08시,월요일,전라남도 여수시 학동,경상사고,0,0,1,0,차대사람 - 길가장자리구역통행중,안전운전불이행,젖음/습기,비,단일로 - 기타,승용,여,25세,상해없음,보행자,남,24세,경상
2021110800100117,2021년 11월 8일 08시,월요일,전라남도 고흥군 대서면,경상사고,0,0,1,0,차대차 - 측면충돌,안전운전불이행,젖음/습기,비,단일로 - 기타,승용,여,59세,상해없음,화물,남,53세,상해없음
2021110800100118,2021년 11월 8일 08시,월요일,전라남도 해남군 화원면,경상사고,0,0,2,0,차대차 - 추돌,안전운전불이행,젖음/습기,비,단일로 - 기타,승용,남,46세,경상,승용,남,30세,경상
2021110800100119,2021년 11월 8일 08시,월요일,전라남도 광양시 성황동,경상사고,0,0,7,0,차대차 - 추돌,안전운전불이행,건조,맑음,교차로 - 교차로부근,화물,남,54세,상해없음,승합,남,56세,경상
2021110800100165,2021년 11월 8일 09시,월요일,전라남도 순천시 조례동,중상사고,0,1,0,0,차대사람 - 횡단중,보행자보호의무위반,젖음/습기,비,단일로 - 기타,승용,여,29세,상해없음,보행자,남,22세,중상
2021110800100193,2021년 11월 8일 10시,월요일,전라남도 보성군 보성읍,경상사고,0,0,4,0,차대차 - 측면충돌,안전운전불이행,젖음/습기,비,단일로 - 기타,승용,남,18세,경상,승용,남,40세,경상
2021110800100269,2021년 11월 8일 12시,월요일,전라남도 여수시 충무동,경상사고,0,0,1,0,차대차 - 추돌,안전운전불이행,젖음/습기,비,교차로 - 교차로안,승용,여,39세,상해없음,승용,남,66세,경상
2021110800100270,2021년 11월 8일 12시,월요일,전라남도 순천시 조례동,경상사고,0,0,1,0,차대사람 - 횡단중,안전운전불이행,젖음/습기,비,교차로 - 교차로안,화물,남,68세,상해없음,보행자,여,63세,경상
2021110800100271,2021년 11월 8일 12시,월요일,전라남도 영광군 군남면,중상사고,0,1,0,0,차대차 - 측면충돌,교차로운행방법위반,건조,맑음,교차로 - 교차로안,승용,여,45세,상해없음,이륜,남,44세,중상
2021110800100272,2021년 11월 8일 12시,월요일,전라남도 광양시 광양읍,경상사고,0,0,1,0,차대차 - 측면충돌,직진우회전진행방해,젖음/습기,비,교차로 - 교차로안,승용,남,66세,상해없음,화물,남,56세,경상
2021110800100299,2021년 11월 8일 13시,월요일,전라남도 여수시 문수동,중상사고,0,1,0,0,차대사람 - 횡단중,안전운전불이행,건조,맑음,기타 - 기타,화물,남,46세,상해없음,보행자,남,47세,중상
2021110800100339,2021년 11월 8일 14시,월요일,전라남도 순천시 주암면,경상사고,0,0,1,0,차대차 - 측면충돌,안전운전불이행,건조,맑음,교차로 - 교차로안,승용,여,50세,상해없음,화물,남,46세,경상
2021110800100340,2021년 11월 8일 14시,월요일,전라남도 나주시 빛가람동,부상신고사고,0,0,0,2,차대사람 - 보도통행중,안전운전불이행,건조,맑음,단일로 - 기타,자전거,남,10세,부상신고,보행자,여,9세,부상신고
2021110800100369,2021년 11월 8일 15시,월요일,전라남도 화순군 화순읍,경상사고,0,0,1,0,차대사람 - 기타,안전운전불이행,건조,흐림,단일로 - 기타,승용,남,71세,상해없음,보행자,남,14세,경상
2021110800100404,2021년 11월 8일 16시,월요일,전라남도 목포시 용당동,경상사고,0,0,1,0,차대차 - 기타,안전운전불이행,건조,맑음,단일로 - 기타,승용,여,68세,경상,화물,남,74세,상해없음
2021110800100405,2021년 11월 8일 16시,월요일,전라남도 여수시 여서동,부상신고사고,0,0,0,1,차대사람 - 차도통행중,안전운전불이행,건조,맑음,단일로 - 기타,승용,여,34세,상해없음,보행자,여,11세,부상신고
2021110800100406,2021년 11월 8일 16시,월요일,전라남도 순천시 별량면,경상사고,0,0,1,0,차대차 - 기타,안전운전불이행,건조,맑음,단일로 - 기타,승용,여,69세,상해없음,승용,여,47세,경상
2021110800100407,2021년 11월 8일 16시,월요일,전라남도 순천시 연향동,경상사고,0,0,2,0,차대차 - 측면충돌,직진우회전진행방해,건조,맑음,교차로 - 교차로안,승용,남,67세,상해없음,승용,남,38세,경상
2021110800100459,2021년 11월 8일 17시,월요일,전라남도 영암군 삼호읍,경상사고,0,0,2,0,차대차 - 추돌,안전운전불이행,건조,맑음,교차로 - 교차로부근,승합,남,58세,상해없음,승용,여,59세,경상
2021110800100578,2021년 11월 8일 19시,월요일,전라남도 순천시 조례동,경상사고,0,0,1,0,차대사람 - 기타,안전운전불이행,건조,맑음,단일로 - 기타,승용,남,56세,상해없음,보행자,남,45세,경상
2021110800100579,2021년 11월 8일 19시,월요일,전라남도 무안군 청계면,경상사고,0,0,2,0,차대사람 - 길가장자리구역통행중,안전운전불이행,건조,맑음,교차로 - 교차로부근,승용,남,23세,상해없음,보행자,여,19세,경상
2021110800100647,2021년 11월 8일 21시,월요일,전라남도 목포시 용해동,경상사고,0,0,1,0,차대차 - 추돌,안전운전불이행,젖음/습기,비,단일로 - 기타,승용,남,35세,상해없음,승용,여,32세,경상
2021110800100668,2021년 11월 8일 22시,월요일,전라남도 목포시 상동,중상사고,0,1,0,0,차대차 - 측면충돌,직진우회전진행방해,젖음/습기,흐림,교차로 - 교차로안,승용,남,41세,상해없음,이륜,남,33세,중상
2021110800100669,2021년 11월 8일 22시,월요일,전라남도 여수시 웅천동,경상사고,0,0,1,0,차대차 - 측면충돌,안전운전불이행,건조,맑음,교차로 - 교차로부근,자전거,남,14세,경상,승용,남,28세,상해없음
2021110800100670,2021년 11월 8일 22시,월요일,전라남도 순천시 용당동,경상사고,0,0,1,0,차대차 - 측면충돌,안전운전불이행,건조,맑음,교차로 - 교차로안,승용,여,39세,상해없음,승용,남,45세,경상
2021110800100684,2021년 11월 8일 23시,월요일,전라남도 여수시 여서동,경상사고,0,0,1,0,차대차 - 측면충돌,교차로운행방법위반,건조,맑음,교차로 - 교차로안,승용,남,48세,상해없음,이륜,남,37세,경상
2021110900100011,2021년 11월 9일 00시,화요일,전라남도 목포시 옥암동,경상사고,0,0,2,0,차대차 - 기타,신호위반,건조,맑음,교차로 - 교차로안,승용,여,62세,경상,승용,남,40세,경상
2021110900100012,2021년 11월 9일 00시,화요일,전라남도 완도군 노화읍,경상사고,0,0,1,0,차량단독 - 기타,안전운전불이행,건조,흐림,단일로 - 기타,승용,남,37세,경상,,,,
2021110900100041,2021년 11월 9일 05시,화요일,전라남도 담양군 담양읍,경상사고,0,0,1,0,차대차 - 기타,신호위반,건조,맑음,교차로 - 교차로안,승용,여,64세,경상,승용,남,52세,상해없음
2021110900100054,2021년 11월 9일 06시,화요일,전라남도 화순군 화순읍,중상사고,0,1,0,0,차대차 - 추돌,안전운전불이행,건조,맑음,단일로 - 기타,승용,여,56세,중상,건설기계,남,53세,상해없음
2021110900100072,2021년 11월 9일 07시,화요일,전라남도 나주시 빛가람동,경상사고,0,0,1,1,차대차 - 측면충돌,신호위반,젖음/습기,비,교차로 - 교차로안,승용,남,41세,부상신고,승용,남,42세,경상
2021110900100134,2021년 11월 9일 09시,화요일,전라남도 목포시 죽교동,경상사고,0,0,1,0,차대차 - 기타,직진우회전진행방해,젖음/습기,흐림,교차로 - 교차로안,승용,여,30세,상해없음,이륜,남,62세,경상
2021110900100135,2021년 11월 9일 09시,화요일,전라남도 해남군 해남읍,중상사고,0,1,0,0,차대차 - 측면충돌,안전거리미확보,건조,맑음,단일로 - 기타,이륜,여,68세,중상,화물,남,58세,상해없음
2021110900100136,2021년 11월 9일 09시,화요일,전라남도 완도군 군외면,경상사고,0,0,1,0,차대차 - 측면충돌,안전운전불이행,건조,맑음,단일로 - 기타,건설기계,남,60세,상해없음,이륜,남,80세,경상
2021110900100166,2021년 11월 9일 10시,화요일,전라남도 순천시 오천동,경상사고,0,0,1,0,차대차 - 기타,안전운전불이행,건조,맑음,단일로 - 기타,승용,여,50세,상해없음,자전거,남,71세,경상
2021110900100208,2021년 11월 9일 11시,화요일,전라남도 신안군 비금면,경상사고,0,0,1,0,차대차 - 기타,기타,건조,맑음,교차로 - 교차로안,화물,남,65세,상해없음,원동기,남,76세,경상
2021110900100209,2021년 11월 9일 11시,화요일,전라남도 영광군 염산면,중상사고,0,1,3,0,차대차 - 측면충돌,직진우회전진행방해,젖음/습기,흐림,교차로 - 교차로안,화물,남,73세,중상,화물,남,44세,경상
2021110900100248,2021년 11월 9일 12시,화요일,전라남도 목포시 죽교동,중상사고,0,1,0,0,차대사람 - 기타,안전운전불이행,건조,맑음,단일로 - 기타,승용,남,62세,상해없음,보행자,여,75세,중상
2021110900100343,2021년 11월 9일 15시,화요일,전라남도 무안군 삼향읍,경상사고,0,0,1,0,차대차 - 측면충돌,안전운전불이행,건조,맑음,교차로 - 교차로안,승용,남,30세,상해없음,화물,남,60세,경상
2021110900100344,2021년 11월 9일 15시,화요일,전라남도 곡성군 석곡면,중상사고,0,1,1,0,차대차 - 추돌,안전운전불이행,젖음/습기,비,단일로 - 기타,화물,남,55세,중상,승용,남,62세,경상
2021110900100381,2021년 11월 9일 16시,화요일,전라남도 여수시 돌산읍,경상사고,0,0,2,0,차대차 - 추돌,안전거리미확보,건조,맑음,단일로 - 기타,승용,남,20세,상해없음,승용,남,25세,경상
2021110900100382,2021년 11월 9일 16시,화요일,전라남도 순천시 오천동,경상사고,0,0,1,0,차대차 - 기타,안전운전불이행,건조,맑음,교차로 - 교차로안,승용,여,47세,상해없음,승용,남,32세,상해없음
2021110900100383,2021년 11월 9일 16시,화요일,전라남도 화순군 화순읍,중상사고,0,1,0,0,차대차 - 기타,차로위반,건조,맑음,단일로 - 기타,개인형이동수단(PM),남,23세,중상,화물,남,25세,상해없음
2021110900100435,2021년 11월 9일 17시,화요일,전라남도 강진군 성전면,경상사고,0,0,1,0,차량단독 - 공작물충돌,안전운전불이행,젖음/습기,흐림,단일로 - 기타,승합,남,55세,경상,,,,
2021110900100497,2021년 11월 9일 18시,화요일,전라남도 나주시 빛가람동,중상사고,0,1,0,0,차대차 - 측면충돌,신호위반,젖음/습기,맑음,교차로 - 교차로안,승용,여,31세,상해없음,승용,여,44세,중상
2021110900100498,2021년 11월 9일 18시,화요일,전라남도 나주시 빛가람동,경상사고,0,0,1,0,차대차 - 측면충돌,차로위반,젖음/습기,비,단일로 - 기타,승용,남,61세,기타불명,승용,여,31세,경상
2021110900100499,2021년 11월 9일 18시,화요일,전라남도 영광군 홍농읍,중상사고,0,1,0,0,차대차 - 정면충돌,안전운전불이행,건조,맑음,단일로 - 기타,승용,남,33세,상해없음,농기계,남,66세,중상
2021110900100601,2021년 11월 9일 20시,화요일,전라남도 순천시 황전면,경상사고,0,0,2,0,차대사람 - 차도통행중,안전운전불이행,건조,맑음,교차로 - 교차로부근,승용,여,34세,상해없음,보행자,남,64세,경상
2021110900100626,2021년 11월 9일 21시,화요일,전라남도 순천시 조례동,경상사고,0,0,2,0,차대차 - 측면충돌,신호위반,건조,맑음,교차로 - 교차로안,승용,여,51세,상해없음,승용,남,30세,경상
2021110900100627,2021년 11월 9일 21시,화요일,전라남도 나주시 송월동,경상사고,0,0,1,0,차대사람 - 횡단중,보행자보호의무위반,젖음/습기,비,교차로 - 교차로부근,승용,여,46세,상해없음,보행자,여,23세,경상
2021110900100654,2021년 11월 9일 22시,화요일,전라남도 목포시 대성동,경상사고,0,0,1,0,차대차 - 추돌,안전운전불이행,건조,맑음,교차로 - 교차로부근,승용,남,28세,상해없음,승용,여,34세,경상