사고번호,사고일시,요일,시군구,사고내용,사망자수,중상자수,경상자수,부상신고자수,사고유형,법규위반,노면상태,기상상태,도로형태,가해운전자 차종,가해운전자 성별,가해운전자 연령,가해운전자 상해정도,피해운전자 차종,피해운전자 성별,피해운전자 연령,피해운전자 상해정도
2021111400100451,2021년 11월 14일 21시,일요일,전라남도 보성군 벌교읍,중상사고,0,1,0,0,차량단독 - 전도전복 - 전복,안전운전불이행,건조,맑음,단일로 - 터널,자전거,여,56세,중상,,,,
2021111400100480,2021년 11월 14일 23시,일요일,전라남도 무안군 청계면,경상사고,0,0,1,0,차량단독 - 기타,안전운전불이행,건조,맑음,단일로 - 기타,승용,여,49세,상해없음,,,,
2021111500100027,2021년 11월 15일 03시,월요일,전라남도 여수시 문수동,경상사고,0,0,1,0,차대차 - 추돌,안전운전불이행,건조,맑음,교차로 - 교차로부근,승용,남,20세,상해없음,승용,남,35세,경상
2021111500100074,2021년 11월 15일 07시,월요일,전라남도 담양군 금성면,경상사고,0,0,1,0,차량단독 - 기타,안전운전불이행,건조,맑음,단일로 - 기타,승합,남,59세,상해없음,,,,
2021111500100103,2021년 11월 15일 08시,월요일,전라남도 고흥군 두원면,중상사고,0,1,0,0,차대차 - 추돌,안전운전불이행,건조,맑음,단일로 - 기타,화물,남,48세,상해없음,농기계,남,76세,중상
2021111500100104,2021년 11월 15일 08시,월요일,전라남도 구례군 구례읍,경상사고,0,0,1,0,차대차 - 후진중충돌,안전운전불이행,젖음/습기,흐림,단일로 - 기타,승용,남,48세,상해없음,승용,남,51세,경상
2021111500100139,2021년 11월 15일 09시,월요일,전라남도 장흥군 장흥읍,경상사고,0,0,1,0,차대차 - 측면충돌,직진우회전진행방해,건조,맑음,교차로 - 교차로안,이륜,여,33세,경상,승용,남,37세,상해없음
2021111500100140,2021년 11월 15일 09시,월요일,전라남도 보성군 벌교읍,중상사고,0,2,1,0,차대차 - 추돌,안전운전불이행,건조,맑음,교차로 - 교차로부근,화물,남,78세,경상,승용,남,54세,중상
2021111500100168,2021년 11월 15일 10시,월요일,전라남도 여수시 연등동,경상사고,0,0,1,0,차대차 - 측면충돌,안전운전불이행,건조,맑음,단일로 - 기타,승용,남,72세,상해없음,승합,남,30세,경상
2021111500100169,2021년 11월 15일 10시,월요일,전라남도 함평군 월야면,경상사고,0,0,2,0,차대차 - 측면충돌,신호위반,건조,맑음,교차로 - 교차로안,승용,남,28세,경상,승용,여,55세,경상
2021111500100242,2021년 11월 15일 12시,월요일,전라남도 화순군 화순읍,경상사고,0,0,1,0,차대차 - 측면충돌,안전운전불이행,건조,맑음,교차로 - 교차로안,화물,남,44세,상해없음,승용,남,51세,경상
2021111500100306,2021년 11월 15일 14시,월요일,전라남도 여수시 교동,경상사고,0,0,1,0,차대사람 - 횡단중,보행자보호의무위반,건조,맑음,교차로 - 교차로횡단보도내,승용,남,51세,상해없음,보행자,남,74세,경상
2021111500100338,2021년 11월 15일 15시,월요일,전라남도 나주시 동강면,경상사고,0,0,1,0,차량단독 - 전도전복 - 전도,안전운전불이행,건조,맑음,단일로 - 기타,원동기,남,80세,경상,,,,
2021111500100339,2021년 11월 15일 15시,월요일,전라남도 영암군 영암읍,경상사고,0,0,4,0,차대차 - 추돌,기타,건조,맑음,교차로 - 교차로부근,화물,남,60세,상해없음,승용,남,63세,상해없음
2021111500100379,2021년 11월 15일 16시,월요일,전라남도 함평군 나산면,경상사고,0,0,1,0,차대차 - 측면충돌,교차로운행방법위반,건조,맑음,교차로 - 교차로부근,화물,남,53세,상해없음,화물,남,57세,경상
2021111500100380,2021년 11월 15일 16시,월요일,전라남도 완도군 보길면,사망사고,1,0,0,0,차대사람 - 기타,안전운전불이행,건조,맑음,단일로 - 기타,화물,남,47세,상해없음,보행자,여,67세,사망
2021111500100427,2021년 11월 15일 17시,월요일,전라남도 곡성군 겸면,경상사고,0,0,1,0,차대차 - 측면충돌,직진우회전진행방해,건조,맑음,교차로 - 교차로안,승용,남,50세,상해없음,승용,여,65세,경상
2021111500100489,2021년 11월 15일 18시,월요일,전라남도 여수시 여서동,경상사고,0,0,2,0,차대차 - 후진중충돌,안전운전불이행,건조,맑음,단일로 - 기타,승용,여,33세,상해없음,승용,여,33세,경상
2021111500100490,2021년 11월 15일 18시,월요일,전라남도 고흥군 고흥읍,경상사고,0,0,1,0,차대사람 - 보도통행중,안전운전불이행,건조,맑음,기타 - 기타,이륜,남,18세,상해없음,보행자,여,23세,경상
2021111500100491,2021년 11월 15일 18시,월요일,전라남도 화순군 동면,중상사고,0,1,0,0,차대차 - 측면충돌,중앙선침범,건조,맑음,교차로 - 교차로부근,승용,여,61세,상해없음,승용,남,62세,중상
2021111500100573,2021년 11월 15일 20시,월요일,전라남도 목포시 상동,경상사고,0,0,1,0,차대차 - 측면충돌,신호위반,건조,맑음,교차로 - 교차로부근,승용,여,57세,상해없음,승용,남,41세,경상
2021111500100574,2021년 11월 15일 20시,월요일,전라남도 무안군 삼향읍,경상사고,0,0,1,0,차대차 - 측면충돌,신호위반,건조,맑음,교차로 - 교차로안,승용,여,30세,상해없음,화물,남,47세,경상
2021111500100575,2021년 11월 15일 20시,월요일,전라남도 광양시 황길동,경상사고,0,0,1,0,차대차 - 기타,불법유턴,건조,맑음,단일로 - 기타,기타불명,남,56세,상해없음,승용,남,32세,경상
2021111500100601,2021년 11월 15일 21시,월요일,전라남도 목포시 산정동,경상사고,0,0,1,0,차대차 - 추돌,안전운전불이행,건조,맑음,단일로 - 기타,승용,남,58세,상해없음,화물,여,59세,경상
2021111500100602,2021년 11월 15일 21시,월요일,전라남도 광양시 광양읍,사망사고,2,3,1,0,차대차 - 추돌,기타,건조,맑음,단일로 - 기타,승용,남,45세,경상,화물,남,54세,중상
2021111500100640,2021년 11월 15일 23시,월요일,전라남도 광양시 금호동,경상사고,0,0,1,0,차량단독 - 기타,안전운전불이행,건조,맑음,단일로 - 기타,개인형이동수단(PM),남,28세,경상,,,,
2021111600100013,2021년 11월 16일 00시,화요일,전라남도 순천시 해룡면,경상사고,0,0,1,0,차대차 - 측면충돌,교차로운행방법위반,건조,기타,교차로 - 교차로안,승용,남,59세,상해없음,승용,여,57세,경상
2021111600100028,2021년 11월 16일 02시,화요일,전라남도 목포시 산정동,경상사고,0,0,2,0,차대차 - 기타,안전운전불이행,건조,맑음,교차로 - 교차로안,승용,남,44세,상해없음,승용,남,28세,경상
2021111600100065,2021년 11월 16일 06시,화요일,전라남도 장흥군 장흥읍,중상사고,0,1,0,0,차대차 - 기타,신호위반,건조,맑음,교차로 - 교차로안,자전거,여,63세,중상,승용,남,48세,상해없음
2021111600100085,2021년 11월 16일 07시,화요일,전라남도 완도군 완도읍,경상사고,0,0,2,0,차대차 - 측면충돌,안전운전불이행,건조,맑음,교차로 - 교차로안,승합,남,59세,경상,승용,남,74세,경상
2021111600100126,2021년 11월 16일 08시,화요일,전라남도 담양군 수북면,경상사고,0,0,1,0,차대차 - 측면충돌,기타,건조,맑음,교차로 - 교차로안,승합,남,75세,상해없음,화물,남,46세,경상
2021111600100167,2021년 11월 16일 09시,화요일,전라남도 순천시 교량동,경상사고,0,0,1,0,차대차 - 측면충돌,안전거리미확보,건조,맑음,교차로 - 교차로부근,건설기계,남,50세,상해없음,승용,여,63세,경상
2021111600100168,2021년 11월 16일 09시,화요일,전라남도 해남군 해남읍,경상사고,0,0,1,0,차대차 - 추돌,안전운전불이행,건조,맑음,기타 - 기타,화물,남,77세,상해없음,승용,남,32세,경상
2021111600100234,2021년 11월 16일 11시,화요일,전라남도 순천시 조례동,경상사고,0,0,1,0,차대차 - 측면충돌,안전운전불이행,건조,맑음,단일로 - 기타,개인형이동수단(PM),여,50세,경상,승용,남,59세,상해없음
2021111600100235,2021년 11월 16일 11시,화요일,전라남도 순천시 저전동,경상사고,0,0,1,0,차대차 - 측면충돌,안전운전불이행,건조,맑음,단일로 - 기타,자전거,남,68세,경상,이륜,남,46세,상해없음
2021111600100236,2021년 11월 16일 11시,화요일,전라남도 완도군 금당면,경상사고,0,0,2,0,차대차 - 후진중충돌,안전운전불이행,건조,맑음,단일로 - 기타,화물,남,55세,상해없음,화물,남,51세,경상
2021111600100237,2021년 11월 16일 11시,화요일,전라남도 무안군 일로읍,경상사고,0,0,1,0,차대차 - 측면충돌,안전운전불이행,건조,맑음,교차로 - 교차로안,화물,남,51세,상해없음,화물,남,69세,경상
2021111600100311,2021년 11월 16일 13시,화요일,전라남도 목포시 대안동,경상사고,0,0,1,0,차대사람 - 보도통행중,기타,젖음/습기,맑음,기타 - 기타,자전거,남,66세,상해없음,보행자,여,66세,경상
2021111600100406,2021년 11월 16일 16시,화요일,전라남도 여수시 돌산읍,사망사고,1,0,0,0,차량단독 - 도로외이탈 - 추락,안전운전불이행,건조,맑음,단일로 - 기타,농기계,남,74세,사망,,,,
2021111600100508,2021년 11월 16일 18시,화요일,전라남도 여수시 봉산동,경상사고,0,0,1,0,차대차 - 기타,교차로운행방법위반,건조,맑음,교차로 - 교차로부근,승용,남,31세,상해없음,이륜,남,72세,경상
2021111600100509,2021년 11월 16일 18시,화요일,전라남도 해남군 북일면,중상사고,0,1,0,0,차대사람 - 횡단중,안전운전불이행,건조,맑음,교차로 - 교차로부근,승용,여,51세,상해없음,보행자,남,74세,중상
2021111600100510,2021년 11월 16일 18시,화요일,전라남도 광양시 광양읍,경상사고,0,0,1,0,차대차 - 측면충돌,신호위반,건조,맑음,교차로 - 교차로안,승합,남,33세,기타불명,승용,남,30세,경상
2021111600100552,2021년 11월 16일 19시,화요일,전라남도 순천시 연향동,경상사고,0,0,2,0,차대차 - 측면충돌,교차로운행방법위반,건조,맑음,교차로 - 교차로안,승용,남,57세,상해없음,승용,여,56세,경상
2021111600100581,2021년 11월 16일 20시,화요일,전라남도 여수시 문수동,경상사고,0,0,1,0,차대차 - 기타,안전운전불이행,건조,맑음,교차로 - 교차로부근,승용,남,39세,상해없음,승합,남,56세,상해없음
2021111600100620,2021년 11월 16일 22시,화요일,전라남도 목포시 상동,경상사고,0,0,2,0,차대차 - 기타,신호위반,건조,맑음,교차로 - 교차로부근,이륜,남,18세,경상,승용,남,56세,경상
2021111700100048,2021년 11월 17일 06시,수요일,전라남도 목포시 산정동,중상사고,0,1,11,0,차대차 - 추돌,안전운전불이행,건조,맑음,단일로 - 기타,화물,남,50세,상해없음,승합,남,65세,경상
2021111700100101,2021년 11월 17일 08시,수요일,전라남도 목포시 상동,중상사고,0,1,0,0,차대사람 - 기타,안전운전불이행,건조,맑음,교차로 - 교차로횡단보도내,화물,남,60세,상해없음,보행자,남,72세,중상
2021111700100102,2021년 11월 17일 08시,수요일,전라남도 순천시 인제동,경상사고,0,0,1,0,차대차 - 측면충돌,안전운전불이행,건조,맑음,교차로 - 교차로안,자전거,남,71세,경상,승용,여,47세,상해없음
2021111700100103,2021년 11월 17일 08시,수요일,전라남도 장흥군 장흥읍,중상사고,0,1,0,0,차대차 - 기타,직진우회전진행방해,건조,맑음,교차로 - 교차로안,승용,남,52세,상해없음,자전거,여,79세,중상
2021111700100104,2021년 11월 17일 08시,수요일,전라남도 고흥군 금산면,중상사고,0,1,0,0,차대차 - 기타,기타,건조,맑음,교차로 - 교차로안,승용,여,47세,상해없음,이륜,남,59세,중상
2021111700100143,2021년 11월 17일 09시,수요일,전라남도 목포시 연산동,중상사고,0,1,0,0,차대차 - 측면충돌,중앙선침범,건조,맑음,교차로 - 교차로횡단보도내,이륜,남,78세,중상,승합,남,68세,기타불명
2021111700100144,2021년 11월 17일 09시,수요일,전라남도 해남군 해남읍,경상사고,0,0,1,0,차대차 - 측면충돌,교차로운행방법위반,건조,맑음,교차로 - 교차로안,화물,남,65세,상해없음,승용,여,58세,경상
2021111700100220,2021년 11월 17일 11시,수요일,전라남도 순천시 매곡동,중상사고,0,1,0,0,차대사람 - 길가장자리구역통행중,안전운전불이행,건조,맑음,단일로 - 기타,이륜,남,27세,상해없음,보행자,여,60세,중상
2021111700100259,2021년 11월 17일 12시,수요일,전라남도 강진군 칠량면,중상사고,0,1,5,0,차대차 - 추돌,안전운전불이행,건조,맑음,교차로 - 교차로안,화물,남,67세,상해없음,화물,남,41세,경상
2021111700100298,2021년 11월 17일 13시,수요일,전라남도 목포시 용해동,경상사고,0,0,1,0,차대차 - 기타,교차로운행방법위반,건조,맑음,교차로 - 교차로안,이륜,남,33세,경상,승용,남,31세,상해없음
2021111700100299,2021년 11월 17일 13시,수요일,전라남도 고흥군 도화면,경상사고,0,0,1,0,차대차 - 기타,교차로운행방법위반,건조,맑음,교차로 - 교차로안,자전거,여,68세,경상,승용,여,38세,상해없음
2021111700100333,2021년 11월 17일 14시,수요일,전라남도 여수시 소라면,중상사고,0,1,1,0,차대차 - 측면충돌,신호위반,건조,맑음,교차로 - 교차로안,승용,남,60세,상해없음,승용,남,31세,중상
2021111700100334,2021년 11월 17일 14시,수요일,전라남도 화순군 이양면,경상사고,0,0,1,0,차대차 - 추돌,안전운전불이행,건조,맑음,단일로 - 기타,승용,남,34세,경상,화물,기타불명,미분류,기타불명
2021111700100376,2021년 11월 17일 15시,수요일,전라남도 나주시 왕곡면,중상사고,0,3,0,0,차대차 - 측면충돌,직진우회전진행방해,건조,맑음,교차로 - 교차로안,승용,여,68세,중상,화물,남,48세,중상
2021111700100377,2021년 11월 17일 15시,수요일,전라남도 함평군 함평읍,중상사고,0,1,0,0,차대차 - 측면충돌,중앙선침범,건조,맑음,단일로 - 기타,이륜,여,81세,중상,화물,남,70세,상해없음
2021111700100465,2021년 11월 17일 17시,수요일,전라남도 목포시 용해동,경상사고,0,0,1,0,차대차 - 측면충돌,신호위반,건조,흐림,교차로 - 교차로안,화물,남,23세,상해없음,승용,여,33세,경상
2021111700100466,2021년 11월 17일 17시,수요일,전라남도 목포시 달동,경상사고,0,0,1,0,차대차 - 기타,직진우회전진행방해,건조,맑음,교차로 - 교차로안,승용,여,52세,상해없음,승용,남,28세,경상
2021111700100531,2021년 11월 17일 18시,수요일,전라남도 나주시 송월동,경상사고,0,0,1,0,차대사람 - 횡단중,안전운전불이행,건조,맑음,교차로 - 교차로횡단보도내,화물,남,38세,상해없음,보행자,남,47세,경상
2021111700100532,2021년 11월 17일 18시,수요일,전라남도 완도군 보길면,경상사고,0,0,1,0,차대차 - 기타,안전운전불이행,건조,맑음,단일로 - 기타,승용,여,43세,상해없음,승용,여,39세,경상
2021111700100646,2021년 11월 17일 21시,수요일,전라남도 순천시 조례동,부상신고사고,0,0,0,1,차대차 - 정면충돌,안전운전불이행,건조,맑음,단일로 - 기타,이륜,남,82세,부상신고,승용,남,63세,상해없음
2021111700100680,2021년 11월 17일 23시,수요일,전라남도 순천시 조례동,경상사고,0,0,1,0,차대차 - 기타,중앙선침범,건조,맑음,교차로 - 교차로안,승용,남,50세,상해없음,이륜,남,31세,경상
2021111700100681,2021년 11월 17일 23시,수요일,전라남도 나주시 빛가람동,경상사고,0,0,1,0,차대차 - 측면충돌,안전운전불이행,건조,맑음,기타 - 기타,승용,남,28세,상해없음,승용,남,34세,경상
2021111700100682,2021년 11월 17일 23시,수요일,전라남도 영광군 영광읍,사망사고,1,0,0,0,차대사람 - 차도통행중,안전운전불이행,건조,맑음,단일로 - 기타,승용,남,43세,상해없음,보행자,남,51세,사망
2021111800100010,2021년 11월 18일 00시,목요일,전라남도 목포시 산정동,경상사고,0,0,1,0,차대차 - 기타,신호위반,건조,맑음,교차로 - 교차로부근,승용,남,64세,상해없음,승용,남,31세,경상
2021111800100055,2021년 11월 18일 06시,목요일,전라남도 목포시 용당동,중상사고,0,1,0,0,차대사람 - 차도통행중,안전운전불이행,건조,흐림,교차로 - 교차로부근,승용,남,32세,상해없음,보행자,여,87세,중상
2021111800100056,2021년 11월 18일 06시,목요일,전라남도 고흥군 풍양면,중상사고,0,1,0,0,차대차 - 추돌,안전운전불이행,건조,맑음,단일로 - 기타,승용,남,66세,중상,건설기계,남,64세,상해없음
2021111800100057,2021년 11월 18일 06시,목요일,전라남도 영암군 삼호읍,중상사고,0,2,1,0,차대차 - 측면충돌,신호위반,건조,맑음,교차로 - 교차로안,승용,남,65세,중상,승용,남,45세,중상
2021111800100070,2021년 11월 18일 07시,목요일,전라남도 영광군 염산면,중상사고,0,1,0,0,차대사람 - 차도통행중,안전운전불이행,건조,맑음,단일로 - 기타,화물,남,72세,상해없음,보행자,남,74세,중상
2021111800100101,2021년 11월 18일 08시,목요일,전라남도 고흥군 두원면,경상사고,0,0,1,0,차대차 - 추돌,안전운전불이행,건조,맑음,단일로 - 기타,승용,남,65세,상해없음,승용,여,34세,경상
2021111800100102,2021년 11월 18일 08시,목요일,전라남도 해남군 북일면,중상사고,0,1,0,0,차대차 - 측면충돌,불법유턴,건조,맑음,교차로 - 교차로안,화물,남,48세,상해없음,이륜,남,71세,중상
2021111800100103,2021년 11월 18일 08시,목요일,전라남도 완도군 완도읍,경상사고,0,0,1,0,차량단독 - 공작물충돌,안전운전불이행,건조,맑음,단일로 - 기타,승용,여,56세,경상,,,,
2021111800100104,2021년 11월 18일 08시,목요일,전라남도 무안군 삼향읍,경상사고,0,0,2,0,차대차 - 추돌,안전운전불이행,건조,맑음,교차로 - 교차로안,승용,남,28세,경상,승용,남,44세,경상
2021111800100142,2021년 11월 18일 09시,목요일,전라남도 목포시 죽교동,경상사고,0,0,1,0,차대차 - 기타,안전운전불이행,건조,맑음,교차로 - 교차로부근,이륜,남,61세,상해없음,승합,남,64세,상해없음
2021111800100143,2021년 11월 18일 09시,목요일,전라남도 화순군 화순읍,경상사고,0,0,2,0,차대차 - 정면충돌,안전운전불이행,건조,맑음,교차로 - 교차로안,승용,여,60세,경상,자전거,여,62세,경상
2021111800100144,2021년 11월 18일 09시,목요일,전라남도 영암군 삼호읍,경상사고,0,0,1,0,차대차 - 측면충돌,교차로운행방법위반,건조,맑음,교차로 - 교차로안,승용,남,50세,상해없음,화물,남,52세,경상
2021111800100175,2021년 11월 18일 10시,목요일,전라남도 보성군 벌교읍,중상사고,0,1,0,0,차대차 - 기타,기타,건조,맑음,교차로 - 교차로안,승용,여,68세,상해없음,승용,남,48세,상해없음
2021111800100176,2021년 11월 18일 10시,목요일,전라남도 함평군 함평읍,부상신고사고,0,0,0,1,차대차 - 측면충돌,직진우회전진행방해,건조,맑음,교차로 - 교차로안,승용,여,62세,상해없음,이륜,여,65세,부상신고
2021111800100177,2021년 11월 18일 10시,목요일,전라남도 구례군 구례읍,경상사고,0,0,1,0,차대사람 - 차도통행중,안전운전불이행,건조,맑음,단일로 - 기타,이륜,남,82세,상해없음,보행자,여,84세,경상
2021111800100242,2021년 11월 18일 12시,목요일,전라남도 여수시 학동,중상사고,0,1,0,0,차대사람 - 차도통행중,안전운전불이행,건조,맑음,교차로 - 교차로안,승용,남,77세,상해없음,보행자,남,39세,중상
2021111800100243,2021년 11월 18일 12시,목요일,전라남도 순천시 풍덕동,경상사고,0,0,2,0,차대차 - 기타,안전운전불이행,건조,맑음,교차로 - 교차로안,특수,남,24세,상해없음,승용,남,41세,경상
2021111800100244,2021년 11월 18일 12시,목요일,전라남도 순천시 조곡동,경상사고,0,0,3,0,차대차 - 추돌,안전운전불이행,건조,맑음,단일로 - 터널,승용,여,39세,경상,승용,남,26세,경상
2021111800100245,2021년 11월 18일 12시,목요일,전라남도 무안군 무안읍,경상사고,0,0,1,0,차대차 - 정면충돌,안전운전불이행,건조,맑음,기타 - 기타,승용,여,41세,상해없음,승용,여,38세,경상
2021111800100267,2021년 11월 18일 13시,목요일,전라남도 목포시 산정동,경상사고,0,0,1,0,차대차 - 기타,안전운전불이행,건조,맑음,교차로 - 교차로안,이륜,남,77세,경상,화물,남,53세,상해없음
2021111800100297,2021년 11월 18일 14시,목요일,전라남도 무안군 무안읍,중상사고,0,1,0,0,차대차 - 정면충돌,안전운전불이행,건조,맑음,교차로 - 교차로안,승용,여,36세,상해없음,이륜,남,58세,중상
2021111800100367,2021년 11월 18일 16시,목요일,전라남도 여수시 돌산읍,경상사고,0,0,1,0,차대차 - 측면충돌,안전운전불이행,건조,맑음,단일로 - 기타,승용,남,66세,상해없음,승용,남,45세,경상
2021111800100411,2021년 11월 18일 17시,목요일,전라남도 무안군 해제면,경상사고,0,0,1,0,차대차 - 후진중충돌,안전운전불이행,건조,맑음,단일로 - 기타,화물,남,78세,상해없음,승용,남,72세,경상
2021111800100412,2021년 11월 18일 17시,목요일,전라남도 광양시 광영동,경상사고,0,0,1,0,차대차 - 기타,안전운전불이행,건조,맑음,기타 - 기타,승용,여,55세,상해없음,이륜,남,33세,경상
2021111800100461,2021년 11월 18일 18시,목요일,전라남도 목포시 용당동,중상사고,0,1,0,1,차대차 - 측면충돌,신호위반,건조,맑음,교차로 - 교차로횡단보도내,이륜,남,66세,부상신고,승용,남,64세,상해없음
2021111800100462,2021년 11월 18일 18시,목요일,전라남도 신안군 압해읍,경상사고,0,0,1,0,차대차 - 측면충돌,안전운전불이행,건조,맑음,단일로 - 기타,화물,남,26세,상해없음,이륜,남,36세,경상
2021111800100463,2021년 11월 18일 18시,목요일,전라남도 여수시 안산동,경상사고,0,0,1,0,차대차 - 측면충돌,차로위반,건조,맑음,단일로 - 기타,승용,남,63세,상해없음,승용,여,42세,경상
2021111800100464,2021년 11월 18일 18시,목요일,전라남도 순천시 연향동,경상사고,0,0,1,0,차대차 - 기타,안전운전불이행,건조,맑음,단일로 - 기타,승용,남,50세,상해없음,승용,남,24세,경상
2021111800100465,2021년 11월 18일 18시,목요일,전라남도 곡성군 곡성읍,중상사고,0,2,0,0,차대차 - 추돌,기타,건조,맑음,단일로 - 기타,승용,남,26세,중상,승용,남,42세,중상
2021111800100466,2021년 11월 18일 18시,목요일,전라남도 광양시 중동,중상사고,0,1,0,0,차대사람 - 보도통행중,보행자보호의무위반,건조,맑음,교차로 - 교차로횡단보도내,승용,남,47세,상해없음,보행자,여,85세,중상
2021111800100510,2021년 11월 18일 19시,목요일,전라남도 나주시 남평읍,경상사고,0,0,1,1,차대차 - 측면충돌,직진우회전진행방해,건조,맑음,교차로 - 교차로안,승용,남,49세,부상신고,승용,여,69세,경상
2021111800100511,2021년 11월 18일 19시,목요일,전라남도 장흥군 유치면,사망사고,1,0,0,0,차대사람 - 기타,안전운전불이행,건조,맑음,단일로 - 기타,화물,남,68세,상해없음,보행자,남,64세,사망
2021111800100544,2021년 11월 18일 20시,목요일,전라남도 영광군 대마면,경상사고,0,0,3,0,차대차 - 기타,기타,건조,맑음,단일로 - 기타,승용,남,48세,경상,화물,남,51세,상해없음
2021111800100564,2021년 11월 18일 21시,목요일,전라남도 광양시 광양읍,경상사고,0,0,1,0,차대차 - 측면충돌,안전운전불이행,건조,맑음,교차로 - 교차로안,승용,여,58세,상해없음,이륜,남,40세,경상
2021111900100011,2021년 11월 19일 00시,금요일,전라남도 해남군 해남읍,경상사고,0,0,1,0,차대차 - 측면충돌,교차로운행방법위반,건조,맑음,교차로 - 교차로안,승용,남,64세,상해없음,승용,여,52세,경상
2021111900100086,2021년 11월 19일 07시,금요일,전라남도 강진군 강진읍,중상사고,0,1,0,0,차대사람 - 기타,안전운전불이행,건조,맑음,단일로 - 기타,승용,남,47세,상해없음,보행자,여,76세,중상
2021111900100087,2021년 11월 19일 07시,금요일,전라남도 무안군 해제면,경상사고,0,0,1,0,차대차 - 기타,중앙선침범,건조,맑음,단일로 - 기타,승합,남,70세,기타불명,승합,남,49세,경상
2021111900100115,2021년 11월 19일 08시,금요일,전라남도 순천시 가곡동,중상사고,0,1,0,0,차대차 - 기타,안전운전불이행,건조,맑음,교차로 - 교차로안,승합,남,59세,상해없음,승용,남,53세,중상
2021111900100145,2021년 11월 19일 09시,금요일,전라남도 담양군 금성면,중상사고,0,1,1,0,차량단독 - 기타,안전운전불이행,건조,맑음,단일로 - 기타,승용,여,61세,경상,,,,
2021111900100172,2021년 11월 19일 10시,금요일,전라남도 순천시 덕암동,경상사고,0,0,1,0,차대차 - 측면충돌,안전운전불이행,건조,기타,기타 - 기타,승용,남,63세,상해없음,승용,남,61세,경상
2021111900100173,2021년 11월 19일 10시,금요일,전라남도 순천시 동외동,경상사고,0,0,1,0,차대차 - 기타,안전운전불이행,건조,맑음,교차로 - 교차로안,건설기계,남,51세,상해없음,승용,여,49세,경상
2021111900100205,2021년 11월 19일 11시,금요일,전라남도 해남군 옥천면,중상사고,0,1,0,0,차대차 - 측면충돌,교차로운행방법위반,건조,맑음,교차로 - 교차로안,화물,남,67세,상해없음,화물,남,51세,기타불명
2021111900100206,2021년 11월 19일 11시,금요일,전라남도 화순군 도곡면,경상사고,0,0,2,0,차대차 - 측면충돌,교차로운행방법위반,건조,맑음,교차로 - 교차로안,승용,여,62세,경상,승용,남,60세,경상
2021111900100239,2021년 11월 19일 12시,금요일,전라남도 광양시 광양읍,경상사고,0,0,1,1,차대차 - 측면충돌,교차로운행방법위반,건조,맑음,교차로 - 교차로안,화물,남,72세,부상신고,승용,남,41세,상해없음
2021111900100269,2021년 11월 19일 13시,금요일,전라남도 나주시 이창동,중상사고,0,1,0,0,차대사람 - 보도통행중,기타,건조,맑음,기타 - 기타,화물,남,50세,상해없음,보행자,여,53세,중상
2021111900100270,2021년 11월 19일 13시,금요일,전라남도 보성군 득량면,경상사고,0,0,1,0,차대차 - 추돌,안전운전불이행,건조,맑음,단일로 - 기타,사륜오토바이(ATV),남,62세,경상,승용,남,37세,상해없음
2021111900100271,2021년 11월 19일 13시,금요일,전라남도 보성군 득량면,중상사고,0,1,1,0,차대차 - 측면충돌,안전운전불이행,건조,맑음,단일로 - 기타,승용,남,77세,상해없음,화물,남,29세,경상
2021111900100272,2021년 11월 19일 13시,금요일,전라남도 영광군 영광읍,사망사고,1,0,0,0,차대차 - 정면충돌,중앙선침범,건조,맑음,단일로 - 기타,승용,여,67세,상해없음,화물,남,35세,상해없음
2021111900100303,2021년 11월 19일 14시,금요일,전라남도 여수시 서교동,경상사고,0,0,1,0,차대사람 - 차도통행중,안전운전불이행,건조,맑음,단일로 - 기타,승용,여,39세,상해없음,보행자,남,44세,경상
2021111900100341,2021년 11월 19일 15시,금요일,전라남도 장흥군 장흥읍,경상사고,0,0,1,0,차대차 - 측면충돌,직진우회전진행방해,건조,맑음,교차로 - 교차로안,승용,여,58세,상해없음,이륜,남,83세,경상
2021111900100342,2021년 11월 19일 15시,금요일,전라남도 함평군 학교면,사망사고,1,0,3,0,차대차 - 추돌,안전운전불이행,건조,맑음,교차로 - 교차로부근,화물,남,75세,사망,화물,남,66세,경상
2021111900100343,2021년 11월 19일 15시,금요일,전라남도 강진군 성전면,경상사고,0,0,3,0,차대차 - 측면충돌,중앙선침범,건조,맑음,교차로 - 교차로부근,승용,여,46세,경상,승용,여,80세,경상
2021111900100448,2021년 11월 19일 17시,금요일,전라남도 여수시 학동,경상사고,0,0,1,0,차대차 - 측면충돌,교차로운행방법위반,건조,맑음,교차로 - 교차로안,이륜,남,19세,상해없음,승용,남,22세,경상
2021111900100449,2021년 11월 19일 17시,금요일,전라남도 화순군 도곡면,경상사고,0,0,1,0,차대차 - 정면충돌,불법유턴,건조,맑음,단일로 - 기타,화물,남,57세,상해없음,승용,남,44세,경상
2021111900100507,2021년 11월 19일 18시,금요일,전라남도 나주시 금천면,경상사고,0,0,1,0,차대차 - 측면충돌,안전운전불이행,건조,맑음,교차로 - 교차로안,승용,남,31세,기타불명,승용,여,61세,경상