사고번호,사고일시,요일,시군구,사고내용,사망자수,중상자수,경상자수,부상신고자수,사고유형,법규위반,노면상태,기상상태,도로형태,가해운전자 차종,가해운전자 성별,가해운전자 연령,가해운전자 상해정도,피해운전자 차종,피해운전자 성별,피해운전자 연령,피해운전자 상해정도
2021112500100228,2021년 11월 25일 11시,목요일,전라남도 목포시 옥암동,경상사고,0,0,2,0,차대차 - 기타,안전운전불이행,건조,맑음,단일로 - 기타,승용,남,66세,경상,승용,여,37세,경상
2021112500100229,2021년 11월 25일 11시,목요일,전라남도 광양시 중동,경상사고,0,0,1,0,차대차 - 측면충돌,안전운전불이행,건조,맑음,단일로 - 기타,승용,여,30세,상해없음,승용,여,42세,경상
2021112500100289,2021년 11월 25일 13시,목요일,전라남도 함평군 함평읍,경상사고,0,0,2,0,차대차 - 측면충돌,안전운전불이행,건조,맑음,단일로 - 기타,승용,남,74세,기타불명,화물,남,61세,경상
2021112500100332,2021년 11월 25일 14시,목요일,전라남도 목포시 용해동,중상사고,0,1,0,0,차대차 - 측면충돌,직진우회전진행방해,건조,맑음,교차로 - 교차로안,승용,여,62세,상해없음,승용,남,74세,중상
2021112500100333,2021년 11월 25일 14시,목요일,전라남도 순천시 연향동,경상사고,0,0,1,0,차대차 - 기타,안전운전불이행,건조,맑음,기타 - 기타,화물,남,78세,기타불명,승용,남,35세,경상
2021112500100334,2021년 11월 25일 14시,목요일,전라남도 나주시 빛가람동,경상사고,0,0,1,0,차대차 - 측면충돌,중앙선침범,건조,맑음,단일로 - 기타,승용,남,65세,상해없음,승용,여,26세,경상
2021112500100335,2021년 11월 25일 14시,목요일,전라남도 장흥군 회진면,경상사고,0,0,1,0,차대차 - 측면충돌,안전운전불이행,건조,맑음,교차로 - 교차로안,승용,남,71세,상해없음,승용,여,38세,경상
2021112500100336,2021년 11월 25일 14시,목요일,전라남도 광양시 광양읍,중상사고,0,1,0,0,차대차 - 측면충돌,교차로운행방법위반,건조,맑음,교차로 - 교차로부근,농기계,남,62세,중상,건설기계,남,60세,상해없음
2021112500100374,2021년 11월 25일 15시,목요일,전라남도 여수시 웅천동,경상사고,0,0,4,0,차대차 - 측면충돌,신호위반,건조,맑음,교차로 - 교차로안,승용,남,50세,상해없음,승용,남,44세,경상
2021112500100466,2021년 11월 25일 17시,목요일,전라남도 보성군 벌교읍,경상사고,0,0,1,0,차대사람 - 차도통행중,안전운전불이행,건조,맑음,단일로 - 기타,승용,여,51세,상해없음,보행자,여,16세,경상
2021112500100467,2021년 11월 25일 17시,목요일,전라남도 완도군 고금면,경상사고,0,0,1,0,차대차 - 기타,안전운전불이행,건조,맑음,단일로 - 기타,화물,남,72세,상해없음,자전거,남,59세,경상
2021112500100468,2021년 11월 25일 17시,목요일,전라남도 무안군 일로읍,경상사고,0,0,1,0,차대차 - 측면충돌,안전운전불이행,건조,맑음,교차로 - 교차로부근,승용,남,67세,상해없음,화물,여,58세,경상
2021112500100520,2021년 11월 25일 18시,목요일,전라남도 여수시 문수동,경상사고,0,0,1,0,차대차 - 기타,안전운전불이행,건조,맑음,단일로 - 기타,승용,남,38세,상해없음,이륜,남,46세,경상
2021112500100521,2021년 11월 25일 18시,목요일,전라남도 순천시 조곡동,경상사고,0,0,1,0,차대차 - 추돌,안전운전불이행,건조,맑음,교차로 - 교차로안,승용,여,31세,상해없음,승용,여,59세,경상
2021112500100522,2021년 11월 25일 18시,목요일,전라남도 고흥군 도양읍,중상사고,0,1,0,0,차량단독 - 기타,안전운전불이행,건조,맑음,단일로 - 기타,이륜,남,71세,중상,,,,
2021112500100523,2021년 11월 25일 18시,목요일,전라남도 광양시 중동,부상신고사고,0,0,0,1,차대차 - 측면충돌,안전운전불이행,건조,맑음,단일로 - 기타,이륜,남,29세,부상신고,승용,남,57세,상해없음
2021112500100578,2021년 11월 25일 19시,목요일,전라남도 순천시 장천동,경상사고,0,0,1,0,차대차 - 측면충돌,안전운전불이행,건조,맑음,교차로 - 교차로안,승용,남,25세,상해없음,승용,남,26세,경상
2021112500100579,2021년 11월 25일 19시,목요일,전라남도 강진군 군동면,사망사고,1,0,0,0,차대차 - 정면충돌,중앙선침범,건조,맑음,교차로 - 교차로안,화물,남,38세,상해없음,원동기,남,19세,사망
2021112500100580,2021년 11월 25일 19시,목요일,전라남도 담양군 담양읍,경상사고,0,0,1,0,차대차 - 측면충돌,직진우회전진행방해,건조,맑음,교차로 - 교차로안,승용,남,81세,상해없음,승용,여,45세,경상
2021112500100603,2021년 11월 25일 20시,목요일,전라남도 장흥군 장평면,경상사고,0,0,2,0,차대차 - 기타,기타,건조,맑음,단일로 - 기타,승합,여,47세,경상,승용,여,51세,경상
2021112500100604,2021년 11월 25일 20시,목요일,전라남도 완도군 완도읍,경상사고,0,0,1,0,차대차 - 기타,안전운전불이행,건조,맑음,교차로 - 교차로안,이륜,남,51세,경상,승용,남,39세,상해없음
2021112500100657,2021년 11월 25일 22시,목요일,전라남도 여수시 웅천동,경상사고,0,0,2,0,차대차 - 추돌,안전운전불이행,건조,맑음,교차로 - 교차로부근,승용,남,33세,상해없음,승용,여,44세,경상
2021112500100672,2021년 11월 25일 23시,목요일,전라남도 순천시 해룡면,사망사고,1,0,0,0,차대사람 - 횡단중,기타,건조,맑음,교차로 - 교차로횡단보도내,승용,남,39세,상해없음,보행자,남,61세,사망
2021112600100032,2021년 11월 26일 02시,금요일,전라남도 고흥군 점암면,경상사고,0,0,1,0,차량단독 - 공작물충돌,안전운전불이행,건조,맑음,단일로 - 기타,화물,남,45세,경상,,,,
2021112600100061,2021년 11월 26일 06시,금요일,전라남도 목포시 용당동,중상사고,0,1,1,0,차대차 - 측면충돌,신호위반,건조,흐림,교차로 - 교차로안,원동기,남,65세,중상,승용,여,69세,경상
2021112600100062,2021년 11월 26일 06시,금요일,전라남도 나주시 대기동,중상사고,0,1,0,0,차대차 - 측면충돌,신호위반,건조,맑음,교차로 - 교차로안,화물,남,68세,상해없음,화물,남,73세,중상
2021112600100063,2021년 11월 26일 06시,금요일,전라남도 광양시 옥곡면,중상사고,0,1,1,0,차대차 - 정면충돌,신호위반,건조,맑음,교차로 - 교차로안,승용,남,69세,중상,승용,여,41세,경상
2021112600100087,2021년 11월 26일 07시,금요일,전라남도 여수시 국동,경상사고,0,0,1,0,차대사람 - 기타,안전운전불이행,건조,맑음,교차로 - 교차로횡단보도내,승용,남,60세,기타불명,보행자,여,80세,경상
2021112600100131,2021년 11월 26일 08시,금요일,전라남도 순천시 해룡면,경상사고,0,0,1,0,차대차 - 측면충돌,안전운전불이행,건조,맑음,교차로 - 교차로안,개인형이동수단(PM),남,14세,경상,승용,남,48세,상해없음
2021112600100132,2021년 11월 26일 08시,금요일,전라남도 장흥군 안양면,중상사고,0,1,1,0,차대차 - 추돌,안전운전불이행,건조,맑음,단일로 - 기타,이륜,남,74세,중상,화물,남,60세,경상
2021112600100133,2021년 11월 26일 08시,금요일,전라남도 함평군 함평읍,경상사고,0,0,1,0,차대차 - 측면충돌,신호위반,건조,맑음,교차로 - 교차로안,승합,남,72세,상해없음,건설기계,남,62세,경상
2021112600100134,2021년 11월 26일 08시,금요일,전라남도 광양시 광양읍,경상사고,0,0,1,0,차대차 - 측면충돌,중앙선침범,건조,맑음,단일로 - 기타,승용,여,33세,상해없음,승용,남,37세,경상
2021112600100181,2021년 11월 26일 09시,금요일,전라남도 강진군 군동면,경상사고,0,0,2,0,차대차 - 측면충돌,신호위반,건조,맑음,교차로 - 교차로안,화물,남,51세,상해없음,농기계,남,75세,경상
2021112600100182,2021년 11월 26일 09시,금요일,전라남도 강진군 칠량면,중상사고,0,1,0,0,차량단독 - 도로외이탈 - 추락,안전운전불이행,건조,맑음,단일로 - 기타,승용,여,51세,중상,,,,
2021112600100207,2021년 11월 26일 10시,금요일,전라남도 순천시 조례동,경상사고,0,0,1,0,차대사람 - 횡단중,보행자보호의무위반,건조,맑음,단일로 - 기타,승용,남,60세,상해없음,보행자,여,21세,경상
2021112600100208,2021년 11월 26일 10시,금요일,전라남도 순천시 서면,중상사고,0,1,0,0,차대차 - 측면충돌,교차로운행방법위반,건조,맑음,교차로 - 교차로안,승용,남,77세,상해없음,이륜,남,75세,중상
2021112600100209,2021년 11월 26일 10시,금요일,전라남도 광양시 광양읍,중상사고,0,1,0,0,차대사람 - 횡단중,보행자보호의무위반,건조,맑음,교차로 - 교차로횡단보도내,승용,여,35세,상해없음,보행자,여,88세,중상
2021112600100237,2021년 11월 26일 11시,금요일,전라남도 여수시 신기동,경상사고,0,0,1,0,차대차 - 측면충돌,차로위반,건조,맑음,단일로 - 기타,승용,여,70세,상해없음,이륜,남,43세,경상
2021112600100238,2021년 11월 26일 11시,금요일,전라남도 보성군 조성면,경상사고,0,0,1,0,차대차 - 측면충돌,직진우회전진행방해,건조,맑음,교차로 - 교차로안,이륜,남,80세,경상,승용,남,73세,상해없음
2021112600100239,2021년 11월 26일 11시,금요일,전라남도 보성군 회천면,중상사고,0,1,2,0,차대차 - 측면충돌,불법유턴,건조,맑음,교차로 - 교차로안,화물,여,56세,경상,승용,남,72세,경상
2021112600100277,2021년 11월 26일 12시,금요일,전라남도 목포시 산정동,경상사고,0,0,2,1,차대차 - 측면충돌,안전운전불이행,건조,맑음,단일로 - 기타,승용,여,39세,부상신고,이륜,남,21세,경상
2021112600100278,2021년 11월 26일 12시,금요일,전라남도 강진군 군동면,경상사고,0,0,2,0,차대차 - 측면충돌,안전운전불이행,건조,맑음,교차로 - 교차로안,승용,남,59세,상해없음,승용,남,86세,경상
2021112600100279,2021년 11월 26일 12시,금요일,전라남도 무안군 청계면,경상사고,0,0,1,0,차대차 - 기타,안전운전불이행,건조,맑음,단일로 - 기타,승용,남,70세,상해없음,승용,여,34세,경상
2021112600100320,2021년 11월 26일 13시,금요일,전라남도 해남군 화원면,중상사고,0,1,0,0,차대차 - 기타,안전운전불이행,건조,맑음,교차로 - 교차로안,이륜,남,72세,중상,화물,남,40세,상해없음
2021112600100321,2021년 11월 26일 13시,금요일,전라남도 화순군 화순읍,중상사고,0,1,0,0,차대차 - 측면충돌,안전운전불이행,건조,맑음,교차로 - 교차로안,승용,남,74세,상해없음,이륜,남,26세,중상
2021112600100322,2021년 11월 26일 13시,금요일,전라남도 화순군 한천면,경상사고,0,0,1,0,차대차 - 측면충돌,안전거리미확보,건조,맑음,단일로 - 기타,승용,남,70세,상해없음,승용,여,59세,경상
2021112600100342,2021년 11월 26일 14시,금요일,전라남도 목포시 용해동,경상사고,0,0,5,0,차대차 - 측면충돌,신호위반,건조,맑음,교차로 - 교차로안,승용,여,63세,경상,승용,남,32세,경상
2021112600100343,2021년 11월 26일 14시,금요일,전라남도 장성군 서삼면,경상사고,0,0,2,0,차대차 - 측면충돌,안전운전불이행,건조,맑음,단일로 - 기타,화물,남,79세,상해없음,화물,남,67세,경상
2021112600100393,2021년 11월 26일 15시,금요일,전라남도 순천시 해룡면,경상사고,0,0,2,0,차대차 - 측면충돌,교차로운행방법위반,건조,맑음,교차로 - 교차로안,화물,남,52세,상해없음,승용,여,34세,경상
2021112600100394,2021년 11월 26일 15시,금요일,전라남도 완도군 완도읍,경상사고,0,0,1,0,차대사람 - 차도통행중,안전운전불이행,건조,맑음,교차로 - 교차로부근,승용,남,25세,상해없음,보행자,여,37세,경상
2021112600100435,2021년 11월 26일 16시,금요일,전라남도 영광군 영광읍,중상사고,0,1,0,0,차대차 - 측면충돌,안전운전불이행,건조,맑음,교차로 - 교차로안,승용,여,41세,상해없음,승용,남,72세,중상
2021112600100436,2021년 11월 26일 16시,금요일,전라남도 화순군 화순읍,경상사고,0,0,1,0,차대차 - 추돌,안전운전불이행,건조,맑음,교차로 - 교차로부근,승용,남,48세,상해없음,승용,여,36세,경상
2021112600100502,2021년 11월 26일 17시,금요일,전라남도 순천시 조례동,경상사고,0,0,1,0,차대사람 - 횡단중,안전운전불이행,건조,맑음,기타 - 기타,승용,남,30세,상해없음,보행자,남,81세,경상
2021112600100503,2021년 11월 26일 17시,금요일,전라남도 나주시 대호동,경상사고,0,0,1,0,차대사람 - 차도통행중,안전운전불이행,건조,맑음,교차로 - 교차로안,승용,남,41세,상해없음,보행자,여,65세,경상
2021112600100504,2021년 11월 26일 17시,금요일,전라남도 해남군 산이면,경상사고,0,0,5,0,차대차 - 추돌,안전운전불이행,건조,맑음,기타 - 기타,승합,남,60세,상해없음,화물,남,66세,상해없음
2021112600100505,2021년 11월 26일 17시,금요일,전라남도 보성군 복내면,경상사고,0,0,4,0,차대차 - 추돌,안전거리미확보,건조,맑음,단일로 - 기타,승합,여,65세,경상,승용,남,67세,경상
2021112600100568,2021년 11월 26일 18시,금요일,전라남도 화순군 화순읍,경상사고,0,0,1,0,차대차 - 측면충돌,중앙선침범,건조,맑음,단일로 - 기타,화물,남,64세,상해없음,화물,남,58세,경상
2021112600100569,2021년 11월 26일 18시,금요일,전라남도 광양시 중동,경상사고,0,0,1,0,차대차 - 기타,안전운전불이행,건조,맑음,주차장 - 주차장,승용,남,28세,상해없음,이륜,남,26세,경상
2021112600100632,2021년 11월 26일 19시,금요일,전라남도 여수시 연등동,중상사고,0,1,0,0,차대차 - 측면충돌,신호위반,건조,맑음,교차로 - 교차로횡단보도내,이륜,남,33세,상해없음,자전거,남,59세,중상
2021112600100633,2021년 11월 26일 19시,금요일,전라남도 순천시 주암면,경상사고,0,0,2,0,차대차 - 측면충돌,교차로운행방법위반,건조,맑음,교차로 - 교차로안,승용,남,28세,경상,승용,남,70세,경상
2021112600100634,2021년 11월 26일 19시,금요일,전라남도 무안군 삼향읍,경상사고,0,0,1,0,차대차 - 기타,신호위반,건조,맑음,교차로 - 교차로안,승용,여,34세,상해없음,승용,남,35세,상해없음
2021112600100669,2021년 11월 26일 20시,금요일,전라남도 목포시 산정동,경상사고,0,0,2,0,차대차 - 후진중충돌,안전운전불이행,건조,맑음,교차로 - 교차로안,특수,남,41세,상해없음,승용,여,27세,경상
2021112600100720,2021년 11월 26일 22시,금요일,전라남도 목포시 산정동,경상사고,0,0,2,0,차대차 - 추돌,안전운전불이행,건조,맑음,교차로 - 교차로부근,승용,남,35세,상해없음,승용,남,66세,경상
2021112600100740,2021년 11월 26일 23시,금요일,전라남도 함평군 학교면,경상사고,0,0,1,1,차대차 - 추돌,기타,건조,맑음,교차로 - 교차로부근,승용,여,48세,부상신고,화물,남,48세,경상
2021112700100009,2021년 11월 27일 00시,토요일,전라남도 순천시 조례동,경상사고,0,0,1,0,차대차 - 측면충돌,안전운전불이행,건조,맑음,단일로 - 기타,승용,남,21세,상해없음,승용,여,60세,경상
2021112700100023,2021년 11월 27일 01시,토요일,전라남도 완도군 고금면,경상사고,0,0,2,0,차대차 - 정면충돌,중앙선침범,건조,맑음,단일로 - 기타,승용,남,41세,경상,승용,남,31세,경상
2021112700100032,2021년 11월 27일 02시,토요일,전라남도 영광군 영광읍,중상사고,0,1,0,0,차대차 - 측면충돌,직진우회전진행방해,건조,맑음,교차로 - 교차로안,승용,남,70세,기타불명,이륜,남,70세,중상
2021112700100074,2021년 11월 27일 07시,토요일,전라남도 광양시 광영동,중상사고,0,1,0,0,차대차 - 기타,중앙선침범,건조,맑음,교차로 - 교차로부근,승용,남,48세,상해없음,승합,남,59세,상해없음
2021112700100083,2021년 11월 27일 08시,토요일,전라남도 광양시 광양읍,경상사고,0,0,2,0,차대차 - 추돌,안전운전불이행,건조,맑음,교차로 - 교차로부근,화물,남,53세,상해없음,승용,남,40세,경상
2021112700100101,2021년 11월 27일 09시,토요일,전라남도 여수시 덕충동,경상사고,0,0,4,0,차대차 - 측면충돌,신호위반,건조,맑음,교차로 - 교차로안,승용,남,39세,경상,승용,여,23세,경상
2021112700100102,2021년 11월 27일 09시,토요일,전라남도 순천시 오천동,경상사고,0,0,3,0,차대차 - 추돌,안전운전불이행,건조,맑음,단일로 - 기타,승용,남,47세,경상,승합,남,59세,상해없음
2021112700100103,2021년 11월 27일 09시,토요일,전라남도 곡성군 옥과면,경상사고,0,0,1,1,차대차 - 측면충돌,직진우회전진행방해,건조,맑음,교차로 - 교차로안,승용,남,65세,부상신고,화물,남,63세,상해없음
2021112700100142,2021년 11월 27일 10시,토요일,전라남도 함평군 함평읍,경상사고,0,0,2,0,차대차 - 측면충돌,기타,건조,맑음,교차로 - 교차로안,승용,여,30세,경상,승합,남,64세,경상
2021112700100174,2021년 11월 27일 11시,토요일,전라남도 여수시 봉강동,경상사고,0,0,1,0,차대사람 - 기타,안전운전불이행,건조,맑음,단일로 - 기타,승용,남,54세,상해없음,보행자,여,63세,경상
2021112700100175,2021년 11월 27일 11시,토요일,전라남도 장흥군 부산면,사망사고,1,0,0,0,차량단독 - 기타,안전운전불이행,건조,맑음,단일로 - 기타,농기계,남,73세,사망,,,,
2021112700100211,2021년 11월 27일 12시,토요일,전라남도 순천시 덕암동,경상사고,0,0,2,0,차대차 - 기타,직진우회전진행방해,건조,맑음,교차로 - 교차로안,승용,여,35세,경상,승용,여,56세,경상
2021112700100212,2021년 11월 27일 12시,토요일,전라남도 구례군 간전면,중상사고,0,1,0,0,차대차 - 기타,안전운전불이행,건조,맑음,단일로 - 기타,승용,여,38세,상해없음,이륜,남,68세,중상
2021112700100255,2021년 11월 27일 13시,토요일,전라남도 장흥군 장흥읍,경상사고,0,0,1,0,차대차 - 추돌,안전운전불이행,건조,맑음,단일로 - 기타,승용,남,59세,경상,승용,남,53세,기타불명
2021112700100301,2021년 11월 27일 14시,토요일,전라남도 여수시 교동,중상사고,0,1,0,0,차대사람 - 횡단중,신호위반,건조,맑음,교차로 - 교차로횡단보도내,화물,남,81세,상해없음,보행자,여,70세,중상
2021112700100302,2021년 11월 27일 14시,토요일,전라남도 광양시 광양읍,경상사고,0,0,1,0,차대사람 - 기타,기타,건조,맑음,기타 - 기타,개인형이동수단(PM),남,14세,상해없음,보행자,여,12세,경상
2021112700100303,2021년 11월 27일 14시,토요일,전라남도 광양시 광양읍,경상사고,0,0,1,0,차대차 - 측면충돌,교차로운행방법위반,건조,맑음,교차로 - 교차로안,승용,남,29세,상해없음,승용,남,27세,경상
2021112700100342,2021년 11월 27일 15시,토요일,전라남도 순천시 중앙동,경상사고,0,0,2,0,차대차 - 기타,안전운전불이행,건조,맑음,교차로 - 교차로부근,승용,남,57세,상해없음,승용,남,25세,경상
2021112700100343,2021년 11월 27일 15시,토요일,전라남도 해남군 북평면,사망사고,1,0,0,0,차대차 - 측면충돌,교차로운행방법위반,건조,맑음,교차로 - 교차로안,화물,남,38세,상해없음,자전거,남,46세,사망
2021112700100384,2021년 11월 27일 16시,토요일,전라남도 여수시 둔덕동,경상사고,0,0,1,0,차대차 - 측면충돌,신호위반,건조,맑음,교차로 - 교차로안,승용,남,65세,상해없음,이륜,남,78세,경상
2021112700100385,2021년 11월 27일 16시,토요일,전라남도 담양군 대전면,경상사고,0,0,3,0,차대차 - 측면충돌,안전운전불이행,건조,맑음,교차로 - 교차로안,승용,남,51세,경상,승용,여,36세,경상
2021112700100427,2021년 11월 27일 17시,토요일,전라남도 목포시 상동,중상사고,0,1,1,0,차대차 - 기타,안전거리미확보,건조,맑음,교차로 - 교차로부근,이륜,남,32세,중상,승용,여,58세,경상
2021112700100471,2021년 11월 27일 18시,토요일,전라남도 여수시 소라면,중상사고,0,1,0,0,차대사람 - 횡단중,안전운전불이행,건조,맑음,단일로 - 기타,승용,남,51세,상해없음,보행자,여,58세,중상
2021112700100472,2021년 11월 27일 18시,토요일,전라남도 여수시 돌산읍,경상사고,0,0,4,0,차대차 - 측면충돌,안전운전불이행,건조,맑음,교차로 - 교차로안,승용,남,59세,상해없음,승용,여,25세,경상
2021112700100473,2021년 11월 27일 18시,토요일,전라남도 담양군 용면,경상사고,0,0,4,0,차대차 - 측면충돌,안전운전불이행,건조,맑음,단일로 - 기타,승용,남,75세,상해없음,승용,남,36세,경상
2021112700100520,2021년 11월 27일 19시,토요일,전라남도 광양시 중동,경상사고,0,0,4,0,차대차 - 측면충돌,중앙선침범,건조,맑음,교차로 - 교차로부근,승용,남,40세,상해없음,승용,남,19세,경상
2021112700100547,2021년 11월 27일 20시,토요일,전라남도 여수시 학동,경상사고,0,0,1,0,차대사람 - 차도통행중,안전운전불이행,건조,맑음,단일로 - 기타,승용,남,29세,상해없음,보행자,남,23세,경상
2021112700100548,2021년 11월 27일 20시,토요일,전라남도 순천시 조례동,경상사고,0,0,1,0,차대사람 - 기타,보행자보호의무위반,건조,맑음,교차로 - 교차로부근,이륜,남,31세,상해없음,보행자,남,19세,경상
2021112700100549,2021년 11월 27일 20시,토요일,전라남도 나주시 송월동,경상사고,0,0,1,0,차대사람 - 횡단중,신호위반,건조,맑음,교차로 - 교차로횡단보도내,화물,남,22세,상해없음,보행자,여,53세,경상
2021112700100565,2021년 11월 27일 21시,토요일,전라남도 여수시 봉계동,중상사고,0,1,1,0,차대차 - 추돌,안전운전불이행,건조,맑음,교차로 - 교차로부근,이륜,남,29세,중상,이륜,남,18세,경상
2021112700100566,2021년 11월 27일 21시,토요일,전라남도 영암군 삼호읍,경상사고,0,0,2,0,차대차 - 측면충돌,교차로운행방법위반,건조,맑음,교차로 - 교차로부근,승용,여,61세,상해없음,승용,남,36세,경상
2021112700100600,2021년 11월 27일 23시,토요일,전라남도 장성군 장성읍,중상사고,0,1,0,0,차량단독 - 공작물충돌,안전운전불이행,건조,맑음,단일로 - 기타,승용,남,19세,상해없음,,,,
2021112800100012,2021년 11월 28일 00시,일요일,전라남도 해남군 송지면,경상사고,0,0,2,0,차대차 - 추돌,안전운전불이행,건조,맑음,단일로 - 기타,화물,남,43세,경상,화물,남,42세,기타불명
2021112800100027,2021년 11월 28일 01시,일요일,전라남도 순천시 해룡면,경상사고,0,0,5,0,차대차 - 추돌,안전운전불이행,건조,맑음,교차로 - 교차로부근,승용,남,28세,상해없음,승용,남,59세,경상
2021112800100116,2021년 11월 28일 10시,일요일,전라남도 순천시 와룡동,경상사고,0,0,1,0,차대차 - 정면충돌,안전운전불이행,건조,맑음,기타 - 기타,승용,남,69세,상해없음,자전거,남,65세,경상
2021112800100117,2021년 11월 28일 10시,일요일,전라남도 영암군 삼호읍,경상사고,0,0,2,0,차대차 - 측면충돌,안전거리미확보,건조,맑음,교차로 - 교차로부근,승용,남,62세,경상,화물,남,61세,상해없음
2021112800100118,2021년 11월 28일 10시,일요일,전라남도 곡성군 죽곡면,중상사고,0,1,0,0,차대차 - 측면충돌,안전운전불이행,건조,맑음,단일로 - 기타,승용,여,72세,상해없음,이륜,남,46세,중상
2021112800100119,2021년 11월 28일 10시,일요일,전라남도 무안군 일로읍,경상사고,0,0,1,0,차대차 - 기타,안전운전불이행,건조,맑음,기타 - 기타,승용,남,73세,상해없음,자전거,남,57세,경상
2021112800100142,2021년 11월 28일 11시,일요일,전라남도 담양군 무정면,중상사고,0,1,0,0,차량단독 - 기타,기타,건조,맑음,단일로 - 기타,화물,남,72세,상해없음,,,,
2021112800100174,2021년 11월 28일 12시,일요일,전라남도 고흥군 봉래면,중상사고,0,1,0,0,차대사람 - 기타,안전운전불이행,건조,맑음,단일로 - 기타,이륜,남,70세,상해없음,보행자,남,62세,중상
2021112800100175,2021년 11월 28일 12시,일요일,전라남도 영광군 법성면,경상사고,0,0,1,0,차대사람 - 차도통행중,안전운전불이행,건조,맑음,단일로 - 기타,승용,남,65세,상해없음,보행자,여,78세,경상
2021112800100202,2021년 11월 28일 13시,일요일,전라남도 목포시 상동,경상사고,0,0,3,0,차대차 - 측면충돌,교차로운행방법위반,건조,맑음,교차로 - 교차로안,승합,남,62세,상해없음,승용,여,30세,경상
2021112800100203,2021년 11월 28일 13시,일요일,전라남도 나주시 송월동,경상사고,0,0,1,0,차대차 - 측면충돌,직진우회전진행방해,건조,맑음,교차로 - 교차로안,승용,남,59세,상해없음,이륜,남,53세,경상
2021112800100204,2021년 11월 28일 13시,일요일,전라남도 고흥군 도양읍,경상사고,0,0,2,0,차대차 - 기타,안전운전불이행,건조,맑음,교차로 - 교차로안,승용,남,47세,상해없음,승용,남,38세,경상
2021112800100237,2021년 11월 28일 14시,일요일,전라남도 나주시 금천면,경상사고,0,0,1,0,차대차 - 추돌,안전거리미확보,건조,맑음,교차로 - 교차로부근,승용,여,56세,상해없음,승용,남,25세,경상
2021112800100357,2021년 11월 28일 18시,일요일,전라남도 순천시 연향동,경상사고,0,0,1,0,차대차 - 추돌,안전운전불이행,건조,맑음,교차로 - 교차로부근,승용,남,51세,상해없음,승용,남,40세,경상
2021112800100392,2021년 11월 28일 19시,일요일,전라남도 해남군 해남읍,경상사고,0,0,1,0,차대차 - 측면충돌,안전거리미확보,건조,맑음,기타 - 기타,화물,남,63세,상해없음,승용,여,23세,경상
2021112800100419,2021년 11월 28일 20시,일요일,전라남도 여수시 여서동,중상사고,0,1,0,1,차대사람 - 횡단중,보행자보호의무위반,건조,맑음,단일로 - 기타,이륜,남,17세,부상신고,보행자,여,31세,중상
2021112800100420,2021년 11월 28일 20시,일요일,전라남도 순천시 연향동,경상사고,0,0,1,0,차대차 - 측면충돌,안전거리미확보,건조,맑음,교차로 - 교차로부근,승용,남,41세,상해없음,이륜,남,35세,경상
2021112800100469,2021년 11월 28일 22시,일요일,전라남도 여수시 선원동,중상사고,0,1,0,0,차대차 - 추돌,신호위반,건조,맑음,교차로 - 교차로안,승용,여,29세,상해없음,이륜,남,30세,중상
2021112900100075,2021년 11월 29일 07시,월요일,전라남도 함평군 함평읍,경상사고,0,0,1,1,차대차 - 추돌,안전운전불이행,건조,맑음,주차장 - 주차장,화물,남,55세,부상신고,승용,남,48세,경상
2021112900100076,2021년 11월 29일 07시,월요일,전라남도 함평군 학교면,부상신고사고,0,0,0,1,차대차 - 측면충돌,기타,건조,맑음,교차로 - 교차로안,승용,여,70세,부상신고,특수,남,61세,상해없음
2021112900100077,2021년 11월 29일 07시,월요일,전라남도 장성군 장성읍,경상사고,0,0,1,1,차대차 - 기타,안전거리미확보,건조,맑음,단일로 - 기타,승용,남,57세,부상신고,건설기계,남,59세,상해없음
2021112900100078,2021년 11월 29일 07시,월요일,전라남도 광양시 금호동,경상사고,0,0,1,0,차대차 - 측면충돌,교차로운행방법위반,건조,맑음,교차로 - 교차로안,화물,남,56세,상해없음,승용,남,43세,경상
2021112900100118,2021년 11월 29일 08시,월요일,전라남도 목포시 용당동,경상사고,0,0,3,0,차대차 - 기타,안전운전불이행,건조,맑음,단일로 - 기타,승용,남,25세,경상,승용,남,30세,경상
2021112900100119,2021년 11월 29일 08시,월요일,전라남도 순천시 상사면,경상사고,0,0,2,0,차대차 - 기타,교차로운행방법위반,건조,맑음,교차로 - 교차로안,승용,여,63세,상해없음,승용,남,34세,경상
2021112900100160,2021년 11월 29일 09시,월요일,전라남도 함평군 대동면,중상사고,0,2,0,0,차대차 - 정면충돌,중앙선침범,건조,맑음,교차로 - 교차로부근,이륜,남,76세,중상,이륜,남,76세,중상
2021112900100185,2021년 11월 29일 10시,월요일,전라남도 영암군 금정면,경상사고,0,0,1,0,차대차 - 측면충돌,교차로운행방법위반,건조,맑음,교차로 - 교차로부근,승용,남,53세,상해없음,화물,남,76세,경상
2021112900100215,2021년 11월 29일 11시,월요일,전라남도 순천시 덕암동,경상사고,0,0,1,0,차대차 - 기타,안전운전불이행,건조,맑음,교차로 - 교차로안,이륜,여,56세,경상,승용,남,69세,상해없음