사고번호,사고일시,요일,시군구,사고내용,사망자수,중상자수,경상자수,부상신고자수,사고유형,법규위반,노면상태,기상상태,도로형태,가해운전자 차종,가해운전자 성별,가해운전자 연령,가해운전자 상해정도,피해운전자 차종,피해운전자 성별,피해운전자 연령,피해운전자 상해정도
2021120400100165,2021년 12월 4일 11시,토요일,전라남도 영암군 신북면,경상사고,0,0,4,0,차대차 - 추돌,안전운전불이행,건조,맑음,교차로 - 교차로부근,승용,남,36세,상해없음,승용,여,64세,경상
2021120400100166,2021년 12월 4일 11시,토요일,전라남도 장성군 장성읍,경상사고,0,0,2,0,차대차 - 추돌,안전운전불이행,건조,맑음,교차로 - 교차로부근,승용,남,68세,상해없음,이륜,남,61세,경상
2021120400100204,2021년 12월 4일 12시,토요일,전라남도 무안군 일로읍,경상사고,0,0,1,0,차대차 - 기타,안전운전불이행,건조,맑음,교차로 - 교차로안,화물,남,62세,상해없음,승용,여,55세,경상
2021120400100205,2021년 12월 4일 12시,토요일,전라남도 광양시 봉강면,중상사고,0,1,1,0,차대차 - 측면충돌,안전운전불이행,건조,맑음,단일로 - 기타,농기계,남,74세,경상,이륜,남,48세,중상
2021120400100270,2021년 12월 4일 14시,토요일,전라남도 여수시 중흥동,경상사고,0,0,1,0,차대차 - 기타,신호위반,건조,맑음,교차로 - 교차로안,특수,남,60세,상해없음,승용,남,51세,경상
2021120400100271,2021년 12월 4일 14시,토요일,전라남도 광양시 광양읍,경상사고,0,0,2,0,차대차 - 측면충돌,교차로운행방법위반,건조,맑음,교차로 - 교차로안,승용,남,27세,경상,화물,남,58세,경상
2021120400100328,2021년 12월 4일 16시,토요일,전라남도 목포시 산정동,경상사고,0,0,3,0,차대차 - 측면충돌,안전운전불이행,건조,맑음,교차로 - 교차로부근,이륜,남,17세,경상,승용,남,32세,경상
2021120400100329,2021년 12월 4일 16시,토요일,전라남도 장흥군 관산읍,중상사고,0,1,1,0,차량단독 - 공작물충돌,안전운전불이행,건조,맑음,단일로 - 기타,화물,여,54세,중상,,,,
2021120400100370,2021년 12월 4일 17시,토요일,전라남도 목포시 옥암동,경상사고,0,0,4,0,차대차 - 추돌,안전운전불이행,건조,맑음,교차로 - 교차로부근,승용,남,50세,경상,승용,남,28세,경상
2021120400100411,2021년 12월 4일 18시,토요일,전라남도 여수시 국동,중상사고,0,1,0,0,차대차 - 측면충돌,차로위반,건조,맑음,단일로 - 기타,승용,남,31세,상해없음,이륜,남,24세,중상
2021120400100412,2021년 12월 4일 18시,토요일,전라남도 영광군 영광읍,중상사고,0,1,0,0,차대사람 - 기타,안전운전불이행,건조,맑음,교차로 - 교차로안,승용,여,71세,상해없음,보행자,남,59세,중상
2021120400100413,2021년 12월 4일 18시,토요일,전라남도 무안군 삼향읍,경상사고,0,0,2,0,차대차 - 정면충돌,안전운전불이행,건조,기타,교차로 - 교차로안,승용,여,19세,상해없음,승용,남,60세,경상
2021120400100454,2021년 12월 4일 19시,토요일,전라남도 목포시 상동,경상사고,0,0,4,0,차대차 - 측면충돌,안전운전불이행,건조,맑음,단일로 - 기타,승용,남,30세,경상,승용,남,43세,경상
2021120400100479,2021년 12월 4일 20시,토요일,전라남도 구례군 마산면,경상사고,0,0,4,0,차량단독 - 공작물충돌,안전운전불이행,건조,맑음,교차로 - 교차로안,승용,여,52세,경상,,,,
2021120400100535,2021년 12월 4일 22시,토요일,전라남도 나주시 금천면,경상사고,0,0,1,0,차대차 - 측면충돌,안전운전불이행,건조,맑음,교차로 - 교차로부근,승용,남,47세,기타불명,이륜,남,38세,경상
2021120400100536,2021년 12월 4일 22시,토요일,전라남도 영암군 삼호읍,중상사고,0,1,0,0,차대사람 - 기타,안전운전불이행,건조,맑음,교차로 - 교차로안,승합,남,37세,상해없음,보행자,남,59세,중상
2021120400100537,2021년 12월 4일 22시,토요일,전라남도 강진군 강진읍,경상사고,0,0,2,0,차대차 - 정면충돌,직진우회전진행방해,건조,맑음,교차로 - 교차로안,승용,여,52세,상해없음,승용,여,19세,경상
2021120400100558,2021년 12월 4일 23시,토요일,전라남도 여수시 학동,경상사고,0,0,1,0,차대차 - 측면충돌,교차로운행방법위반,건조,맑음,교차로 - 교차로안,이륜,남,18세,경상,승용,남,55세,상해없음
2021120500100009,2021년 12월 5일 00시,일요일,전라남도 광양시 중동,경상사고,0,0,1,1,차대차 - 추돌,안전운전불이행,건조,기타,교차로 - 교차로부근,승용,여,28세,상해없음,승용,남,50세,부상신고
2021120500100038,2021년 12월 5일 03시,일요일,전라남도 순천시 동외동,중상사고,0,1,0,0,차대차 - 측면충돌,직진우회전진행방해,건조,맑음,교차로 - 교차로안,승용,남,67세,상해없음,승용,여,53세,중상
2021120500100054,2021년 12월 5일 05시,일요일,전라남도 목포시 용해동,중상사고,0,1,0,0,차대사람 - 횡단중,안전운전불이행,건조,맑음,교차로 - 교차로횡단보도내,승용,남,44세,상해없음,보행자,남,77세,중상
2021120500100059,2021년 12월 5일 06시,일요일,전라남도 목포시 옥암동,경상사고,0,0,2,0,차대차 - 추돌,안전운전불이행,건조,맑음,단일로 - 기타,승용,남,42세,경상,승합,남,60세,경상
2021120500100078,2021년 12월 5일 08시,일요일,전라남도 고흥군 도양읍,경상사고,0,0,2,0,차대차 - 기타,기타,건조,맑음,교차로 - 교차로안,승용,남,25세,경상,승용,남,56세,경상
2021120500100091,2021년 12월 5일 09시,일요일,전라남도 순천시 장천동,경상사고,0,0,1,0,차대차 - 기타,교차로운행방법위반,건조,맑음,교차로 - 교차로안,승용,여,43세,상해없음,이륜,남,32세,경상
2021120500100162,2021년 12월 5일 12시,일요일,전라남도 영암군 미암면,중상사고,0,1,1,0,차대차 - 기타,안전운전불이행,건조,맑음,단일로 - 기타,승용,남,43세,경상,화물,남,59세,중상
2021120500100163,2021년 12월 5일 12시,일요일,전라남도 강진군 성전면,경상사고,0,0,1,0,차대차 - 추돌,안전거리미확보,건조,맑음,교차로 - 교차로부근,승용,여,31세,상해없음,승용,남,59세,경상
2021120500100195,2021년 12월 5일 13시,일요일,전라남도 목포시 동명동,경상사고,0,0,1,0,차대차 - 기타,안전운전불이행,건조,맑음,교차로 - 교차로안,승용,여,65세,경상,승용,남,65세,상해없음
2021120500100221,2021년 12월 5일 14시,일요일,전라남도 목포시 해안동1가,경상사고,0,0,1,0,차대차 - 기타,안전운전불이행,건조,맑음,단일로 - 기타,승용,남,31세,경상,승용,남,56세,상해없음
2021120500100222,2021년 12월 5일 14시,일요일,전라남도 여수시 선원동,경상사고,0,0,2,0,차대차 - 측면충돌,교차로운행방법위반,건조,맑음,교차로 - 교차로안,승용,여,34세,상해없음,이륜,남,32세,경상
2021120500100223,2021년 12월 5일 14시,일요일,전라남도 장흥군 장흥읍,경상사고,0,0,1,0,차대차 - 측면충돌,안전운전불이행,건조,맑음,단일로 - 기타,화물,남,68세,상해없음,승용,남,28세,경상
2021120500100224,2021년 12월 5일 14시,일요일,전라남도 영암군 삼호읍,경상사고,0,0,1,0,차량단독 - 기타,안전운전불이행,건조,맑음,단일로 - 기타,승용,여,15세,상해없음,,,,
2021120500100245,2021년 12월 5일 15시,일요일,전라남도 순천시 가곡동,경상사고,0,0,1,0,차대차 - 측면충돌,안전운전불이행,건조,맑음,교차로 - 교차로안,승용,여,46세,상해없음,화물,남,72세,경상
2021120500100246,2021년 12월 5일 15시,일요일,전라남도 보성군 벌교읍,경상사고,0,0,1,0,차대차 - 측면충돌,직진우회전진행방해,건조,맑음,교차로 - 교차로안,화물,남,70세,상해없음,승용,여,40세,경상
2021120500100247,2021년 12월 5일 15시,일요일,전라남도 담양군 담양읍,경상사고,0,0,2,0,차대차 - 측면충돌,교차로운행방법위반,건조,맑음,교차로 - 교차로부근,특수,남,62세,상해없음,승용,여,59세,경상
2021120500100248,2021년 12월 5일 15시,일요일,전라남도 담양군 담양읍,경상사고,0,0,2,0,차대차 - 측면충돌,직진우회전진행방해,건조,맑음,교차로 - 교차로부근,승합,남,79세,상해없음,승용,여,47세,경상
2021120500100313,2021년 12월 5일 17시,일요일,전라남도 여수시 율촌면,경상사고,0,0,1,0,차대차 - 측면충돌,교차로운행방법위반,건조,맑음,교차로 - 교차로안,승용,남,57세,상해없음,승용,여,47세,경상
2021120500100314,2021년 12월 5일 17시,일요일,전라남도 강진군 강진읍,경상사고,0,0,1,0,차대차 - 정면충돌,중앙선침범,건조,맑음,단일로 - 기타,승용,남,76세,상해없음,이륜,남,27세,경상
2021120500100337,2021년 12월 5일 18시,일요일,전라남도 순천시 용당동,경상사고,0,0,1,0,차대차 - 기타,안전운전불이행,건조,맑음,단일로 - 기타,이륜,남,41세,경상,승용,여,49세,상해없음
2021120500100372,2021년 12월 5일 19시,일요일,전라남도 목포시 옥암동,중상사고,0,1,0,0,차대차 - 기타,직진우회전진행방해,건조,맑음,교차로 - 교차로안,이륜,남,31세,상해없음,이륜,남,59세,중상
2021120500100441,2021년 12월 5일 23시,일요일,전라남도 나주시 대호동,경상사고,0,0,1,0,차량단독 - 공작물충돌,안전운전불이행,건조,맑음,교차로 - 교차로안,승용,여,46세,경상,,,,
2021120600100018,2021년 12월 6일 05시,월요일,전라남도 목포시 산정동,중상사고,0,2,4,0,차대차 - 추돌,안전운전불이행,건조,맑음,단일로 - 지하차도(도로)내,화물,남,39세,경상,승용,남,19세,경상
2021120600100019,2021년 12월 6일 05시,월요일,전라남도 강진군 칠량면,경상사고,0,0,5,0,차대차 - 추돌,안전거리미확보,건조,맑음,교차로 - 교차로부근,화물,여,62세,경상,승용,남,60세,경상
2021120600100030,2021년 12월 6일 06시,월요일,전라남도 여수시 월내동,경상사고,0,0,1,0,차대차 - 측면충돌,안전거리미확보,건조,맑음,교차로 - 교차로부근,승용,남,54세,상해없음,승용,남,62세,경상
2021120600100051,2021년 12월 6일 07시,월요일,전라남도 여수시 봉산동,경상사고,0,0,1,0,차대차 - 측면충돌,안전운전불이행,건조,맑음,교차로 - 교차로안,화물,남,79세,상해없음,승용,남,41세,경상
2021120600100083,2021년 12월 6일 08시,월요일,전라남도 신안군 하의면,중상사고,0,1,0,0,차대차 - 기타,안전운전불이행,건조,맑음,단일로 - 기타,승용,남,46세,상해없음,이륜,남,57세,중상
2021120600100084,2021년 12월 6일 08시,월요일,전라남도 순천시 덕월동,경상사고,0,0,1,0,차대차 - 측면충돌,교차로운행방법위반,건조,맑음,교차로 - 교차로안,건설기계,남,63세,상해없음,승용,여,67세,경상
2021120600100085,2021년 12월 6일 08시,월요일,전라남도 장성군 진원면,경상사고,0,0,2,0,차대차 - 추돌,중앙선침범,건조,맑음,단일로 - 기타,승용,남,33세,상해없음,승용,남,39세,상해없음
2021120600100125,2021년 12월 6일 09시,월요일,전라남도 함평군 함평읍,중상사고,0,1,1,0,차대차 - 추돌,기타,건조,맑음,단일로 - 기타,이륜,여,75세,중상,자전거,여,67세,경상
2021120600100180,2021년 12월 6일 11시,월요일,전라남도 곡성군 옥과면,경상사고,0,0,1,0,차대차 - 측면충돌,교차로운행방법위반,건조,맑음,교차로 - 교차로안,화물,남,46세,상해없음,승용,여,52세,경상
2021120600100181,2021년 12월 6일 11시,월요일,전라남도 진도군 진도읍,경상사고,0,0,1,0,차대차 - 측면충돌,안전거리미확보,건조,맑음,교차로 - 교차로부근,승용,남,79세,상해없음,승용,남,76세,경상
2021120600100182,2021년 12월 6일 11시,월요일,전라남도 구례군 마산면,부상신고사고,0,0,0,1,차대차 - 측면충돌,안전운전불이행,건조,맑음,단일로 - 기타,이륜,남,62세,부상신고,화물,남,63세,상해없음
2021120600100220,2021년 12월 6일 12시,월요일,전라남도 신안군 비금면,경상사고,0,0,1,0,차대차 - 측면충돌,직진우회전진행방해,건조,맑음,교차로 - 교차로안,승용,남,74세,경상,화물,남,44세,상해없음
2021120600100221,2021년 12월 6일 12시,월요일,전라남도 화순군 화순읍,경상사고,0,0,1,0,차대차 - 추돌,안전운전불이행,건조,맑음,단일로 - 기타,승용,남,66세,상해없음,승용,여,38세,경상
2021120600100222,2021년 12월 6일 12시,월요일,전라남도 영암군 시종면,중상사고,0,1,0,0,차대차 - 측면충돌,중앙선침범,건조,맑음,교차로 - 교차로부근,화물,남,23세,상해없음,이륜,남,86세,중상
2021120600100223,2021년 12월 6일 12시,월요일,전라남도 무안군 일로읍,경상사고,0,0,1,0,차대차 - 기타,안전운전불이행,건조,맑음,교차로 - 교차로부근,이륜,남,45세,경상,화물,남,47세,상해없음
2021120600100275,2021년 12월 6일 14시,월요일,전라남도 여수시 공화동,경상사고,0,0,1,0,차대사람 - 횡단중,안전운전불이행,건조,맑음,교차로 - 교차로부근,화물,남,68세,상해없음,보행자,여,39세,경상
2021120600100301,2021년 12월 6일 15시,월요일,전라남도 무안군 무안읍,중상사고,0,1,0,0,차대차 - 기타,안전운전불이행,건조,맑음,교차로 - 교차로안,승용,여,73세,상해없음,자전거,남,84세,중상
2021120600100374,2021년 12월 6일 17시,월요일,전라남도 장흥군 장평면,경상사고,0,0,1,0,차량단독 - 전도전복 - 전도,안전운전불이행,건조,맑음,교차로 - 교차로부근,이륜,남,52세,경상,,,,
2021120600100375,2021년 12월 6일 17시,월요일,전라남도 화순군 청풍면,경상사고,0,0,1,0,차대차 - 측면충돌,직진우회전진행방해,건조,맑음,교차로 - 교차로안,화물,남,63세,경상,건설기계,남,57세,상해없음
2021120600100428,2021년 12월 6일 18시,월요일,전라남도 여수시 여서동,경상사고,0,0,1,0,차대차 - 측면충돌,안전운전불이행,건조,맑음,교차로 - 교차로안,승합,남,64세,상해없음,승용,남,25세,경상
2021120600100429,2021년 12월 6일 18시,월요일,전라남도 영암군 영암읍,중상사고,0,1,0,0,차대차 - 측면충돌,중앙선침범,건조,맑음,단일로 - 기타,이륜,남,81세,중상,승용,여,27세,상해없음
2021120600100430,2021년 12월 6일 18시,월요일,전라남도 강진군 신전면,경상사고,0,0,1,0,차대차 - 측면충돌,중앙선침범,건조,맑음,단일로 - 기타,화물,남,71세,상해없음,승합,남,51세,경상
2021120600100431,2021년 12월 6일 18시,월요일,전라남도 담양군 대전면,중상사고,0,1,0,0,차대차 - 기타,신호위반,건조,맑음,교차로 - 교차로안,승용,여,46세,상해없음,승용,여,23세,중상
2021120600100432,2021년 12월 6일 18시,월요일,전라남도 광양시 광양읍,경상사고,0,0,2,0,차대차 - 추돌,안전거리미확보,건조,맑음,교차로 - 교차로부근,승합,남,71세,상해없음,승용,남,38세,경상
2021120600100476,2021년 12월 6일 19시,월요일,전라남도 목포시 용해동,경상사고,0,0,1,0,차대사람 - 횡단중,보행자보호의무위반,건조,맑음,교차로 - 교차로횡단보도내,승용,여,64세,상해없음,보행자,여,9세,경상
2021120600100506,2021년 12월 6일 20시,월요일,전라남도 담양군 무정면,경상사고,0,0,2,0,차대차 - 측면충돌,안전운전불이행,건조,맑음,교차로 - 교차로안,승용,남,68세,상해없음,승용,남,58세,경상
2021120600100551,2021년 12월 6일 22시,월요일,전라남도 순천시 조례동,경상사고,0,0,1,0,차대차 - 기타,차로위반,건조,맑음,교차로 - 교차로안,승용,남,20세,기타불명,승용,남,32세,경상
2021120600100552,2021년 12월 6일 22시,월요일,전라남도 광양시 중동,경상사고,0,0,1,0,차대차 - 측면충돌,안전거리미확보,건조,맑음,교차로 - 교차로부근,승용,남,28세,상해없음,승용,여,30세,상해없음
2021120600100574,2021년 12월 6일 23시,월요일,전라남도 화순군 화순읍,경상사고,0,0,2,0,차대차 - 추돌,안전운전불이행,건조,맑음,단일로 - 기타,승용,남,42세,상해없음,건설기계,남,28세,경상
2021120700100006,2021년 12월 7일 00시,화요일,전라남도 여수시 미평동,경상사고,0,0,1,0,차대차 - 추돌,안전운전불이행,건조,맑음,단일로 - 기타,승용,남,37세,상해없음,승용,남,66세,상해없음
2021120700100159,2021년 12월 7일 10시,화요일,전라남도 목포시 용당동,경상사고,0,0,1,0,차대차 - 측면충돌,신호위반,건조,맑음,교차로 - 교차로안,화물,남,69세,상해없음,승용,남,63세,경상
2021120700100186,2021년 12월 7일 11시,화요일,전라남도 순천시 석현동,경상사고,0,0,3,0,차대차 - 기타,안전운전불이행,건조,맑음,교차로 - 교차로부근,승용,남,76세,경상,승용,여,40세,경상
2021120700100187,2021년 12월 7일 11시,화요일,전라남도 무안군 일로읍,경상사고,0,0,2,0,차대차 - 측면충돌,안전거리미확보,건조,맑음,단일로 - 기타,승합,남,67세,상해없음,화물,남,45세,경상
2021120700100229,2021년 12월 7일 12시,화요일,전라남도 목포시 용해동,경상사고,0,0,2,0,차대차 - 측면충돌,직진우회전진행방해,건조,맑음,교차로 - 교차로안,승용,여,20세,경상,화물,남,23세,경상
2021120700100230,2021년 12월 7일 12시,화요일,전라남도 화순군 동복면,경상사고,0,0,1,0,차대사람 - 기타,기타,건조,맑음,단일로 - 기타,승합,남,60세,상해없음,보행자,여,87세,경상
2021120700100231,2021년 12월 7일 12시,화요일,전라남도 담양군 수북면,중상사고,0,1,0,0,차대사람 - 차도통행중,안전운전불이행,건조,맑음,단일로 - 기타,화물,남,62세,상해없음,보행자,여,71세,중상
2021120700100269,2021년 12월 7일 13시,화요일,전라남도 여수시 종화동,경상사고,0,0,1,0,차대차 - 측면충돌,안전운전불이행,건조,맑음,단일로 - 기타,승용,남,36세,상해없음,이륜,남,27세,경상
2021120700100270,2021년 12월 7일 13시,화요일,전라남도 순천시 풍덕동,경상사고,0,0,1,0,차대차 - 기타,안전운전불이행,건조,맑음,교차로 - 교차로안,승용,남,80세,상해없음,이륜,남,76세,경상
2021120700100271,2021년 12월 7일 13시,화요일,전라남도 나주시 빛가람동,경상사고,0,0,1,0,차대사람 - 횡단중,안전운전불이행,건조,맑음,교차로 - 교차로안,승용,남,54세,상해없음,보행자,여,77세,경상
2021120700100272,2021년 12월 7일 13시,화요일,전라남도 나주시 산포면,중상사고,0,2,9,1,차대차 - 추돌,안전운전불이행,건조,맑음,단일로 - 기타,승용,남,59세,경상,승합,남,40세,중상
2021120700100273,2021년 12월 7일 13시,화요일,전라남도 무안군 운남면,중상사고,0,1,0,0,차대사람 - 기타,안전운전불이행,건조,맑음,단일로 - 기타,승용,여,59세,상해없음,보행자,여,88세,중상
2021120700100304,2021년 12월 7일 14시,화요일,전라남도 목포시 용해동,경상사고,0,0,1,0,차대차 - 기타,기타,건조,맑음,기타 - 기타,화물,남,77세,상해없음,자전거,남,48세,경상
2021120700100305,2021년 12월 7일 14시,화요일,전라남도 해남군 해남읍,경상사고,0,0,1,0,차대차 - 추돌,안전운전불이행,건조,맑음,기타 - 기타,화물,남,49세,상해없음,승용,남,39세,경상
2021120700100340,2021년 12월 7일 15시,화요일,전라남도 신안군 임자면,중상사고,0,1,0,0,차대사람 - 기타,안전운전불이행,건조,맑음,단일로 - 기타,승합,남,44세,상해없음,보행자,남,75세,중상
2021120700100422,2021년 12월 7일 17시,화요일,전라남도 목포시 용당동,경상사고,0,0,1,0,차대차 - 기타,안전운전불이행,건조,맑음,교차로 - 교차로안,자전거,남,17세,경상,승용,여,31세,상해없음
2021120700100423,2021년 12월 7일 17시,화요일,전라남도 광양시 마동,경상사고,0,0,3,0,차대차 - 측면충돌,직진우회전진행방해,건조,기타,교차로 - 교차로안,승용,남,63세,경상,승용,여,40세,경상
2021120700100479,2021년 12월 7일 18시,화요일,전라남도 목포시 상동,경상사고,0,0,1,0,차대사람 - 차도통행중,안전운전불이행,건조,흐림,단일로 - 기타,승용,남,36세,기타불명,보행자,여,72세,경상
2021120700100480,2021년 12월 7일 18시,화요일,전라남도 목포시 용해동,경상사고,0,0,2,0,차대차 - 측면충돌,안전운전불이행,건조,맑음,교차로 - 교차로안,승용,남,37세,경상,승용,여,49세,경상
2021120700100481,2021년 12월 7일 18시,화요일,전라남도 여수시 학동,경상사고,0,0,3,0,차대차 - 측면충돌,안전운전불이행,건조,맑음,교차로 - 교차로안,승용,남,29세,상해없음,승용,남,38세,경상
2021120700100482,2021년 12월 7일 18시,화요일,전라남도 영암군 삼호읍,경상사고,0,0,1,0,차대차 - 측면충돌,신호위반,건조,맑음,교차로 - 교차로안,승용,여,27세,상해없음,승용,남,34세,경상
2021120700100520,2021년 12월 7일 19시,화요일,전라남도 화순군 화순읍,경상사고,0,0,1,0,차대차 - 측면충돌,중앙선침범,건조,맑음,교차로 - 교차로부근,승용,남,25세,상해없음,승합,남,63세,경상
2021120700100547,2021년 12월 7일 20시,화요일,전라남도 여수시 학동,중상사고,0,1,0,0,차대차 - 측면충돌,중앙선침범,건조,맑음,교차로 - 교차로안,승용,여,27세,상해없음,이륜,남,57세,중상
2021120700100595,2021년 12월 7일 23시,화요일,전라남도 여수시 학동,중상사고,0,1,0,0,차대차 - 측면충돌,안전운전불이행,건조,맑음,교차로 - 교차로부근,승용,남,53세,상해없음,이륜,남,22세,중상
2021120800100011,2021년 12월 8일 01시,수요일,전라남도 순천시 조례동,경상사고,0,0,1,0,차대사람 - 기타,안전운전불이행,건조,맑음,교차로 - 교차로횡단보도내,승용,여,25세,상해없음,보행자,여,24세,경상
2021120800100012,2021년 12월 8일 01시,수요일,전라남도 장성군 진원면,경상사고,0,0,2,0,차대차 - 추돌,안전운전불이행,건조,맑음,단일로 - 기타,승용,남,75세,경상,승용,여,63세,경상
2021120800100078,2021년 12월 8일 07시,수요일,전라남도 진도군 지산면,중상사고,0,1,0,0,차대사람 - 기타,기타,건조,맑음,기타 - 기타,화물,남,59세,상해없음,보행자,여,38세,중상
2021120800100111,2021년 12월 8일 08시,수요일,전라남도 목포시 산정동,경상사고,0,0,1,0,차대사람 - 기타,안전운전불이행,건조,맑음,단일로 - 기타,화물,남,50세,상해없음,보행자,여,53세,경상
2021120800100112,2021년 12월 8일 08시,수요일,전라남도 장성군 삼계면,경상사고,0,0,1,0,차대차 - 측면충돌,교차로운행방법위반,건조,맑음,교차로 - 교차로안,승용,남,31세,상해없음,승용,남,55세,경상
2021120800100143,2021년 12월 8일 09시,수요일,전라남도 장흥군 장흥읍,중상사고,0,1,0,0,차대차 - 측면충돌,안전운전불이행,건조,맑음,단일로 - 기타,자전거,남,18세,중상,승용,여,53세,상해없음
2021120800100228,2021년 12월 8일 12시,수요일,전라남도 목포시 옥암동,경상사고,0,0,1,0,차대사람 - 횡단중,안전운전불이행,건조,맑음,교차로 - 교차로안,승용,남,49세,상해없음,보행자,여,61세,경상
2021120800100229,2021년 12월 8일 12시,수요일,전라남도 여수시 웅천동,경상사고,0,0,1,0,차대차 - 측면충돌,중앙선침범,건조,맑음,교차로 - 교차로부근,승용,여,39세,상해없음,이륜,남,27세,경상
2021120800100268,2021년 12월 8일 13시,수요일,전라남도 여수시 신기동,경상사고,0,0,1,0,차대차 - 기타,신호위반,건조,맑음,교차로 - 교차로부근,화물,남,51세,상해없음,승용,여,24세,경상
2021120800100269,2021년 12월 8일 13시,수요일,전라남도 순천시 해룡면,경상사고,0,0,1,0,차대차 - 기타,안전운전불이행,건조,맑음,단일로 - 기타,화물,남,68세,상해없음,화물,남,50세,경상
2021120800100308,2021년 12월 8일 14시,수요일,전라남도 순천시 인제동,경상사고,0,0,2,0,차대차 - 측면충돌,직진우회전진행방해,건조,맑음,교차로 - 교차로안,승용,여,44세,경상,승용,여,54세,경상
2021120800100309,2021년 12월 8일 14시,수요일,전라남도 담양군 대전면,중상사고,0,2,0,0,차대차 - 측면충돌,신호위반,건조,맑음,교차로 - 교차로안,승용,남,67세,중상,화물,남,68세,중상
2021120800100341,2021년 12월 8일 15시,수요일,전라남도 강진군 병영면,중상사고,0,1,0,0,차대차 - 측면충돌,기타,건조,맑음,교차로 - 교차로안,승용,여,32세,상해없음,이륜,여,73세,중상
2021120800100342,2021년 12월 8일 15시,수요일,전라남도 무안군 삼향읍,중상사고,0,1,0,0,차대차 - 측면충돌,신호위반,건조,맑음,교차로 - 교차로안,화물,남,46세,상해없음,이륜,남,20세,중상
2021120800100343,2021년 12월 8일 15시,수요일,전라남도 무안군 무안읍,경상사고,0,0,1,0,차대차 - 측면충돌,신호위반,건조,맑음,교차로 - 교차로부근,이륜,남,73세,경상,승용,남,46세,상해없음
2021120800100380,2021년 12월 8일 16시,수요일,전라남도 장성군 장성읍,중상사고,0,1,0,0,차대차 - 측면충돌,안전운전불이행,건조,맑음,교차로 - 교차로안,승용,여,21세,상해없음,이륜,남,75세,중상
2021120800100381,2021년 12월 8일 16시,수요일,전라남도 광양시 광양읍,경상사고,0,0,1,0,차대차 - 기타,안전운전불이행,건조,맑음,교차로 - 교차로부근,승용,남,74세,상해없음,승용,여,71세,경상
2021120800100432,2021년 12월 8일 17시,수요일,전라남도 해남군 문내면,사망사고,1,0,0,0,차량단독 - 공작물충돌,안전운전불이행,건조,맑음,단일로 - 기타,화물,남,65세,사망,,,,
2021120800100433,2021년 12월 8일 17시,수요일,전라남도 무안군 삼향읍,경상사고,0,0,1,0,차대사람 - 기타,안전운전불이행,건조,맑음,기타 - 기타,기타불명,기타불명,미분류,기타불명,보행자,남,5세,경상
2021120800100479,2021년 12월 8일 18시,수요일,전라남도 신안군 지도읍,경상사고,0,0,1,0,차대차 - 정면충돌,안전운전불이행,건조,맑음,단일로 - 기타,승용,남,53세,상해없음,화물,남,46세,경상
2021120800100480,2021년 12월 8일 18시,수요일,전라남도 목포시 산정동,경상사고,0,0,1,0,차대사람 - 횡단중,안전운전불이행,건조,맑음,교차로 - 교차로횡단보도내,기타불명,기타불명,미분류,기타불명,보행자,남,13세,경상
2021120900100061,2021년 12월 9일 07시,목요일,전라남도 목포시 상동,경상사고,0,0,2,0,차대차 - 측면충돌,직진우회전진행방해,건조,맑음,교차로 - 교차로안,승용,남,24세,경상,승용,남,48세,상해없음
2021120900100062,2021년 12월 9일 07시,목요일,전라남도 목포시 금화동,중상사고,0,1,0,0,차대사람 - 기타,안전운전불이행,건조,맑음,기타 - 기타,승용,남,56세,상해없음,보행자,여,73세,중상
2021120900100063,2021년 12월 9일 07시,목요일,전라남도 영암군 삼호읍,부상신고사고,0,0,0,1,차대차 - 측면충돌,기타,건조,맑음,교차로 - 교차로안,승용,여,52세,상해없음,자전거,남,41세,부상신고
2021120900100064,2021년 12월 9일 07시,목요일,전라남도 장성군 황룡면,경상사고,0,0,1,0,차대차 - 측면충돌,교차로운행방법위반,건조,맑음,교차로 - 교차로부근,화물,남,60세,기타불명,승용,남,64세,경상
2021120900100065,2021년 12월 9일 07시,목요일,전라남도 곡성군 겸면,경상사고,0,0,1,0,차대차 - 정면충돌,중앙선침범,젖음/습기,안개,단일로 - 기타,승용,남,52세,상해없음,승용,남,61세,경상
2021120900100102,2021년 12월 9일 08시,목요일,전라남도 장흥군 장흥읍,중상사고,0,1,0,0,차대사람 - 횡단중,안전운전불이행,건조,맑음,단일로 - 기타,승용,여,52세,상해없음,보행자,남,54세,중상
2021120900100170,2021년 12월 9일 11시,목요일,전라남도 영암군 영암읍,경상사고,0,0,2,0,차대차 - 정면충돌,안전운전불이행,건조,맑음,교차로 - 교차로부근,승용,남,74세,상해없음,화물,남,50세,경상
2021120900100171,2021년 12월 9일 11시,목요일,전라남도 광양시 옥곡면,경상사고,0,0,1,0,차대차 - 측면충돌,신호위반,건조,맑음,교차로 - 교차로안,승용,여,59세,상해없음,승용,남,44세,경상
2021120900100215,2021년 12월 9일 13시,목요일,전라남도 목포시 용해동,경상사고,0,0,2,0,차대사람 - 기타,안전운전불이행,건조,맑음,기타 - 기타,화물,남,29세,상해없음,보행자,여,9세,경상
2021120900100216,2021년 12월 9일 13시,목요일,전라남도 장흥군 장흥읍,경상사고,0,0,2,0,차대차 - 정면충돌,교차로운행방법위반,건조,맑음,교차로 - 교차로안,승용,남,73세,경상,승용,여,47세,상해없음