사고번호,사고일시,요일,시군구,사고내용,사망자수,중상자수,경상자수,부상신고자수,사고유형,법규위반,노면상태,기상상태,도로형태,가해운전자 차종,가해운전자 성별,가해운전자 연령,가해운전자 상해정도,피해운전자 차종,피해운전자 성별,피해운전자 연령,피해운전자 상해정도
2021121500100297,2021년 12월 15일 14시,수요일,전라남도 순천시 조례동,경상사고,0,0,1,0,차대차 - 기타,안전운전불이행,건조,맑음,교차로 - 교차로안,승용,남,25세,상해없음,이륜,남,46세,상해없음
2021121500100298,2021년 12월 15일 14시,수요일,전라남도 무안군 무안읍,경상사고,0,0,1,0,차대차 - 측면충돌,안전운전불이행,건조,맑음,교차로 - 교차로안,승용,남,19세,상해없음,승용,남,29세,경상
2021121500100352,2021년 12월 15일 16시,수요일,전라남도 순천시 조곡동,경상사고,0,0,1,0,차대차 - 측면충돌,신호위반,건조,맑음,단일로 - 기타,이륜,남,32세,상해없음,자전거,남,77세,경상
2021121500100388,2021년 12월 15일 17시,수요일,전라남도 보성군 벌교읍,중상사고,0,1,0,0,차대사람 - 차도통행중,안전운전불이행,건조,맑음,단일로 - 기타,승용,남,70세,상해없음,보행자,남,61세,중상
2021121500100389,2021년 12월 15일 17시,수요일,전라남도 광양시 광양읍,경상사고,0,0,3,0,차대차 - 측면충돌,직진우회전진행방해,건조,기타,교차로 - 교차로안,승용,여,59세,경상,승합,남,53세,경상
2021121500100390,2021년 12월 15일 17시,수요일,전라남도 광양시 마동,경상사고,0,0,1,0,차대차 - 측면충돌,교차로운행방법위반,건조,맑음,교차로 - 교차로안,특수,남,43세,상해없음,승용,남,25세,경상
2021121500100509,2021년 12월 15일 19시,수요일,전라남도 순천시 매곡동,경상사고,0,0,1,0,차대차 - 기타,안전운전불이행,건조,맑음,교차로 - 교차로안,승용,여,26세,상해없음,승용,남,60세,경상
2021121500100510,2021년 12월 15일 19시,수요일,전라남도 순천시 연향동,경상사고,0,0,2,0,차대차 - 추돌,안전거리미확보,건조,맑음,단일로 - 기타,승용,남,27세,상해없음,승용,여,50세,경상
2021121500100511,2021년 12월 15일 19시,수요일,전라남도 순천시 연향동,경상사고,0,0,1,0,차대차 - 기타,안전운전불이행,건조,맑음,교차로 - 교차로안,승용,남,59세,상해없음,이륜,남,40세,경상
2021121500100512,2021년 12월 15일 19시,수요일,전라남도 화순군 백아면,경상사고,0,0,1,0,차량단독 - 전도전복 - 전복,안전운전불이행,건조,맑음,단일로 - 기타,승용,남,65세,경상,,,,
2021121500100551,2021년 12월 15일 20시,수요일,전라남도 목포시 옥암동,경상사고,0,0,1,0,차대사람 - 차도통행중,안전운전불이행,건조,흐림,교차로 - 교차로부근,승용,남,34세,상해없음,보행자,여,58세,경상
2021121500100574,2021년 12월 15일 21시,수요일,전라남도 순천시 동외동,경상사고,0,0,1,0,차대사람 - 기타,안전운전불이행,건조,맑음,기타 - 기타,승용,남,50세,상해없음,보행자,남,43세,경상
2021121500100575,2021년 12월 15일 21시,수요일,전라남도 무안군 삼향읍,경상사고,0,0,1,0,차대차 - 측면충돌,안전운전불이행,건조,기타,기타 - 기타,화물,남,58세,상해없음,승용,여,39세,경상
2021121600100047,2021년 12월 16일 06시,목요일,전라남도 무안군 청계면,경상사고,0,0,1,0,차대차 - 기타,신호위반,젖음/습기,비,교차로 - 교차로안,승용,남,69세,상해없음,승합,남,55세,경상
2021121600100070,2021년 12월 16일 07시,목요일,전라남도 순천시 해룡면,중상사고,0,1,1,0,차대차 - 측면충돌,신호위반,젖음/습기,비,교차로 - 교차로안,승용,남,62세,경상,승용,여,28세,중상
2021121600100097,2021년 12월 16일 08시,목요일,전라남도 여수시 돌산읍,경상사고,0,0,1,0,차대차 - 기타,교차로운행방법위반,건조,맑음,교차로 - 교차로안,승용,여,43세,상해없음,승용,남,48세,경상
2021121600100098,2021년 12월 16일 08시,목요일,전라남도 장흥군 장흥읍,경상사고,0,0,1,0,차대차 - 측면충돌,신호위반,젖음/습기,비,교차로 - 교차로안,화물,남,21세,상해없음,승용,남,36세,경상
2021121600100099,2021년 12월 16일 08시,목요일,전라남도 장흥군 회진면,중상사고,0,1,0,0,차대차 - 기타,안전운전불이행,젖음/습기,비,단일로 - 기타,사륜오토바이(ATV),여,74세,중상,화물,기타불명,미분류,기타불명
2021121600100151,2021년 12월 16일 10시,목요일,전라남도 영암군 영암읍,중상사고,0,2,0,0,차대차 - 측면충돌,기타,젖음/습기,흐림,교차로 - 교차로안,승용,남,73세,상해없음,화물,남,74세,중상
2021121600100152,2021년 12월 16일 10시,목요일,전라남도 무안군 해제면,경상사고,0,0,1,0,차대차 - 기타,안전운전불이행,젖음/습기,맑음,교차로 - 교차로안,승용,남,41세,상해없음,승용,남,67세,경상
2021121600100153,2021년 12월 16일 10시,목요일,전라남도 광양시 광양읍,중상사고,0,1,0,0,차대차 - 추돌,안전운전불이행,젖음/습기,흐림,기타 - 기타,승용,남,43세,기타불명,이륜,남,54세,중상
2021121600100154,2021년 12월 16일 10시,목요일,전라남도 광양시 마동,경상사고,0,0,3,0,차대차 - 기타,중앙선침범,서리/결빙,흐림,단일로 - 기타,승용,남,41세,상해없음,승용,남,69세,경상
2021121600100179,2021년 12월 16일 11시,목요일,전라남도 여수시 오림동,경상사고,0,0,1,0,차대차 - 기타,신호위반,건조,맑음,교차로 - 교차로안,승용,남,48세,상해없음,승용,여,48세,경상
2021121600100209,2021년 12월 16일 12시,목요일,전라남도 강진군 칠량면,중상사고,0,1,2,0,차대차 - 측면충돌,안전운전불이행,젖음/습기,흐림,단일로 - 기타,승용,남,81세,경상,화물,남,72세,경상
2021121600100210,2021년 12월 16일 12시,목요일,전라남도 무안군 삼향읍,경상사고,0,0,1,0,차대차 - 측면충돌,중앙선침범,건조,맑음,단일로 - 기타,승용,여,59세,상해없음,승용,남,44세,경상
2021121600100231,2021년 12월 16일 13시,목요일,전라남도 여수시 화장동,경상사고,0,0,1,0,차대차 - 측면충돌,교차로운행방법위반,젖음/습기,비,교차로 - 교차로안,승용,여,60세,상해없음,이륜,남,29세,경상
2021121600100232,2021년 12월 16일 13시,목요일,전라남도 보성군 율어면,중상사고,0,1,0,0,차대차 - 측면충돌,안전운전불이행,젖음/습기,맑음,단일로 - 기타,이륜,남,78세,중상,화물,여,57세,상해없음
2021121600100233,2021년 12월 16일 13시,목요일,전라남도 보성군 복내면,중상사고,0,1,0,0,차대차 - 기타,안전운전불이행,건조,맑음,단일로 - 기타,건설기계,남,59세,중상,승용,남,47세,상해없음
2021121600100234,2021년 12월 16일 13시,목요일,전라남도 강진군 성전면,경상사고,0,0,1,0,차대사람 - 기타,안전운전불이행,건조,맑음,단일로 - 기타,특수,남,53세,상해없음,보행자,남,62세,경상
2021121600100259,2021년 12월 16일 14시,목요일,전라남도 구례군 구례읍,경상사고,0,0,2,0,차대차 - 추돌,안전운전불이행,건조,맑음,단일로 - 기타,승용,남,73세,경상,승용,여,38세,경상
2021121600100311,2021년 12월 16일 16시,목요일,전라남도 목포시 옥암동,경상사고,0,0,3,0,차대차 - 기타,안전운전불이행,건조,맑음,교차로 - 교차로안,승용,남,49세,경상,화물,남,36세,경상
2021121600100312,2021년 12월 16일 16시,목요일,전라남도 고흥군 고흥읍,중상사고,0,1,0,0,차대사람 - 횡단중,안전운전불이행,건조,맑음,단일로 - 기타,화물,남,46세,상해없음,보행자,남,85세,중상
2021121600100313,2021년 12월 16일 16시,목요일,전라남도 해남군 해남읍,경상사고,0,0,1,0,차대차 - 측면충돌,교차로운행방법위반,건조,맑음,교차로 - 교차로안,승용,여,29세,상해없음,승용,여,41세,경상
2021121600100354,2021년 12월 16일 17시,목요일,전라남도 목포시 산정동,경상사고,0,0,2,0,차대차 - 측면충돌,신호위반,건조,맑음,교차로 - 교차로안,승용,남,71세,상해없음,승용,남,37세,경상
2021121600100355,2021년 12월 16일 17시,목요일,전라남도 여수시 돌산읍,중상사고,0,3,0,0,차대차 - 정면충돌,중앙선침범,건조,맑음,단일로 - 기타,승용,남,68세,상해없음,승용,남,41세,중상
2021121600100400,2021년 12월 16일 18시,목요일,전라남도 목포시 옥암동,경상사고,0,0,1,0,차대차 - 기타,교차로운행방법위반,건조,맑음,교차로 - 교차로부근,승합,남,41세,상해없음,승용,여,61세,경상
2021121600100401,2021년 12월 16일 18시,목요일,전라남도 영암군 삼호읍,중상사고,0,1,1,0,차대차 - 측면충돌,안전운전불이행,건조,맑음,교차로 - 교차로안,자전거,남,58세,중상,이륜,남,28세,경상
2021121600100437,2021년 12월 16일 19시,목요일,전라남도 광양시 광양읍,경상사고,0,0,1,0,차대차 - 측면충돌,신호위반,건조,맑음,교차로 - 교차로안,승용,남,24세,상해없음,이륜,남,52세,경상
2021121600100463,2021년 12월 16일 20시,목요일,전라남도 무안군 삼향읍,경상사고,0,0,1,0,차대차 - 기타,안전운전불이행,건조,맑음,교차로 - 교차로부근,승용,남,61세,상해없음,자전거,남,17세,경상
2021121700100074,2021년 12월 17일 07시,금요일,전라남도 순천시 가곡동,중상사고,0,1,0,0,차대사람 - 횡단중,신호위반,건조,맑음,교차로 - 교차로횡단보도내,화물,남,68세,상해없음,보행자,여,46세,중상
2021121700100075,2021년 12월 17일 07시,금요일,전라남도 순천시 조례동,중상사고,0,1,0,0,차대차 - 기타,신호위반,건조,맑음,교차로 - 교차로안,승용,남,49세,상해없음,승용,남,37세,중상
2021121700100127,2021년 12월 17일 09시,금요일,전라남도 여수시 봉계동,경상사고,0,0,1,0,차대차 - 측면충돌,교차로운행방법위반,젖음/습기,비,교차로 - 교차로안,화물,남,68세,상해없음,승용,여,26세,경상
2021121700100157,2021년 12월 17일 10시,금요일,전라남도 순천시 승주읍,경상사고,0,0,2,0,차대차 - 기타,안전거리미확보,젖음/습기,눈,단일로 - 기타,화물,남,59세,경상,특수,남,54세,경상
2021121700100158,2021년 12월 17일 10시,금요일,전라남도 보성군 보성읍,경상사고,0,0,1,0,차량단독 - 공작물충돌,안전운전불이행,건조,흐림,단일로 - 기타,화물,남,58세,경상,,,,
2021121700100189,2021년 12월 17일 11시,금요일,전라남도 여수시 학동,경상사고,0,0,1,0,차대차 - 측면충돌,안전운전불이행,건조,맑음,단일로 - 기타,승용,여,56세,상해없음,승용,남,61세,경상
2021121700100190,2021년 12월 17일 11시,금요일,전라남도 광양시 광양읍,중상사고,0,1,0,0,차대차 - 기타,안전거리미확보,건조,맑음,단일로 - 기타,승용,남,27세,상해없음,이륜,남,27세,중상
2021121700100226,2021년 12월 17일 12시,금요일,전라남도 목포시 용당동,중상사고,0,1,1,0,차대차 - 기타,교차로운행방법위반,젖음/습기,눈,교차로 - 교차로안,승용,남,75세,상해없음,승용,남,44세,경상
2021121700100227,2021년 12월 17일 12시,금요일,전라남도 순천시 왕지동,경상사고,0,0,1,0,차대차 - 기타,안전운전불이행,젖음/습기,맑음,단일로 - 기타,승용,여,47세,상해없음,승용,남,75세,경상
2021121700100258,2021년 12월 17일 13시,금요일,전라남도 장성군 남면,경상사고,0,0,1,0,차대차 - 추돌,안전운전불이행,건조,맑음,교차로 - 교차로부근,화물,남,53세,상해없음,승용,남,56세,경상
2021121700100294,2021년 12월 17일 14시,금요일,전라남도 보성군 조성면,경상사고,0,0,3,0,차대차 - 측면충돌,직진우회전진행방해,젖음/습기,눈,교차로 - 교차로안,화물,남,54세,경상,화물,남,54세,경상
2021121700100295,2021년 12월 17일 14시,금요일,전라남도 화순군 화순읍,부상신고사고,0,0,0,1,차대차 - 측면충돌,중앙선침범,적설,눈,단일로 - 기타,자전거,여,78세,부상신고,이륜,남,17세,상해없음
2021121700100327,2021년 12월 17일 15시,금요일,전라남도 여수시 화장동,경상사고,0,0,1,0,차대차 - 추돌,안전운전불이행,건조,맑음,단일로 - 기타,승용,남,58세,상해없음,승용,여,42세,경상
2021121700100328,2021년 12월 17일 15시,금요일,전라남도 고흥군 도양읍,중상사고,0,1,0,0,차대차 - 추돌,안전운전불이행,건조,맑음,교차로 - 교차로부근,승용,남,66세,상해없음,농기계,남,82세,중상
2021121700100329,2021년 12월 17일 15시,금요일,전라남도 고흥군 풍양면,경상사고,0,0,1,0,차대차 - 추돌,안전운전불이행,건조,맑음,단일로 - 기타,승용,여,41세,경상,화물,남,38세,상해없음
2021121700100330,2021년 12월 17일 15시,금요일,전라남도 고흥군 도양읍,경상사고,0,0,1,0,차대차 - 측면충돌,기타,젖음/습기,비,교차로 - 교차로안,승용,남,68세,상해없음,자전거,남,12세,경상
2021121700100331,2021년 12월 17일 15시,금요일,전라남도 장성군 북이면,중상사고,0,2,0,0,차대사람 - 길가장자리구역통행중,안전운전불이행,서리/결빙,눈,단일로 - 기타,승용,남,31세,중상,보행자,남,72세,중상
2021121700100377,2021년 12월 17일 16시,금요일,전라남도 곡성군 입면,중상사고,0,1,1,0,차대차 - 정면충돌,중앙선침범,서리/결빙,눈,단일로 - 기타,승용,남,64세,중상,화물,남,54세,경상
2021121700100431,2021년 12월 17일 17시,금요일,전라남도 목포시 용당동,경상사고,0,0,1,0,차대차 - 기타,안전운전불이행,기타,흐림,기타 - 기타,승용,남,59세,상해없음,승용,남,31세,경상
2021121700100432,2021년 12월 17일 17시,금요일,전라남도 영암군 삼호읍,부상신고사고,0,0,0,1,차대사람 - 차도통행중,안전운전불이행,건조,맑음,단일로 - 기타,승용,여,36세,상해없음,보행자,남,42세,부상신고
2021121700100502,2021년 12월 17일 18시,금요일,전라남도 목포시 옥암동,경상사고,0,0,2,0,차대차 - 측면충돌,안전운전불이행,건조,맑음,단일로 - 기타,승용,남,27세,상해없음,승용,남,63세,경상
2021121700100503,2021년 12월 17일 18시,금요일,전라남도 완도군 완도읍,경상사고,0,0,1,0,차대차 - 기타,안전운전불이행,젖음/습기,비,교차로 - 교차로부근,승용,남,24세,상해없음,승용,여,23세,경상
2021121700100597,2021년 12월 17일 20시,금요일,전라남도 나주시 빛가람동,경상사고,0,0,1,0,차대차 - 측면충돌,안전운전불이행,적설,눈,단일로 - 기타,승용,여,45세,상해없음,화물,남,57세,경상
2021121700100598,2021년 12월 17일 20시,금요일,전라남도 강진군 성전면,경상사고,0,0,1,0,차대차 - 측면충돌,안전운전불이행,서리/결빙,눈,단일로 - 기타,승용,남,49세,상해없음,승용,남,29세,경상
2021121700100599,2021년 12월 17일 20시,금요일,전라남도 강진군 성전면,경상사고,0,0,1,0,차대차 - 추돌,안전운전불이행,서리/결빙,눈,단일로 - 기타,승용,남,45세,상해없음,승용,여,41세,경상
2021121700100600,2021년 12월 17일 20시,금요일,전라남도 강진군 성전면,경상사고,0,0,2,0,차대차 - 추돌,안전운전불이행,서리/결빙,눈,단일로 - 기타,승용,남,62세,상해없음,승용,남,66세,상해없음
2021121700100601,2021년 12월 17일 20시,금요일,전라남도 강진군 성전면,경상사고,0,0,1,0,차대차 - 추돌,안전운전불이행,서리/결빙,눈,단일로 - 기타,승용,남,38세,상해없음,화물,남,37세,경상
2021121700100602,2021년 12월 17일 20시,금요일,전라남도 강진군 성전면,경상사고,0,0,2,0,차대차 - 기타,안전운전불이행,서리/결빙,눈,단일로 - 기타,화물,남,61세,상해없음,승용,남,24세,경상
2021121700100603,2021년 12월 17일 20시,금요일,전라남도 장성군 장성읍,경상사고,0,0,1,0,차량단독 - 기타,안전운전불이행,적설,눈,단일로 - 기타,승용,남,51세,상해없음,,,,
2021121700100633,2021년 12월 17일 21시,금요일,전라남도 순천시 별량면,사망사고,2,1,1,0,차대차 - 정면충돌,중앙선침범,젖음/습기,눈,단일로 - 기타,승용,남,59세,사망,승용,남,56세,경상
2021121700100634,2021년 12월 17일 21시,금요일,전라남도 순천시 조례동,경상사고,0,0,1,0,차대차 - 측면충돌,직진우회전진행방해,건조,맑음,교차로 - 교차로부근,승용,여,59세,상해없음,승용,남,68세,경상
2021121700100664,2021년 12월 17일 22시,금요일,전라남도 순천시 서면,경상사고,0,0,1,0,차량단독 - 기타,안전운전불이행,서리/결빙,기타,단일로 - 기타,화물,남,55세,상해없음,,,,
2021121800100057,2021년 12월 18일 02시,토요일,전라남도 강진군 강진읍,중상사고,0,2,0,0,차대차 - 기타,안전운전불이행,서리/결빙,눈,단일로 - 기타,승용,남,61세,상해없음,화물,남,64세,중상
2021121800100058,2021년 12월 18일 02시,토요일,전라남도 강진군 강진읍,부상신고사고,0,0,0,2,차대차 - 기타,안전운전불이행,서리/결빙,눈,단일로 - 기타,승용,여,55세,부상신고,화물,남,64세,기타불명
2021121800100064,2021년 12월 18일 03시,토요일,전라남도 목포시 상동,경상사고,0,0,1,0,차대차 - 기타,신호위반,젖음/습기,눈,교차로 - 교차로안,화물,남,43세,상해없음,승용,남,25세,경상
2021121800100103,2021년 12월 18일 08시,토요일,전라남도 완도군 보길면,경상사고,0,0,4,0,차대차 - 측면충돌,안전운전불이행,건조,맑음,단일로 - 기타,승합,남,65세,상해없음,승용,남,49세,경상
2021121800100122,2021년 12월 18일 09시,토요일,전라남도 여수시 봉계동,중상사고,0,1,0,0,차대사람 - 횡단중,신호위반,건조,맑음,교차로 - 교차로횡단보도내,화물,남,67세,상해없음,보행자,남,70세,중상
2021121800100123,2021년 12월 18일 09시,토요일,전라남도 무안군 해제면,경상사고,0,0,1,0,차대차 - 추돌,안전운전불이행,서리/결빙,눈,교차로 - 교차로부근,승용,여,42세,상해없음,승용,여,46세,경상
2021121800100146,2021년 12월 18일 10시,토요일,전라남도 순천시 해룡면,경상사고,0,0,1,0,차대차 - 추돌,안전거리미확보,건조,맑음,단일로 - 기타,승용,여,54세,기타불명,승용,여,53세,경상
2021121800100147,2021년 12월 18일 10시,토요일,전라남도 해남군 화원면,경상사고,0,0,2,0,차대차 - 기타,안전운전불이행,서리/결빙,눈,기타 - 기타,승용,남,38세,기타불명,승용,남,37세,기타불명
2021121800100148,2021년 12월 18일 10시,토요일,전라남도 강진군 군동면,경상사고,0,0,1,0,차대차 - 정면충돌,중앙선침범,서리/결빙,맑음,단일로 - 기타,승용,남,36세,상해없음,승용,남,64세,경상
2021121800100177,2021년 12월 18일 11시,토요일,전라남도 여수시 웅천동,경상사고,0,0,2,0,차대차 - 측면충돌,신호위반,건조,맑음,교차로 - 교차로부근,승용,여,45세,상해없음,승용,남,34세,경상
2021121800100178,2021년 12월 18일 11시,토요일,전라남도 강진군 옴천면,경상사고,0,0,1,0,차량단독 - 공작물충돌,안전운전불이행,서리/결빙,맑음,단일로 - 기타,사륜오토바이(ATV),여,83세,경상,,,,
2021121800100276,2021년 12월 18일 14시,토요일,전라남도 나주시 토계동,경상사고,0,0,1,0,차대차 - 정면충돌,신호위반,건조,맑음,교차로 - 교차로안,승용,남,75세,상해없음,승용,남,28세,경상
2021121800100277,2021년 12월 18일 14시,토요일,전라남도 장성군 장성읍,부상신고사고,0,0,0,1,차대차 - 추돌,안전운전불이행,건조,맑음,단일로 - 기타,화물,남,66세,상해없음,승용,남,77세,부상신고
2021121800100386,2021년 12월 18일 16시,토요일,전라남도 목포시 상동,경상사고,0,0,1,1,차대차 - 측면충돌,안전운전불이행,건조,맑음,단일로 - 기타,승용,여,59세,부상신고,승용,남,39세,경상
2021121800100387,2021년 12월 18일 16시,토요일,전라남도 목포시 산정동,경상사고,0,0,2,0,차대차 - 측면충돌,교차로운행방법위반,건조,맑음,교차로 - 교차로안,승용,여,69세,경상,승용,남,60세,경상
2021121800100388,2021년 12월 18일 16시,토요일,전라남도 영암군 서호면,중상사고,0,2,3,0,차대차 - 추돌,안전운전불이행,건조,맑음,기타 - 기타,승용,남,39세,경상,화물,남,50세,경상
2021121800100469,2021년 12월 18일 18시,토요일,전라남도 목포시 상동,경상사고,0,0,1,0,차대차 - 측면충돌,신호위반,건조,맑음,교차로 - 교차로안,승용,여,57세,상해없음,승용,여,26세,경상
2021121800100470,2021년 12월 18일 18시,토요일,전라남도 목포시 상동,경상사고,0,0,2,0,차대차 - 기타,교차로운행방법위반,건조,맑음,교차로 - 교차로안,승용,남,58세,경상,승용,여,55세,경상
2021121800100471,2021년 12월 18일 18시,토요일,전라남도 순천시 조례동,중상사고,0,1,0,0,차대차 - 측면충돌,중앙선침범,건조,맑음,단일로 - 기타,승용,남,56세,상해없음,원동기,남,26세,중상
2021121800100472,2021년 12월 18일 18시,토요일,전라남도 나주시 빛가람동,경상사고,0,0,3,0,차대차 - 측면충돌,안전운전불이행,건조,맑음,단일로 - 기타,승용,남,23세,상해없음,승용,남,35세,경상
2021121800100473,2021년 12월 18일 18시,토요일,전라남도 화순군 화순읍,중상사고,0,1,0,0,차대사람 - 횡단중,안전운전불이행,건조,맑음,단일로 - 기타,승용,여,46세,상해없음,보행자,여,58세,중상
2021121800100511,2021년 12월 18일 19시,토요일,전라남도 강진군 성전면,경상사고,0,0,2,0,차대차 - 추돌,안전운전불이행,건조,맑음,교차로 - 교차로부근,승용,남,30세,상해없음,승용,여,48세,경상
2021121800100536,2021년 12월 18일 20시,토요일,전라남도 여수시 봉계동,중상사고,0,2,0,0,차대차 - 측면충돌,안전운전불이행,건조,맑음,단일로 - 기타,승용,여,49세,상해없음,승용,남,39세,중상
2021121900100007,2021년 12월 19일 00시,일요일,전라남도 목포시 산정동,중상사고,0,1,1,0,차대차 - 측면충돌,교차로운행방법위반,건조,맑음,교차로 - 교차로안,승용,여,58세,경상,화물,남,42세,중상
2021121900100008,2021년 12월 19일 00시,일요일,전라남도 고흥군 고흥읍,사망사고,1,0,0,0,차량단독 - 공작물충돌,안전운전불이행,건조,맑음,단일로 - 기타,승용,남,26세,사망,,,,
2021121900100020,2021년 12월 19일 01시,일요일,전라남도 담양군 수북면,경상사고,0,0,4,0,차대차 - 정면충돌,직진우회전진행방해,젖음/습기,흐림,교차로 - 교차로안,승용,남,22세,상해없음,승용,남,25세,경상
2021121900100109,2021년 12월 19일 12시,일요일,전라남도 목포시 용당동,경상사고,0,0,2,0,차대차 - 기타,안전거리미확보,건조,맑음,단일로 - 기타,승용,여,60세,상해없음,승용,남,37세,경상
2021121900100138,2021년 12월 19일 13시,일요일,전라남도 함평군 함평읍,중상사고,0,1,2,0,차대차 - 측면충돌,교차로운행방법위반,건조,맑음,교차로 - 교차로안,화물,남,50세,중상,승용,여,49세,경상
2021121900100139,2021년 12월 19일 13시,일요일,전라남도 영암군 삼호읍,중상사고,0,2,2,0,차대차 - 측면충돌,신호위반,건조,맑음,교차로 - 교차로안,승용,여,39세,상해없음,승용,남,71세,경상
2021121900100170,2021년 12월 19일 14시,일요일,전라남도 영암군 삼호읍,경상사고,0,0,1,0,차대차 - 측면충돌,안전운전불이행,건조,기타,교차로 - 교차로안,승용,남,49세,상해없음,승용,여,40세,경상
2021121900100212,2021년 12월 19일 16시,일요일,전라남도 강진군 도암면,경상사고,0,0,2,0,차대차 - 정면충돌,교차로운행방법위반,건조,맑음,교차로 - 교차로부근,승용,여,65세,경상,화물,남,63세,경상
2021121900100213,2021년 12월 19일 16시,일요일,전라남도 광양시 진상면,경상사고,0,0,5,0,차대차 - 측면충돌,안전운전불이행,건조,맑음,교차로 - 교차로부근,승용,남,25세,경상,승용,여,44세,경상
2021121900100231,2021년 12월 19일 17시,일요일,전라남도 나주시 남평읍,경상사고,0,0,2,0,차대차 - 정면충돌,안전운전불이행,건조,맑음,단일로 - 기타,승용,여,15세,상해없음,승용,남,38세,경상
2021121900100258,2021년 12월 19일 18시,일요일,전라남도 순천시 연향동,경상사고,0,0,1,0,차대차 - 기타,안전운전불이행,건조,맑음,기타 - 기타,승용,남,59세,상해없음,승용,남,56세,경상
2021121900100259,2021년 12월 19일 18시,일요일,전라남도 영암군 삼호읍,경상사고,0,0,1,0,차대차 - 추돌,안전운전불이행,건조,맑음,교차로 - 교차로부근,승용,여,65세,상해없음,승용,여,42세,경상
2021121900100260,2021년 12월 19일 18시,일요일,전라남도 영암군 삼호읍,경상사고,0,0,4,0,차대차 - 추돌,안전운전불이행,건조,맑음,교차로 - 교차로부근,화물,남,37세,상해없음,승용,남,18세,경상
2021121900100279,2021년 12월 19일 19시,일요일,전라남도 영암군 삼호읍,경상사고,0,0,2,0,차대차 - 추돌,안전운전불이행,건조,맑음,교차로 - 교차로안,승용,남,43세,상해없음,승용,남,40세,경상
2021121900100310,2021년 12월 19일 20시,일요일,전라남도 영암군 삼호읍,중상사고,0,1,0,0,차대차 - 측면충돌,안전운전불이행,건조,맑음,교차로 - 교차로안,특수,남,54세,상해없음,승용,남,50세,중상
2021121900100341,2021년 12월 19일 21시,일요일,전라남도 목포시 상동,경상사고,0,0,3,0,차대차 - 측면충돌,신호위반,건조,맑음,교차로 - 교차로안,승용,남,25세,상해없음,승용,남,24세,경상
2021121900100342,2021년 12월 19일 21시,일요일,전라남도 순천시 조례동,경상사고,0,0,2,0,차대차 - 후진중충돌,안전운전불이행,건조,맑음,단일로 - 기타,승용,남,20세,상해없음,승용,남,50세,경상
2021122000100028,2021년 12월 20일 06시,월요일,전라남도 목포시 용당동,중상사고,0,1,0,0,차대사람 - 횡단중,보행자보호의무위반,건조,흐림,단일로 - 기타,화물,남,55세,상해없음,보행자,남,76세,중상
2021122000100050,2021년 12월 20일 07시,월요일,전라남도 순천시 연향동,중상사고,0,1,0,0,차대사람 - 횡단중,보행자보호의무위반,건조,맑음,단일로 - 기타,승용,남,53세,상해없음,보행자,남,68세,중상
2021122000100080,2021년 12월 20일 08시,월요일,전라남도 목포시 용해동,경상사고,0,0,3,0,차대차 - 측면충돌,신호위반,건조,맑음,교차로 - 교차로부근,승용,남,57세,경상,화물,남,35세,경상
2021122000100081,2021년 12월 20일 08시,월요일,전라남도 여수시 화장동,경상사고,0,0,1,0,차대사람 - 횡단중,보행자보호의무위반,건조,맑음,교차로 - 교차로횡단보도내,승용,여,27세,상해없음,보행자,남,13세,경상
2021122000100082,2021년 12월 20일 08시,월요일,전라남도 여수시 학동,중상사고,0,1,2,0,차대차 - 측면충돌,차로위반,건조,맑음,단일로 - 기타,승용,여,62세,상해없음,화물,남,44세,경상
2021122000100109,2021년 12월 20일 09시,월요일,전라남도 여수시 소호동,경상사고,0,0,1,0,차대차 - 측면충돌,안전운전불이행,건조,맑음,단일로 - 기타,화물,남,33세,상해없음,승용,남,50세,경상
2021122000100130,2021년 12월 20일 10시,월요일,전라남도 광양시 광양읍,중상사고,0,1,0,0,차대차 - 후진중충돌,안전운전불이행,건조,맑음,기타 - 기타,승용,남,48세,상해없음,승용,여,29세,중상
2021122000100167,2021년 12월 20일 11시,월요일,전라남도 광양시 중동,경상사고,0,0,1,0,차대사람 - 기타,안전운전불이행,건조,맑음,기타 - 기타,승용,여,45세,상해없음,보행자,여,34세,경상
2021122000100201,2021년 12월 20일 12시,월요일,전라남도 목포시 옥암동,경상사고,0,0,1,0,차대차 - 기타,안전운전불이행,건조,맑음,교차로 - 교차로안,승용,남,19세,상해없음,승용,여,41세,경상
2021122000100202,2021년 12월 20일 12시,월요일,전라남도 무안군 일로읍,경상사고,0,0,1,0,차대차 - 측면충돌,안전운전불이행,건조,맑음,교차로 - 교차로안,농기계,남,83세,상해없음,승용,여,54세,경상
2021122000100234,2021년 12월 20일 13시,월요일,전라남도 목포시 석현동,경상사고,0,0,1,0,차대차 - 후진중충돌,안전운전불이행,건조,맑음,단일로 - 기타,화물,남,61세,상해없음,이륜,남,46세,경상
2021122000100268,2021년 12월 20일 14시,월요일,전라남도 해남군 해남읍,경상사고,0,0,1,0,차대차 - 측면충돌,안전거리미확보,건조,맑음,교차로 - 교차로부근,승용,남,48세,상해없음,승용,여,31세,경상