사고번호,사고일시,요일,시군구,사고내용,사망자수,중상자수,경상자수,부상신고자수,사고유형,법규위반,노면상태,기상상태,도로형태,가해운전자 차종,가해운전자 성별,가해운전자 연령,가해운전자 상해정도,피해운전자 차종,피해운전자 성별,피해운전자 연령,피해운전자 상해정도
2021122000100269,2021년 12월 20일 14시,월요일,전라남도 함평군 해보면,중상사고,0,1,0,0,차대차 - 측면충돌,교차로운행방법위반,건조,맑음,교차로 - 교차로안,승용,남,56세,상해없음,이륜,남,80세,중상
2021122000100270,2021년 12월 20일 14시,월요일,전라남도 무안군 삼향읍,중상사고,0,2,2,0,차대차 - 추돌,안전운전불이행,건조,맑음,단일로 - 기타,화물,남,53세,상해없음,화물,남,57세,중상
2021122000100310,2021년 12월 20일 15시,월요일,전라남도 목포시 산정동,경상사고,0,0,1,0,차대차 - 기타,안전운전불이행,건조,맑음,기타 - 기타,화물,남,48세,상해없음,승용,남,44세,경상
2021122000100311,2021년 12월 20일 15시,월요일,전라남도 여수시 군자동,중상사고,0,1,0,0,차대사람 - 횡단중,보행자보호의무위반,건조,맑음,교차로 - 교차로횡단보도내,승용,여,60세,상해없음,보행자,여,74세,중상
2021122000100312,2021년 12월 20일 15시,월요일,전라남도 여수시 학동,경상사고,0,0,1,0,차대사람 - 횡단중,보행자보호의무위반,건조,맑음,단일로 - 기타,승용,여,48세,상해없음,보행자,남,78세,경상
2021122000100404,2021년 12월 20일 17시,월요일,전라남도 목포시 용당동,경상사고,0,0,1,0,차대차 - 기타,신호위반,건조,맑음,교차로 - 교차로안,승용,여,65세,상해없음,승용,남,27세,경상
2021122000100405,2021년 12월 20일 17시,월요일,전라남도 목포시 경동2가,경상사고,0,0,1,0,차대차 - 기타,직진우회전진행방해,건조,맑음,교차로 - 교차로안,화물,남,57세,상해없음,원동기,남,62세,경상
2021122000100406,2021년 12월 20일 17시,월요일,전라남도 여수시 돌산읍,경상사고,0,0,2,0,차대차 - 측면충돌,교차로운행방법위반,건조,맑음,교차로 - 교차로안,화물,남,82세,경상,승용,여,29세,경상
2021122000100476,2021년 12월 20일 18시,월요일,전라남도 순천시 남정동,경상사고,0,0,2,0,차대차 - 측면충돌,직진우회전진행방해,건조,맑음,교차로 - 교차로안,승용,남,57세,경상,승용,여,30세,경상
2021122000100524,2021년 12월 20일 19시,월요일,전라남도 목포시 옥암동,중상사고,0,1,0,0,차대사람 - 횡단중,신호위반,건조,맑음,교차로 - 교차로부근,승용,여,55세,상해없음,보행자,여,52세,중상
2021122000100525,2021년 12월 20일 19시,월요일,전라남도 해남군 문내면,경상사고,0,0,2,0,차대차 - 추돌,안전운전불이행,건조,맑음,단일로 - 기타,승용,남,63세,경상,화물,남,61세,경상
2021122000100559,2021년 12월 20일 20시,월요일,전라남도 강진군 강진읍,경상사고,0,0,1,0,차대차 - 추돌,안전운전불이행,건조,맑음,단일로 - 기타,승용,여,64세,상해없음,승용,남,54세,경상
2021122100100064,2021년 12월 21일 07시,화요일,전라남도 강진군 도암면,경상사고,0,0,1,0,차대사람 - 차도통행중,안전운전불이행,건조,맑음,교차로 - 교차로안,승용,여,43세,상해없음,보행자,여,49세,경상
2021122100100097,2021년 12월 21일 08시,화요일,전라남도 목포시 석현동,경상사고,0,0,3,0,차대차 - 기타,신호위반,건조,맑음,교차로 - 교차로안,화물,남,38세,경상,승용,남,20세,경상
2021122100100098,2021년 12월 21일 08시,화요일,전라남도 광양시 광양읍,부상신고사고,0,0,0,1,차대차 - 측면충돌,교차로운행방법위반,건조,맑음,교차로 - 교차로안,승용,여,53세,상해없음,이륜,남,25세,부상신고
2021122100100119,2021년 12월 21일 09시,화요일,전라남도 장흥군 장평면,중상사고,0,2,0,0,차대차 - 정면충돌,중앙선침범,건조,맑음,기타 - 기타,화물,남,73세,중상,승용,여,65세,중상
2021122100100230,2021년 12월 21일 13시,화요일,전라남도 여수시 신기동,경상사고,0,0,3,0,차대차 - 추돌,안전운전불이행,건조,맑음,단일로 - 기타,화물,남,45세,상해없음,승용,남,63세,경상
2021122100100231,2021년 12월 21일 13시,화요일,전라남도 고흥군 금산면,중상사고,0,2,0,0,차량단독 - 도로외이탈 - 추락,안전운전불이행,건조,맑음,단일로 - 기타,농기계,남,75세,중상,,,,
2021122100100251,2021년 12월 21일 14시,화요일,전라남도 순천시 인제동,경상사고,0,0,1,0,차대차 - 측면충돌,안전운전불이행,건조,맑음,단일로 - 기타,승용,여,35세,상해없음,이륜,남,72세,경상
2021122100100252,2021년 12월 21일 14시,화요일,전라남도 순천시 연향동,경상사고,0,0,1,0,차대차 - 기타,안전운전불이행,건조,맑음,단일로 - 기타,승용,여,42세,상해없음,이륜,남,27세,경상
2021122100100253,2021년 12월 21일 14시,화요일,전라남도 영광군 염산면,중상사고,0,1,0,0,차량단독 - 도로외이탈 - 추락,안전운전불이행,건조,맑음,단일로 - 기타,이륜,남,77세,중상,,,,
2021122100100289,2021년 12월 21일 15시,화요일,전라남도 여수시 소호동,경상사고,0,0,1,0,차대차 - 측면충돌,안전운전불이행,건조,맑음,기타 - 기타,자전거,남,65세,상해없음,자전거,남,27세,경상
2021122100100347,2021년 12월 21일 17시,화요일,전라남도 순천시 덕월동,경상사고,0,0,1,0,차대차 - 기타,신호위반,건조,맑음,교차로 - 교차로안,이륜,남,22세,경상,승용,남,54세,상해없음
2021122100100348,2021년 12월 21일 17시,화요일,전라남도 장흥군 관산읍,사망사고,1,0,1,0,차대사람 - 기타,안전운전불이행,건조,맑음,단일로 - 기타,승용,남,64세,상해없음,보행자,남,73세,사망
2021122100100393,2021년 12월 21일 18시,화요일,전라남도 여수시 학동,경상사고,0,0,1,0,차대차 - 측면충돌,안전운전불이행,건조,맑음,교차로 - 교차로안,승용,남,57세,상해없음,승용,여,55세,경상
2021122100100394,2021년 12월 21일 18시,화요일,전라남도 순천시 황전면,경상사고,0,0,1,0,차대차 - 측면충돌,직진우회전진행방해,건조,맑음,교차로 - 교차로안,승용,남,37세,상해없음,화물,남,58세,경상
2021122100100395,2021년 12월 21일 18시,화요일,전라남도 광양시 광양읍,중상사고,0,1,0,0,차대차 - 측면충돌,안전운전불이행,건조,맑음,교차로 - 교차로안,승용,남,74세,상해없음,이륜,남,52세,중상
2021122100100450,2021년 12월 21일 19시,화요일,전라남도 목포시 상동,경상사고,0,0,2,0,차대차 - 후진중충돌,안전운전불이행,건조,맑음,교차로 - 교차로안,승용,남,27세,경상,승용,남,21세,경상
2021122100100451,2021년 12월 21일 19시,화요일,전라남도 나주시 대호동,경상사고,0,0,2,0,차대차 - 측면충돌,차로위반,건조,맑음,단일로 - 기타,이륜,남,77세,경상,승용,남,44세,경상
2021122100100515,2021년 12월 21일 21시,화요일,전라남도 순천시 연향동,경상사고,0,0,1,0,차대차 - 기타,안전운전불이행,건조,맑음,교차로 - 교차로안,승용,여,55세,상해없음,이륜,남,24세,경상
2021122100100538,2021년 12월 21일 22시,화요일,전라남도 순천시 덕암동,경상사고,0,0,2,0,차대차 - 측면충돌,안전거리미확보,건조,맑음,단일로 - 기타,승용,남,59세,상해없음,승용,남,23세,경상
2021122100100550,2021년 12월 21일 23시,화요일,전라남도 무안군 삼향읍,중상사고,0,1,1,0,차대차 - 기타,안전운전불이행,건조,맑음,단일로 - 교량,화물,남,38세,상해없음,승용,남,43세,경상
2021122200100051,2021년 12월 22일 07시,수요일,전라남도 순천시 덕암동,경상사고,0,0,1,0,차대차 - 측면충돌,안전운전불이행,건조,맑음,단일로 - 기타,기타불명,남,33세,상해없음,이륜,남,71세,경상
2021122200100052,2021년 12월 22일 07시,수요일,전라남도 나주시 남평읍,경상사고,0,0,2,0,차대차 - 측면충돌,직진우회전진행방해,젖음/습기,안개,교차로 - 교차로안,승용,남,50세,경상,승용,여,29세,경상
2021122200100053,2021년 12월 22일 07시,수요일,전라남도 진도군 의신면,중상사고,0,3,0,0,차대차 - 측면충돌,교차로운행방법위반,건조,맑음,교차로 - 교차로안,건설기계,남,41세,상해없음,승용,여,55세,중상
2021122200100082,2021년 12월 22일 08시,수요일,전라남도 목포시 죽동,중상사고,0,1,0,0,차대사람 - 횡단중,안전운전불이행,건조,맑음,단일로 - 터널,승용,여,48세,상해없음,보행자,여,64세,중상
2021122200100125,2021년 12월 22일 09시,수요일,전라남도 무안군 해제면,경상사고,0,0,1,0,차대차 - 기타,안전운전불이행,건조,맑음,교차로 - 교차로안,화물,남,60세,상해없음,화물,여,65세,경상
2021122200100153,2021년 12월 22일 10시,수요일,전라남도 영암군 삼호읍,사망사고,1,0,0,0,차대차 - 측면충돌,신호위반,건조,맑음,교차로 - 교차로안,화물,여,66세,사망,화물,남,64세,상해없음
2021122200100182,2021년 12월 22일 11시,수요일,전라남도 순천시 조례동,경상사고,0,0,4,0,차대차 - 측면충돌,안전거리미확보,건조,맑음,단일로 - 기타,승용,남,69세,경상,승용,남,27세,경상
2021122200100183,2021년 12월 22일 11시,수요일,전라남도 보성군 보성읍,중상사고,0,1,0,0,차대차 - 측면충돌,안전운전불이행,건조,맑음,교차로 - 교차로안,승용,여,23세,상해없음,이륜,남,87세,중상
2021122200100216,2021년 12월 22일 12시,수요일,전라남도 해남군 해남읍,중상사고,0,1,2,0,차대차 - 측면충돌,신호위반,건조,맑음,교차로 - 교차로안,승용,남,75세,경상,승용,남,66세,경상
2021122200100252,2021년 12월 22일 13시,수요일,전라남도 고흥군 도덕면,경상사고,0,0,3,0,차대차 - 기타,기타,건조,맑음,교차로 - 교차로안,승용,남,69세,상해없음,승용,남,61세,경상
2021122200100324,2021년 12월 22일 15시,수요일,전라남도 순천시 남정동,경상사고,0,0,1,0,차대차 - 기타,안전운전불이행,건조,맑음,단일로 - 기타,화물,남,68세,상해없음,승용,남,68세,경상
2021122200100326,2021년 12월 22일 15시,수요일,전라남도 구례군 산동면,중상사고,0,1,0,0,차대사람 - 횡단중,안전운전불이행,건조,맑음,교차로 - 교차로부근,이륜,남,84세,기타불명,보행자,남,62세,중상
2021122200100365,2021년 12월 22일 16시,수요일,전라남도 여수시 학동,경상사고,0,0,2,0,차대차 - 측면충돌,교차로운행방법위반,건조,맑음,교차로 - 교차로안,화물,남,27세,상해없음,승용,남,33세,경상
2021122200100366,2021년 12월 22일 16시,수요일,전라남도 여수시 학동,경상사고,0,0,1,0,차대차 - 측면충돌,안전운전불이행,건조,맑음,교차로 - 교차로안,승용,여,62세,상해없음,승용,남,27세,경상
2021122200100367,2021년 12월 22일 16시,수요일,전라남도 영암군 삼호읍,경상사고,0,0,1,0,차대차 - 측면충돌,안전운전불이행,건조,맑음,기타 - 기타,건설기계,남,61세,상해없음,승용,여,67세,경상
2021122200100406,2021년 12월 22일 17시,수요일,전라남도 여수시 화치동,중상사고,0,1,4,0,차대차 - 측면충돌,안전운전불이행,건조,맑음,교차로 - 교차로안,승용,남,45세,상해없음,승합,남,28세,경상
2021122200100407,2021년 12월 22일 17시,수요일,전라남도 화순군 화순읍,경상사고,0,0,1,0,차대차 - 측면충돌,교차로운행방법위반,건조,맑음,교차로 - 교차로안,승용,여,62세,상해없음,이륜,남,18세,경상
2021122200100450,2021년 12월 22일 18시,수요일,전라남도 영암군 삼호읍,경상사고,0,0,1,0,차대차 - 측면충돌,교차로운행방법위반,건조,맑음,교차로 - 교차로부근,승용,남,60세,상해없음,승용,남,32세,경상
2021122200100510,2021년 12월 22일 19시,수요일,전라남도 목포시 상동,경상사고,0,0,1,0,차대차 - 기타,신호위반,건조,맑음,교차로 - 교차로안,승용,여,54세,상해없음,승용,남,61세,경상
2021122200100511,2021년 12월 22일 19시,수요일,전라남도 강진군 작천면,경상사고,0,0,1,0,차량단독 - 도로외이탈 - 추락,안전운전불이행,건조,맑음,단일로 - 기타,화물,여,70세,경상,,,,
2021122200100579,2021년 12월 22일 21시,수요일,전라남도 목포시 상동,경상사고,0,0,1,0,차대차 - 측면충돌,기타,건조,맑음,교차로 - 교차로안,개인형이동수단(PM),남,30세,경상,승용,남,52세,상해없음
2021122200100580,2021년 12월 22일 21시,수요일,전라남도 광양시 광양읍,경상사고,0,0,1,0,차대사람 - 횡단중,안전운전불이행,건조,맑음,교차로 - 교차로안,이륜,남,22세,상해없음,보행자,남,61세,경상
2021122200100614,2021년 12월 22일 22시,수요일,전라남도 여수시 오림동,경상사고,0,0,1,0,차대차 - 측면충돌,교차로운행방법위반,건조,맑음,교차로 - 교차로안,승용,남,36세,상해없음,이륜,남,37세,경상
2021122300100006,2021년 12월 23일 01시,목요일,전라남도 광양시 광양읍,경상사고,0,0,1,0,차대차 - 추돌,안전운전불이행,건조,기타,단일로 - 교량,승용,남,30세,상해없음,승용,남,68세,경상
2021122300100053,2021년 12월 23일 07시,목요일,전라남도 순천시 조곡동,경상사고,0,0,1,0,차대차 - 측면충돌,신호위반,건조,맑음,교차로 - 교차로안,승용,남,64세,상해없음,승용,여,56세,경상
2021122300100085,2021년 12월 23일 08시,목요일,전라남도 여수시 학동,경상사고,0,0,1,0,차대차 - 측면충돌,안전운전불이행,건조,맑음,교차로 - 교차로안,승용,남,71세,상해없음,승용,여,27세,상해없음
2021122300100198,2021년 12월 23일 12시,목요일,전라남도 순천시 별량면,중상사고,0,1,0,0,차대차 - 기타,교차로운행방법위반,건조,맑음,교차로 - 교차로안,승용,남,88세,상해없음,승용,여,26세,중상
2021122300100199,2021년 12월 23일 12시,목요일,전라남도 장흥군 관산읍,사망사고,1,0,0,0,차량단독 - 기타,안전운전불이행,건조,맑음,단일로 - 기타,이륜,남,64세,사망,,,,
2021122300100200,2021년 12월 23일 12시,목요일,전라남도 보성군 보성읍,중상사고,0,1,0,0,차대차 - 측면충돌,기타,건조,맑음,교차로 - 교차로안,승합,남,53세,상해없음,승용,여,58세,중상
2021122300100201,2021년 12월 23일 12시,목요일,전라남도 화순군 화순읍,경상사고,0,0,1,0,차대차 - 측면충돌,안전거리미확보,건조,맑음,단일로 - 기타,승용,여,65세,상해없음,승용,남,43세,경상
2021122300100224,2021년 12월 23일 13시,목요일,전라남도 목포시 명륜동,경상사고,0,0,3,0,차대차 - 측면충돌,안전운전불이행,건조,맑음,단일로 - 기타,승용,남,31세,경상,승용,여,26세,경상
2021122300100257,2021년 12월 23일 14시,목요일,전라남도 해남군 현산면,경상사고,0,0,1,0,차대사람 - 기타,안전운전불이행,건조,맑음,교차로 - 교차로안,승용,남,72세,상해없음,보행자,여,82세,경상
2021122300100289,2021년 12월 23일 15시,목요일,전라남도 여수시 화양면,중상사고,0,1,0,0,차대차 - 기타,중앙선침범,건조,맑음,단일로 - 기타,승합,남,63세,상해없음,자전거,남,61세,중상
2021122300100290,2021년 12월 23일 15시,목요일,전라남도 순천시 연향동,경상사고,0,0,1,0,차대차 - 기타,안전거리미확보,건조,맑음,교차로 - 교차로안,이륜,남,29세,상해없음,승용,남,45세,경상
2021122300100291,2021년 12월 23일 15시,목요일,전라남도 영광군 영광읍,중상사고,0,1,0,0,차대차 - 측면충돌,교차로운행방법위반,건조,맑음,단일로 - 기타,승용,여,72세,상해없음,원동기,남,81세,중상
2021122300100292,2021년 12월 23일 15시,목요일,전라남도 무안군 청계면,경상사고,0,0,3,0,차대차 - 기타,안전거리미확보,건조,맑음,교차로 - 교차로부근,승합,남,66세,상해없음,승용,남,52세,경상
2021122300100293,2021년 12월 23일 15시,목요일,전라남도 광양시 광양읍,경상사고,0,0,1,1,차대차 - 추돌,안전운전불이행,건조,맑음,단일로 - 기타,승용,여,53세,경상,화물,여,55세,부상신고
2021122300100319,2021년 12월 23일 16시,목요일,전라남도 목포시 상동,경상사고,0,0,2,0,차대차 - 측면충돌,신호위반,건조,맑음,교차로 - 교차로안,화물,남,71세,상해없음,화물,남,64세,경상
2021122300100361,2021년 12월 23일 17시,목요일,전라남도 장흥군 장흥읍,경상사고,0,0,1,0,차대차 - 추돌,안전운전불이행,건조,흐림,단일로 - 기타,승용,남,57세,상해없음,승용,여,64세,경상
2021122300100422,2021년 12월 23일 18시,목요일,전라남도 목포시 석현동,중상사고,0,1,0,0,차대사람 - 횡단중,보행자보호의무위반,건조,맑음,교차로 - 교차로횡단보도내,승용,여,30세,상해없음,보행자,여,53세,중상
2021122300100423,2021년 12월 23일 18시,목요일,전라남도 나주시 남평읍,경상사고,0,0,1,0,차대차 - 기타,중앙선침범,건조,맑음,단일로 - 기타,승용,여,25세,상해없음,승용,여,33세,경상
2021122300100467,2021년 12월 23일 19시,목요일,전라남도 무안군 삼향읍,중상사고,0,1,1,0,차대차 - 기타,안전운전불이행,건조,맑음,교차로 - 교차로안,승용,남,16세,기타불명,승용,여,46세,중상
2021122300100503,2021년 12월 23일 20시,목요일,전라남도 여수시 봉산동,경상사고,0,0,3,0,차대차 - 추돌,안전운전불이행,건조,맑음,교차로 - 교차로부근,화물,남,39세,기타불명,승용,여,32세,경상
2021122300100504,2021년 12월 23일 20시,목요일,전라남도 나주시 왕곡면,경상사고,0,0,1,0,차대차 - 기타,안전운전불이행,건조,맑음,교차로 - 교차로안,화물,남,57세,상해없음,승용,여,31세,경상
2021122300100535,2021년 12월 23일 21시,목요일,전라남도 함평군 엄다면,중상사고,0,1,0,0,차대사람 - 기타,안전운전불이행,건조,맑음,단일로 - 기타,승용,남,49세,상해없음,보행자,여,43세,중상
2021122300100570,2021년 12월 23일 23시,목요일,전라남도 여수시 여서동,경상사고,0,0,2,0,차대차 - 추돌,안전운전불이행,건조,맑음,교차로 - 교차로안,승용,남,32세,경상,승용,남,55세,경상
2021122400100016,2021년 12월 24일 03시,금요일,전라남도 광양시 광양읍,경상사고,0,0,2,0,차대차 - 측면충돌,안전거리미확보,건조,맑음,교차로 - 교차로부근,승용,여,54세,상해없음,승용,남,39세,경상
2021122400100037,2021년 12월 24일 06시,금요일,전라남도 해남군 해남읍,중상사고,0,1,1,0,차대차 - 측면충돌,안전운전불이행,건조,맑음,교차로 - 교차로안,화물,남,71세,경상,화물,남,59세,중상
2021122400100038,2021년 12월 24일 06시,금요일,전라남도 담양군 담양읍,중상사고,0,1,0,0,차대차 - 기타,신호위반,건조,맑음,교차로 - 교차로안,화물,남,54세,상해없음,원동기,남,90세,중상
2021122400100063,2021년 12월 24일 07시,금요일,전라남도 목포시 상동,중상사고,0,1,0,0,차대차 - 기타,안전운전불이행,건조,맑음,단일로 - 기타,자전거,남,83세,중상,승용,여,69세,상해없음
2021122400100064,2021년 12월 24일 07시,금요일,전라남도 영광군 홍농읍,경상사고,0,0,1,0,차대사람 - 횡단중,중앙선침범,건조,맑음,단일로 - 기타,승용,여,56세,상해없음,보행자,남,77세,경상
2021122400100091,2021년 12월 24일 08시,금요일,전라남도 담양군 봉산면,경상사고,0,0,2,0,차대차 - 기타,안전운전불이행,건조,맑음,교차로 - 교차로부근,승용,남,36세,경상,화물,남,64세,경상
2021122400100120,2021년 12월 24일 09시,금요일,전라남도 나주시 성북동,경상사고,0,0,1,0,차대사람 - 횡단중,안전운전불이행,건조,맑음,단일로 - 기타,승용,여,61세,상해없음,보행자,남,33세,경상
2021122400100121,2021년 12월 24일 09시,금요일,전라남도 광양시 광양읍,중상사고,0,1,0,0,차대차 - 측면충돌,교차로운행방법위반,건조,맑음,교차로 - 교차로안,화물,남,56세,상해없음,이륜,남,76세,중상
2021122400100167,2021년 12월 24일 11시,금요일,전라남도 강진군 강진읍,중상사고,0,1,0,0,차대사람 - 기타,안전운전불이행,건조,흐림,단일로 - 기타,화물,남,72세,상해없음,보행자,여,73세,중상
2021122400100168,2021년 12월 24일 11시,금요일,전라남도 무안군 무안읍,경상사고,0,0,1,0,차대차 - 측면충돌,안전운전불이행,건조,맑음,교차로 - 교차로안,승용,남,21세,상해없음,승용,여,42세,경상
2021122400100197,2021년 12월 24일 12시,금요일,전라남도 목포시 상동,경상사고,0,0,1,0,차대차 - 측면충돌,신호위반,건조,맑음,교차로 - 교차로안,이륜,남,36세,상해없음,승용,여,61세,경상
2021122400100198,2021년 12월 24일 12시,금요일,전라남도 화순군 도곡면,경상사고,0,0,2,0,차대차 - 측면충돌,직진우회전진행방해,건조,맑음,교차로 - 교차로안,승용,남,58세,경상,승용,남,44세,경상
2021122400100199,2021년 12월 24일 12시,금요일,전라남도 영암군 학산면,경상사고,0,0,1,0,차대차 - 추돌,안전운전불이행,건조,맑음,기타 - 기타,승용,남,79세,상해없음,승합,남,49세,경상
2021122400100226,2021년 12월 24일 13시,금요일,전라남도 광양시 광양읍,사망사고,1,0,0,0,차대사람 - 차도통행중,안전운전불이행,건조,맑음,교차로 - 교차로안,승용,여,20세,상해없음,보행자,여,71세,사망
2021122400100249,2021년 12월 24일 14시,금요일,전라남도 목포시 상동,경상사고,0,0,4,0,차대차 - 측면충돌,안전운전불이행,건조,맑음,단일로 - 기타,승용,여,21세,경상,승용,남,35세,경상
2021122400100250,2021년 12월 24일 14시,금요일,전라남도 광양시 광양읍,경상사고,0,0,3,0,차대차 - 측면충돌,교차로운행방법위반,건조,맑음,교차로 - 교차로안,승용,남,49세,경상,화물,남,39세,경상
2021122400100285,2021년 12월 24일 15시,금요일,전라남도 해남군 해남읍,중상사고,0,1,1,0,차대차 - 측면충돌,중앙선침범,건조,맑음,단일로 - 기타,승용,남,74세,기타불명,화물,남,54세,경상
2021122400100324,2021년 12월 24일 16시,금요일,전라남도 목포시 용당동,중상사고,0,1,0,0,차대사람 - 기타,안전운전불이행,건조,기타,기타 - 기타,화물,남,67세,상해없음,보행자,남,55세,중상
2021122400100325,2021년 12월 24일 16시,금요일,전라남도 강진군 강진읍,경상사고,0,0,2,0,차대차 - 측면충돌,기타,건조,맑음,교차로 - 교차로안,승용,남,64세,경상,화물,남,63세,경상
2021122400100367,2021년 12월 24일 17시,금요일,전라남도 목포시 용당동,경상사고,0,0,1,0,차대차 - 기타,직진우회전진행방해,건조,맑음,교차로 - 교차로안,화물,남,61세,상해없음,이륜,남,26세,경상
2021122400100424,2021년 12월 24일 18시,금요일,전라남도 여수시 선원동,부상신고사고,0,0,0,1,차대사람 - 기타,안전운전불이행,건조,기타,단일로 - 기타,승용,남,38세,기타불명,보행자,남,45세,부상신고
2021122400100425,2021년 12월 24일 18시,금요일,전라남도 여수시 학동,중상사고,0,1,0,0,차대차 - 기타,안전운전불이행,건조,맑음,단일로 - 기타,승용,남,63세,상해없음,이륜,남,18세,중상
2021122400100488,2021년 12월 24일 19시,금요일,전라남도 목포시 상동,경상사고,0,0,3,0,차대차 - 기타,직진우회전진행방해,건조,맑음,교차로 - 교차로안,승용,남,40세,상해없음,승용,남,24세,경상
2021122400100489,2021년 12월 24일 19시,금요일,전라남도 여수시 남산동,경상사고,0,0,1,0,차대차 - 추돌,안전운전불이행,건조,맑음,교차로 - 교차로부근,승용,여,52세,상해없음,승용,남,37세,경상
2021122400100578,2021년 12월 24일 21시,금요일,전라남도 여수시 문수동,중상사고,0,1,0,0,차대차 - 측면충돌,신호위반,건조,맑음,교차로 - 교차로안,승용,여,40세,상해없음,이륜,남,32세,중상
2021122400100579,2021년 12월 24일 21시,금요일,전라남도 여수시 돌산읍,경상사고,0,0,1,0,차대차 - 추돌,안전운전불이행,건조,맑음,교차로 - 교차로안,승용,남,23세,상해없음,승용,남,27세,경상
2021122400100580,2021년 12월 24일 21시,금요일,전라남도 고흥군 고흥읍,경상사고,0,0,1,0,차대사람 - 횡단중,안전운전불이행,건조,맑음,단일로 - 기타,승용,여,55세,상해없음,보행자,여,20세,경상
2021122400100581,2021년 12월 24일 21시,금요일,전라남도 광양시 중동,중상사고,0,1,0,0,차대차 - 측면충돌,교차로운행방법위반,건조,맑음,교차로 - 교차로안,승용,남,53세,상해없음,승용,남,47세,중상
2021122400100618,2021년 12월 24일 22시,금요일,전라남도 여수시 신기동,경상사고,0,0,1,0,차대차 - 기타,차로위반,건조,맑음,단일로 - 기타,승용,남,23세,상해없음,승용,남,37세,경상
2021122500100005,2021년 12월 25일 00시,토요일,전라남도 목포시 명륜동,경상사고,0,0,3,0,차량단독 - 공작물충돌,안전운전불이행,건조,맑음,교차로 - 교차로안,승용,남,18세,경상,,,,
2021122500100079,2021년 12월 25일 10시,토요일,전라남도 순천시 덕월동,경상사고,0,0,1,0,차대차 - 기타,안전운전불이행,건조,맑음,기타 - 기타,승용,남,47세,상해없음,승용,남,25세,경상
2021122500100080,2021년 12월 25일 10시,토요일,전라남도 나주시 다시면,경상사고,0,0,1,0,차대사람 - 보도통행중,안전운전불이행,서리/결빙,눈,주차장 - 주차장,승용,남,49세,상해없음,보행자,여,61세,경상
2021122500100081,2021년 12월 25일 10시,토요일,전라남도 장흥군 부산면,경상사고,0,0,2,0,차대차 - 측면충돌,교차로운행방법위반,건조,맑음,교차로 - 교차로안,화물,남,61세,상해없음,승용,남,37세,경상
2021122500100095,2021년 12월 25일 11시,토요일,전라남도 목포시 용해동,경상사고,0,0,1,0,차대차 - 측면충돌,신호위반,젖음/습기,눈,교차로 - 교차로안,화물,여,69세,상해없음,승용,남,43세,경상
2021122500100154,2021년 12월 25일 13시,토요일,전라남도 담양군 고서면,경상사고,0,0,1,0,차대차 - 기타,교차로운행방법위반,건조,맑음,교차로 - 교차로안,화물,남,61세,상해없음,승용,남,51세,경상
2021122500100183,2021년 12월 25일 14시,토요일,전라남도 무안군 삼향읍,중상사고,0,1,0,0,차대차 - 측면충돌,안전운전불이행,서리/결빙,눈,기타 - 기타,승용,남,60세,상해없음,이륜,남,57세,중상
2021122500100211,2021년 12월 25일 15시,토요일,전라남도 목포시 양동,경상사고,0,0,3,0,차대차 - 기타,중앙선침범,서리/결빙,눈,교차로 - 교차로부근,승용,여,66세,기타불명,승용,남,24세,경상
2021122500100212,2021년 12월 25일 15시,토요일,전라남도 광양시 진월면,중상사고,0,1,0,0,차대사람 - 횡단중,안전운전불이행,건조,맑음,교차로 - 교차로부근,승용,여,65세,상해없음,보행자,여,72세,중상
2021122500100297,2021년 12월 25일 18시,토요일,전라남도 여수시 봉계동,경상사고,0,0,1,0,차대차 - 측면충돌,교차로운행방법위반,건조,맑음,교차로 - 교차로안,승용,남,66세,상해없음,승용,남,47세,경상
2021122500100374,2021년 12월 25일 21시,토요일,전라남도 여수시 화장동,경상사고,0,0,3,0,차대차 - 측면충돌,중앙선침범,건조,맑음,단일로 - 기타,이륜,남,47세,상해없음,승용,남,26세,경상
2021122500100403,2021년 12월 25일 22시,토요일,전라남도 목포시 상동,경상사고,0,0,1,0,차대차 - 추돌,안전운전불이행,서리/결빙,눈,교차로 - 교차로부근,승용,남,21세,상해없음,승용,남,36세,경상
2021122500100404,2021년 12월 25일 22시,토요일,전라남도 목포시 용당동,경상사고,0,0,1,0,차대사람 - 기타,안전운전불이행,적설,눈,단일로 - 기타,승용,남,52세,상해없음,보행자,여,21세,경상
2021122500100420,2021년 12월 25일 23시,토요일,전라남도 목포시 상동,경상사고,0,0,1,0,차대차 - 추돌,안전운전불이행,적설,눈,기타 - 기타,승용,남,36세,상해없음,승용,남,29세,경상
2021122500100421,2021년 12월 25일 23시,토요일,전라남도 여수시 둔덕동,중상사고,0,1,0,0,차대차 - 측면충돌,안전운전불이행,건조,맑음,단일로 - 기타,승용,남,56세,상해없음,이륜,남,21세,중상
2021122600100064,2021년 12월 26일 11시,일요일,전라남도 목포시 상동,경상사고,0,0,1,0,차대차 - 추돌,안전운전불이행,적설,눈,단일로 - 기타,승용,여,27세,상해없음,승용,여,47세,경상