사고번호,사고일시,요일,시군구,사고내용,사망자수,중상자수,경상자수,부상신고자수,사고유형,법규위반,노면상태,기상상태,도로형태,가해운전자 차종,가해운전자 성별,가해운전자 연령,가해운전자 상해정도,피해운전자 차종,피해운전자 성별,피해운전자 연령,피해운전자 상해정도
2021122600100107,2021년 12월 26일 13시,일요일,전라남도 여수시 오림동,경상사고,0,0,1,0,차대차 - 후진중충돌,안전운전불이행,건조,맑음,단일로 - 기타,승용,남,74세,상해없음,승용,여,46세,경상
2021122600100108,2021년 12월 26일 13시,일요일,전라남도 순천시 황전면,경상사고,0,0,5,0,차대차 - 측면충돌,안전운전불이행,건조,맑음,주차장 - 주차장,승용,남,26세,상해없음,승용,여,35세,경상
2021122600100138,2021년 12월 26일 14시,일요일,전라남도 해남군 송지면,경상사고,0,0,1,0,차대차 - 측면충돌,안전운전불이행,건조,맑음,단일로 - 기타,화물,남,50세,상해없음,승용,남,23세,상해없음
2021122600100189,2021년 12월 26일 16시,일요일,전라남도 순천시 동외동,경상사고,0,0,1,0,차대차 - 측면충돌,기타,건조,맑음,단일로 - 기타,이륜,남,23세,경상,화물,남,74세,상해없음
2021122600100251,2021년 12월 26일 18시,일요일,전라남도 해남군 해남읍,경상사고,0,0,1,0,차대차 - 측면충돌,교차로운행방법위반,서리/결빙,눈,교차로 - 교차로안,승용,여,47세,상해없음,승용,남,29세,경상
2021122600100279,2021년 12월 26일 19시,일요일,전라남도 목포시 상동,경상사고,0,0,1,0,차대차 - 측면충돌,안전운전불이행,서리/결빙,흐림,교차로 - 교차로안,승용,남,76세,상해없음,승용,남,38세,상해없음
2021122600100306,2021년 12월 26일 20시,일요일,전라남도 여수시 신월동,사망사고,1,0,0,0,차량단독 - 기타,안전운전불이행,건조,맑음,단일로 - 기타,개인형이동수단(PM),남,46세,사망,,,,
2021122600100307,2021년 12월 26일 20시,일요일,전라남도 순천시 해룡면,경상사고,0,0,1,0,차대차 - 측면충돌,신호위반,건조,맑음,교차로 - 교차로안,승용,남,64세,상해없음,승용,여,31세,경상
2021122700100012,2021년 12월 27일 04시,월요일,전라남도 강진군 도암면,중상사고,0,1,0,0,차량단독 - 도로외이탈 - 추락,안전운전불이행,서리/결빙,눈,단일로 - 기타,화물,남,54세,중상,,,,
2021122700100034,2021년 12월 27일 06시,월요일,전라남도 화순군 화순읍,경상사고,0,0,1,0,차대차 - 측면충돌,안전운전불이행,건조,맑음,단일로 - 기타,화물,남,71세,기타불명,승용,남,29세,경상
2021122700100074,2021년 12월 27일 08시,월요일,전라남도 여수시 선원동,경상사고,0,0,1,0,차대차 - 추돌,안전운전불이행,건조,맑음,교차로 - 교차로부근,건설기계,남,56세,상해없음,승용,여,58세,경상
2021122700100075,2021년 12월 27일 08시,월요일,전라남도 여수시 안산동,중상사고,0,1,0,0,차대사람 - 길가장자리구역통행중,안전운전불이행,건조,맑음,단일로 - 기타,승용,여,26세,상해없음,보행자,여,16세,중상
2021122700100076,2021년 12월 27일 08시,월요일,전라남도 순천시 서면,중상사고,0,1,0,0,차대사람 - 차도통행중,안전운전불이행,건조,맑음,교차로 - 교차로안,승용,여,36세,상해없음,보행자,여,60세,중상
2021122700100112,2021년 12월 27일 09시,월요일,전라남도 화순군 한천면,중상사고,0,2,0,0,차대차 - 추돌,안전운전불이행,건조,맑음,단일로 - 기타,화물,남,45세,중상,화물,여,72세,중상
2021122700100165,2021년 12월 27일 11시,월요일,전라남도 나주시 금계동,경상사고,0,0,1,0,차대차 - 측면충돌,직진우회전진행방해,기타,기타,교차로 - 교차로안,승용,남,65세,상해없음,승용,남,55세,경상
2021122700100166,2021년 12월 27일 11시,월요일,전라남도 장흥군 장평면,경상사고,0,0,2,0,차대차 - 기타,안전운전불이행,건조,맑음,교차로 - 교차로안,화물,남,73세,경상,승용,여,61세,경상
2021122700100167,2021년 12월 27일 11시,월요일,전라남도 영암군 영암읍,중상사고,0,2,3,0,차대차 - 추돌,안전운전불이행,건조,맑음,교차로 - 교차로부근,화물,남,28세,상해없음,승합,남,57세,중상
2021122700100168,2021년 12월 27일 11시,월요일,전라남도 광양시 중동,경상사고,0,0,1,0,차대차 - 측면충돌,교차로운행방법위반,건조,맑음,교차로 - 교차로안,승용,남,66세,상해없음,승용,여,33세,경상
2021122700100196,2021년 12월 27일 12시,월요일,전라남도 여수시 신기동,경상사고,0,0,1,0,차대차 - 추돌,안전운전불이행,건조,맑음,교차로 - 교차로안,승용,여,50세,상해없음,승용,여,60세,경상
2021122700100221,2021년 12월 27일 13시,월요일,전라남도 순천시 풍덕동,경상사고,0,0,1,0,차대차 - 기타,안전운전불이행,건조,맑음,교차로 - 교차로안,화물,남,57세,상해없음,승용,여,35세,경상
2021122700100263,2021년 12월 27일 14시,월요일,전라남도 장흥군 장흥읍,경상사고,0,0,1,0,차대차 - 기타,안전운전불이행,건조,맑음,기타 - 기타,승용,여,61세,상해없음,승용,남,62세,상해없음
2021122700100264,2021년 12월 27일 14시,월요일,전라남도 고흥군 봉래면,경상사고,0,0,1,0,차대사람 - 기타,안전운전불이행,건조,맑음,단일로 - 기타,화물,남,49세,상해없음,보행자,남,81세,경상
2021122700100305,2021년 12월 27일 15시,월요일,전라남도 목포시 산정동,경상사고,0,0,1,0,차대사람 - 기타,안전운전불이행,젖음/습기,맑음,단일로 - 기타,승용,여,38세,상해없음,보행자,여,30세,경상
2021122700100306,2021년 12월 27일 15시,월요일,전라남도 목포시 호남동,중상사고,0,1,0,0,차대사람 - 보도통행중,기타,건조,맑음,단일로 - 기타,승용,남,65세,상해없음,보행자,남,75세,중상
2021122700100307,2021년 12월 27일 15시,월요일,전라남도 순천시 연향동,경상사고,0,0,1,0,차대차 - 기타,안전운전불이행,건조,맑음,주차장 - 주차장,승용,남,52세,상해없음,승용,여,36세,경상
2021122700100308,2021년 12월 27일 15시,월요일,전라남도 장흥군 대덕읍,사망사고,1,0,0,0,차량단독 - 기타,안전운전불이행,건조,맑음,기타 - 기타,화물,남,59세,사망,,,,
2021122700100309,2021년 12월 27일 15시,월요일,전라남도 광양시 광양읍,경상사고,0,0,1,0,차대차 - 측면충돌,신호위반,건조,맑음,교차로 - 교차로안,승용,여,56세,기타불명,화물,남,52세,경상
2021122700100334,2021년 12월 27일 16시,월요일,전라남도 여수시 봉산동,경상사고,0,0,1,0,차대사람 - 횡단중,보행자보호의무위반,건조,맑음,교차로 - 교차로부근,승용,여,45세,상해없음,보행자,남,79세,경상
2021122700100335,2021년 12월 27일 16시,월요일,전라남도 여수시 학동,경상사고,0,0,1,0,차대차 - 측면충돌,안전운전불이행,건조,맑음,교차로 - 교차로안,화물,남,66세,상해없음,승용,남,30세,경상
2021122700100375,2021년 12월 27일 17시,월요일,전라남도 무안군 일로읍,중상사고,0,1,1,0,차대차 - 추돌,안전운전불이행,건조,맑음,단일로 - 기타,승용,남,34세,경상,농기계,남,58세,중상
2021122700100417,2021년 12월 27일 18시,월요일,전라남도 광양시 광양읍,경상사고,0,0,1,0,차대차 - 측면충돌,안전운전불이행,건조,맑음,단일로 - 기타,승용,남,23세,상해없음,승합,남,43세,경상
2021122700100418,2021년 12월 27일 18시,월요일,전라남도 광양시 중동,중상사고,0,1,0,0,차대차 - 기타,안전거리미확보,건조,맑음,기타 - 기타,승합,남,61세,상해없음,이륜,남,39세,중상
2021122700100457,2021년 12월 27일 19시,월요일,전라남도 장성군 장성읍,경상사고,0,0,1,0,차대차 - 기타,안전운전불이행,건조,맑음,교차로 - 교차로안,이륜,남,34세,경상,승용,남,48세,상해없음
2021122700100492,2021년 12월 27일 20시,월요일,전라남도 여수시 여서동,경상사고,0,0,2,0,차대차 - 측면충돌,신호위반,건조,맑음,교차로 - 교차로안,승용,남,35세,상해없음,승용,남,55세,경상
2021122700100493,2021년 12월 27일 20시,월요일,전라남도 여수시 화장동,중상사고,0,1,2,0,차대차 - 추돌,안전운전불이행,건조,맑음,교차로 - 교차로부근,승용,남,31세,상해없음,승용,남,42세,경상
2021122700100525,2021년 12월 27일 21시,월요일,전라남도 목포시 상동,경상사고,0,0,1,0,차대차 - 정면충돌,중앙선침범,건조,흐림,교차로 - 교차로안,승용,남,47세,상해없음,승용,여,47세,경상
2021122700100557,2021년 12월 27일 22시,월요일,전라남도 순천시 주암면,중상사고,0,1,0,0,차대차 - 기타,중앙선침범,건조,맑음,교차로 - 교차로부근,화물,남,42세,상해없음,승용,여,51세,중상
2021122700100558,2021년 12월 27일 22시,월요일,전라남도 화순군 화순읍,경상사고,0,0,1,0,차대차 - 추돌,기타,건조,맑음,단일로 - 기타,승용,남,38세,상해없음,승용,여,41세,경상
2021122800100031,2021년 12월 28일 05시,화요일,전라남도 목포시 옥암동,경상사고,0,0,1,0,차대차 - 추돌,안전운전불이행,건조,맑음,단일로 - 기타,승용,남,56세,상해없음,승용,남,70세,경상
2021122800100049,2021년 12월 28일 06시,화요일,전라남도 장흥군 부산면,경상사고,0,0,1,0,차대차 - 추돌,안전운전불이행,건조,맑음,단일로 - 기타,승용,남,60세,경상,건설기계,남,56세,상해없음
2021122800100183,2021년 12월 28일 11시,화요일,전라남도 해남군 화산면,중상사고,0,1,0,0,차대차 - 정면충돌,중앙선침범,건조,맑음,기타 - 기타,승용,여,63세,상해없음,이륜,남,54세,중상
2021122800100258,2021년 12월 28일 14시,화요일,전라남도 보성군 벌교읍,중상사고,0,1,1,0,차대차 - 추돌,안전운전불이행,건조,맑음,단일로 - 기타,화물,남,73세,경상,이륜,남,70세,중상
2021122800100277,2021년 12월 28일 15시,화요일,전라남도 고흥군 점암면,중상사고,0,2,0,0,차량단독 - 공작물충돌,안전운전불이행,건조,맑음,기타 - 기타,승용,남,76세,중상,,,,
2021122800100278,2021년 12월 28일 15시,화요일,전라남도 장성군 북이면,중상사고,0,1,0,0,차대차 - 추돌,안전운전불이행,건조,맑음,단일로 - 기타,승용,여,65세,상해없음,이륜,남,57세,중상
2021122800100279,2021년 12월 28일 15시,화요일,전라남도 광양시 중동,경상사고,0,0,1,0,차대차 - 측면충돌,안전운전불이행,건조,맑음,교차로 - 교차로안,승용,남,72세,상해없음,이륜,남,42세,경상
2021122800100383,2021년 12월 28일 18시,화요일,전라남도 목포시 상동,경상사고,0,0,1,0,차대사람 - 보도통행중,보행자보호의무위반,건조,맑음,교차로 - 교차로부근,승용,여,50세,상해없음,보행자,남,27세,경상
2021122800100384,2021년 12월 28일 18시,화요일,전라남도 여수시 소라면,경상사고,0,0,1,0,차대차 - 기타,신호위반,건조,맑음,교차로 - 교차로안,승용,남,61세,상해없음,승용,남,46세,상해없음
2021122800100385,2021년 12월 28일 18시,화요일,전라남도 순천시 장천동,중상사고,0,1,0,0,차대사람 - 기타,직진우회전진행방해,건조,맑음,교차로 - 교차로안,화물,남,19세,상해없음,보행자,여,72세,중상
2021122800100386,2021년 12월 28일 18시,화요일,전라남도 해남군 산이면,사망사고,1,0,0,0,차대차 - 기타,안전운전불이행,건조,맑음,기타 - 기타,승합,남,67세,상해없음,승용,남,40세,상해없음
2021122800100387,2021년 12월 28일 18시,화요일,전라남도 영광군 불갑면,경상사고,0,0,1,0,차대차 - 정면충돌,중앙선침범,건조,맑음,단일로 - 기타,승용,남,62세,상해없음,승합,남,28세,상해없음
2021122800100430,2021년 12월 28일 19시,화요일,전라남도 여수시 학동,경상사고,0,0,1,0,차대차 - 기타,안전운전불이행,건조,맑음,단일로 - 기타,승용,여,22세,상해없음,이륜,남,36세,경상
2021122900100034,2021년 12월 29일 06시,수요일,전라남도 여수시 봉계동,중상사고,0,1,0,0,차대차 - 정면충돌,신호위반,건조,맑음,교차로 - 교차로안,승용,남,34세,상해없음,이륜,남,36세,중상
2021122900100035,2021년 12월 29일 06시,수요일,전라남도 여수시 웅천동,경상사고,0,0,1,0,차대차 - 측면충돌,신호위반,건조,맑음,교차로 - 교차로안,승용,여,55세,상해없음,승용,남,35세,경상
2021122900100053,2021년 12월 29일 07시,수요일,전라남도 담양군 봉산면,경상사고,0,0,1,0,차대차 - 기타,안전운전불이행,건조,맑음,단일로 - 기타,사륜오토바이(ATV),여,64세,경상,승용,남,66세,상해없음
2021122900100078,2021년 12월 29일 08시,수요일,전라남도 목포시 상동,경상사고,0,0,2,0,차대차 - 추돌,안전운전불이행,건조,맑음,단일로 - 기타,승용,남,60세,상해없음,화물,남,26세,경상
2021122900100079,2021년 12월 29일 08시,수요일,전라남도 진도군 임회면,경상사고,0,0,1,0,차대차 - 정면충돌,중앙선침범,젖음/습기,흐림,단일로 - 기타,승용,남,23세,상해없음,승용,남,38세,경상
2021122900100102,2021년 12월 29일 09시,수요일,전라남도 순천시 덕암동,경상사고,0,0,1,0,차대차 - 측면충돌,안전운전불이행,건조,맑음,교차로 - 교차로부근,자전거,여,66세,경상,승용,여,41세,상해없음
2021122900100104,2021년 12월 29일 09시,수요일,전라남도 장흥군 장흥읍,경상사고,0,0,1,0,차대차 - 추돌,안전운전불이행,건조,맑음,기타 - 기타,승용,여,47세,상해없음,화물,남,71세,경상
2021122900100126,2021년 12월 29일 10시,수요일,전라남도 신안군 암태면,경상사고,0,0,1,0,차대차 - 측면충돌,기타,건조,맑음,교차로 - 교차로안,승용,남,58세,상해없음,화물,남,61세,경상
2021122900100177,2021년 12월 29일 12시,수요일,전라남도 영암군 영암읍,경상사고,0,0,1,0,차대차 - 측면충돌,직진우회전진행방해,건조,맑음,교차로 - 교차로안,승용,여,46세,상해없음,승용,여,67세,경상
2021122900100275,2021년 12월 29일 15시,수요일,전라남도 여수시 미평동,중상사고,0,1,0,0,차대사람 - 횡단중,안전운전불이행,건조,맑음,단일로 - 기타,이륜,남,69세,상해없음,보행자,여,70세,중상
2021122900100276,2021년 12월 29일 15시,수요일,전라남도 여수시 돌산읍,경상사고,0,0,1,0,차량단독 - 기타,안전운전불이행,건조,맑음,단일로 - 기타,승합,남,69세,상해없음,,,,
2021122900100277,2021년 12월 29일 15시,수요일,전라남도 담양군 담양읍,경상사고,0,0,1,0,차대차 - 기타,직진우회전진행방해,건조,맑음,교차로 - 교차로안,승합,남,41세,상해없음,승용,남,33세,경상
2021122900100278,2021년 12월 29일 15시,수요일,전라남도 구례군 토지면,사망사고,1,0,2,0,차대차 - 정면충돌,중앙선침범,건조,맑음,단일로 - 기타,화물,남,57세,사망,승용,남,45세,경상
2021122900100410,2021년 12월 29일 18시,수요일,전라남도 목포시 용해동,경상사고,0,0,1,0,차대사람 - 횡단중,안전운전불이행,건조,맑음,기타 - 기타,승용,남,45세,상해없음,보행자,여,32세,경상
2021122900100411,2021년 12월 29일 18시,수요일,전라남도 여수시 웅천동,경상사고,0,0,1,0,차대차 - 측면충돌,안전운전불이행,건조,맑음,교차로 - 교차로안,승용,남,58세,상해없음,승용,여,44세,경상
2021122900100412,2021년 12월 29일 18시,수요일,전라남도 순천시 장천동,중상사고,0,1,0,0,차대차 - 기타,안전운전불이행,건조,맑음,교차로 - 교차로안,승용,남,44세,상해없음,자전거,남,76세,중상
2021122900100413,2021년 12월 29일 18시,수요일,전라남도 나주시 빛가람동,경상사고,0,0,1,0,차대차 - 기타,안전운전불이행,건조,맑음,교차로 - 교차로부근,승용,남,41세,상해없음,이륜,남,23세,경상
2021122900100414,2021년 12월 29일 18시,수요일,전라남도 화순군 화순읍,경상사고,0,0,2,0,차대차 - 측면충돌,안전운전불이행,건조,맑음,교차로 - 교차로안,승용,남,65세,경상,승용,여,29세,경상
2021122900100415,2021년 12월 29일 18시,수요일,전라남도 강진군 강진읍,경상사고,0,0,1,0,차대사람 - 횡단중,안전운전불이행,건조,맑음,교차로 - 교차로안,승용,여,30세,상해없음,보행자,여,62세,경상
2021122900100466,2021년 12월 29일 19시,수요일,전라남도 무안군 삼향읍,중상사고,0,1,0,0,차대차 - 기타,안전운전불이행,건조,맑음,기타 - 기타,승용,남,21세,상해없음,이륜,남,20세,중상
2021123000100073,2021년 12월 30일 08시,목요일,전라남도 장성군 남면,경상사고,0,0,1,0,차대차 - 측면충돌,안전운전불이행,건조,맑음,교차로 - 교차로안,화물,남,59세,상해없음,승용,여,40세,경상
2021123000100074,2021년 12월 30일 08시,목요일,전라남도 무안군 일로읍,경상사고,0,0,1,0,차대차 - 측면충돌,안전운전불이행,건조,맑음,교차로 - 교차로안,건설기계,남,62세,상해없음,승용,여,36세,경상
2021123000100102,2021년 12월 30일 09시,목요일,전라남도 순천시 연향동,중상사고,0,1,0,0,차대사람 - 기타,안전운전불이행,건조,맑음,기타 - 기타,승용,남,29세,상해없음,보행자,남,48세,중상
2021123000100158,2021년 12월 30일 11시,목요일,전라남도 화순군 화순읍,중상사고,0,1,0,0,차량단독 - 기타,안전운전불이행,건조,맑음,교차로 - 교차로안,자전거,여,76세,중상,,,,
2021123000100159,2021년 12월 30일 11시,목요일,전라남도 강진군 대구면,중상사고,0,1,1,0,차대차 - 측면충돌,중앙선침범,건조,맑음,단일로 - 기타,승용,여,46세,상해없음,승용,남,29세,경상
2021123000100194,2021년 12월 30일 12시,목요일,전라남도 구례군 문척면,중상사고,0,1,3,2,차대차 - 추돌,안전거리미확보,건조,맑음,단일로 - 기타,승용,남,66세,상해없음,승용,여,62세,부상신고
2021123000100222,2021년 12월 30일 13시,목요일,전라남도 영암군 군서면,사망사고,1,0,1,0,차대사람 - 기타,안전운전불이행,건조,맑음,단일로 - 기타,화물,남,78세,상해없음,보행자,여,67세,사망
2021123000100249,2021년 12월 30일 14시,목요일,전라남도 순천시 동외동,경상사고,0,0,1,0,차대차 - 측면충돌,직진우회전진행방해,건조,맑음,교차로 - 교차로안,승용,남,54세,상해없음,승용,남,56세,경상
2021123000100280,2021년 12월 30일 15시,목요일,전라남도 순천시 해룡면,경상사고,0,0,1,0,차대차 - 측면충돌,교차로운행방법위반,건조,맑음,교차로 - 교차로안,승용,여,52세,상해없음,승용,여,32세,경상
2021123000100281,2021년 12월 30일 15시,목요일,전라남도 장흥군 대덕읍,중상사고,0,1,0,0,차대차 - 측면충돌,중앙선침범,건조,맑음,단일로 - 기타,화물,남,50세,상해없음,원동기,남,77세,중상
2021123000100282,2021년 12월 30일 15시,목요일,전라남도 고흥군 금산면,중상사고,0,1,0,0,차량단독 - 도로외이탈 - 추락,안전운전불이행,건조,맑음,단일로 - 기타,승용,남,74세,중상,,,,
2021123000100314,2021년 12월 30일 16시,목요일,전라남도 목포시 용해동,경상사고,0,0,2,0,차대차 - 기타,안전운전불이행,건조,맑음,기타 - 기타,승용,남,37세,상해없음,승용,남,53세,상해없음
2021123000100315,2021년 12월 30일 16시,목요일,전라남도 여수시 여서동,경상사고,0,0,1,0,차대사람 - 횡단중,보행자보호의무위반,건조,맑음,교차로 - 교차로부근,승용,남,56세,상해없음,보행자,여,64세,경상
2021123000100317,2021년 12월 30일 16시,목요일,전라남도 광양시 옥곡면,부상신고사고,0,0,0,1,차량단독 - 도로외이탈 - 추락,안전운전불이행,건조,맑음,단일로 - 기타,승용,남,70세,부상신고,,,,
2021123000100318,2021년 12월 30일 16시,목요일,전라남도 광양시 봉강면,중상사고,0,1,0,0,차대차 - 기타,중앙선침범,건조,맑음,기타 - 기타,승용,여,57세,상해없음,승용,여,57세,중상
2021123000100359,2021년 12월 30일 17시,목요일,전라남도 장흥군 부산면,사망사고,1,1,0,0,차대차 - 추돌,안전운전불이행,건조,맑음,단일로 - 기타,승용,남,79세,사망,건설기계,남,40세,중상
2021123000100360,2021년 12월 30일 17시,목요일,전라남도 화순군 화순읍,경상사고,0,0,1,0,차대차 - 측면충돌,안전거리미확보,건조,맑음,단일로 - 기타,승용,남,39세,상해없음,이륜,남,18세,경상
2021123000100361,2021년 12월 30일 17시,목요일,전라남도 곡성군 옥과면,경상사고,0,0,1,0,차대차 - 측면충돌,직진우회전진행방해,건조,맑음,교차로 - 교차로부근,이륜,남,82세,상해없음,승용,여,49세,경상
2021123000100425,2021년 12월 30일 18시,목요일,전라남도 담양군 담양읍,경상사고,0,0,3,0,차대차 - 측면충돌,직진우회전진행방해,젖음/습기,흐림,교차로 - 교차로안,화물,남,60세,경상,승용,남,26세,경상
2021123000100477,2021년 12월 30일 19시,목요일,전라남도 여수시 국동,중상사고,0,1,0,0,차대차 - 측면충돌,안전운전불이행,건조,맑음,단일로 - 기타,승용,여,41세,상해없음,이륜,남,23세,중상
2021123000100523,2021년 12월 30일 20시,목요일,전라남도 순천시 가곡동,중상사고,0,1,0,0,차대사람 - 횡단중,신호위반,건조,흐림,교차로 - 교차로안,승용,여,56세,상해없음,보행자,남,46세,중상
2021123000100524,2021년 12월 30일 20시,목요일,전라남도 나주시 남평읍,중상사고,0,1,0,0,차대사람 - 횡단중,안전운전불이행,서리/결빙,눈,단일로 - 기타,이륜,남,33세,상해없음,보행자,남,50세,중상
2021123000100601,2021년 12월 30일 22시,목요일,전라남도 순천시 승주읍,사망사고,1,0,0,0,차량단독 - 공작물충돌,안전운전불이행,젖음/습기,흐림,단일로 - 기타,승용,남,56세,사망,,,,
2021123100100005,2021년 12월 31일 00시,금요일,전라남도 함평군 월야면,경상사고,0,0,1,0,차대차 - 기타,안전운전불이행,서리/결빙,눈,단일로 - 기타,승용,남,64세,상해없음,승용,여,50세,경상
2021123100100032,2021년 12월 31일 06시,금요일,전라남도 함평군 해보면,경상사고,0,0,1,0,차대차 - 측면충돌,안전운전불이행,서리/결빙,눈,교차로 - 교차로부근,화물,남,29세,상해없음,건설기계,남,34세,경상
2021123100100033,2021년 12월 31일 06시,금요일,전라남도 영암군 영암읍,경상사고,0,0,1,0,차대차 - 측면충돌,신호위반,서리/결빙,눈,교차로 - 교차로안,승용,여,62세,상해없음,화물,남,62세,경상
2021123100100047,2021년 12월 31일 07시,금요일,전라남도 담양군 담양읍,경상사고,0,0,4,0,차대차 - 추돌,안전운전불이행,젖음/습기,맑음,교차로 - 교차로부근,승용,남,61세,경상,화물,남,59세,경상
2021123100100071,2021년 12월 31일 08시,금요일,전라남도 목포시 대양동,경상사고,0,0,1,0,차대차 - 측면충돌,교차로운행방법위반,건조,맑음,교차로 - 교차로안,승용,남,37세,상해없음,화물,남,44세,경상
2021123100100072,2021년 12월 31일 08시,금요일,전라남도 순천시 생목동,경상사고,0,0,1,0,차대사람 - 횡단중,중앙선침범,건조,맑음,교차로 - 교차로부근,화물,남,62세,상해없음,보행자,남,42세,경상
2021123100100073,2021년 12월 31일 08시,금요일,전라남도 무안군 삼향읍,경상사고,0,0,1,0,차대차 - 측면충돌,안전운전불이행,건조,맑음,교차로 - 교차로안,승용,여,51세,상해없음,승용,남,28세,경상
2021123100100108,2021년 12월 31일 10시,금요일,전라남도 여수시 둔덕동,경상사고,0,0,1,0,차대차 - 추돌,안전운전불이행,건조,맑음,교차로 - 교차로부근,승용,남,72세,상해없음,승용,여,52세,경상
2021123100100136,2021년 12월 31일 11시,금요일,전라남도 목포시 용당동,중상사고,0,1,0,0,차대사람 - 기타,안전운전불이행,건조,맑음,단일로 - 기타,승용,남,36세,상해없음,보행자,남,57세,중상
2021123100100165,2021년 12월 31일 12시,금요일,전라남도 여수시 웅천동,경상사고,0,0,1,0,차대차 - 측면충돌,안전운전불이행,건조,맑음,단일로 - 기타,승용,남,28세,상해없음,이륜,남,37세,경상
2021123100100211,2021년 12월 31일 13시,금요일,전라남도 장흥군 장흥읍,경상사고,0,0,4,0,차대차 - 측면충돌,안전운전불이행,건조,맑음,교차로 - 교차로안,승용,남,79세,상해없음,승용,남,52세,경상
2021123100100249,2021년 12월 31일 14시,금요일,전라남도 목포시 상동,경상사고,0,0,2,0,차대차 - 측면충돌,신호위반,젖음/습기,눈,교차로 - 교차로안,승용,남,44세,상해없음,승용,남,53세,경상
2021123100100250,2021년 12월 31일 14시,금요일,전라남도 여수시 미평동,경상사고,0,0,1,0,차대차 - 추돌,안전운전불이행,건조,맑음,단일로 - 기타,승용,남,65세,상해없음,승용,남,30세,경상
2021123100100251,2021년 12월 31일 14시,금요일,전라남도 나주시 노안면,경상사고,0,0,1,0,차대차 - 후진중충돌,안전운전불이행,건조,맑음,주차장 - 주차장,승용,남,61세,상해없음,승용,여,56세,경상
2021123100100299,2021년 12월 31일 15시,금요일,전라남도 여수시 봉산동,경상사고,0,0,1,0,차대차 - 추돌,안전운전불이행,건조,맑음,단일로 - 기타,승용,남,58세,상해없음,승용,남,75세,경상
2021123100100336,2021년 12월 31일 16시,금요일,전라남도 여수시 학동,경상사고,0,0,1,0,차대사람 - 기타,안전운전불이행,건조,맑음,단일로 - 기타,승용,남,61세,상해없음,보행자,여,42세,경상
2021123100100337,2021년 12월 31일 16시,금요일,전라남도 고흥군 봉래면,경상사고,0,0,1,0,차대차 - 기타,안전운전불이행,건조,맑음,교차로 - 교차로안,사륜오토바이(ATV),남,60세,상해없음,승용,여,60세,경상
2021123100100386,2021년 12월 31일 17시,금요일,전라남도 고흥군 고흥읍,중상사고,0,3,1,0,차대차 - 기타,직진우회전진행방해,건조,맑음,교차로 - 교차로안,승합,남,58세,상해없음,승용,여,48세,경상
2021123100100448,2021년 12월 31일 18시,금요일,전라남도 목포시 옥암동,경상사고,0,0,2,0,차대차 - 측면충돌,신호위반,건조,맑음,교차로 - 교차로안,승용,여,44세,상해없음,승용,남,46세,경상
2021123100100449,2021년 12월 31일 18시,금요일,전라남도 여수시 학동,경상사고,0,0,2,0,차대차 - 측면충돌,안전운전불이행,건조,맑음,교차로 - 교차로안,승용,남,66세,상해없음,승용,남,49세,경상
2021123100100450,2021년 12월 31일 18시,금요일,전라남도 여수시 신기동,경상사고,0,0,2,0,차대차 - 후진중충돌,안전운전불이행,건조,맑음,교차로 - 교차로안,승용,남,18세,상해없음,승용,남,28세,경상
2021123100100511,2021년 12월 31일 19시,금요일,전라남도 목포시 상동,경상사고,0,0,2,0,차대차 - 정면충돌,신호위반,건조,맑음,단일로 - 고가도로위,승용,남,22세,상해없음,승용,여,29세,경상
2021123100100512,2021년 12월 31일 19시,금요일,전라남도 여수시 선원동,중상사고,0,1,0,0,차대사람 - 기타,안전운전불이행,건조,맑음,기타 - 기타,원동기,남,17세,상해없음,보행자,남,4세,중상
2021123100100513,2021년 12월 31일 19시,금요일,전라남도 무안군 삼향읍,경상사고,0,0,3,0,차대차 - 기타,신호위반,건조,맑음,교차로 - 교차로안,승용,남,31세,상해없음,승용,남,40세,경상
2021123100100514,2021년 12월 31일 19시,금요일,전라남도 광양시 중동,경상사고,0,0,1,0,차대차 - 측면충돌,안전운전불이행,건조,맑음,기타 - 기타,이륜,남,21세,상해없음,승용,남,51세,경상
2021123100100554,2021년 12월 31일 20시,금요일,전라남도 광양시 광양읍,경상사고,0,0,1,0,차대차 - 추돌,기타,건조,맑음,교차로 - 교차로부근,승용,남,53세,상해없음,승합,남,30세,경상
2021123100100579,2021년 12월 31일 21시,금요일,전라남도 목포시 죽교동,경상사고,0,0,1,0,차대사람 - 기타,안전운전불이행,건조,맑음,기타 - 기타,기타불명,기타불명,미분류,기타불명,보행자,여,60세,경상
2021123100100580,2021년 12월 31일 21시,금요일,전라남도 여수시 문수동,중상사고,0,1,1,0,차대차 - 측면충돌,신호위반,건조,맑음,교차로 - 교차로안,이륜,남,26세,중상,승용,남,30세,경상
2021123100100615,2021년 12월 31일 22시,금요일,전라남도 목포시 옥암동,경상사고,0,0,5,0,차대차 - 측면충돌,안전운전불이행,건조,흐림,교차로 - 교차로안,승용,남,25세,기타불명,승용,남,31세,경상